,Area Name,Sex,Age,Value,Lower CI 95.0 limit,Upper CI 95.0 limit,Time period Sortable
9352,Darlington,Male,All ages,74.05272,72.81174,75.29369,2001
9654,Darlington,Male,All ages,74.66264,73.43718,75.88811,2002
9956,Darlington,Male,All ages,75.67269,74.51298,76.8324,2003
10258,Darlington,Male,All ages,74.05705,72.73576,75.37833,2004
10560,Darlington,Male,All ages,76.12504,74.86861,77.38146,2005
10862,Darlington,Male,All ages,75.69243,74.44282,76.94205,2006
11164,Darlington,Male,All ages,77.31413,76.13445,78.49382,2007
11466,Darlington,Male,All ages,76.29986,74.99113,77.6086,2008
11768,Darlington,Male,All ages,76.60114,75.41119,77.79109,2009
12070,Darlington,Male,All ages,78.71204,77.61142,79.81266,2010
12372,Darlington,Male,All ages,78.31805,77.13516,79.50094,2011
12670,Darlington,Male,All ages,78.62,77.52,79.72,2012
12976,Darlington,Male,All ages,77.84,76.53,79.14,2013
13282,Darlington,Male,All ages,77.89,76.71,79.06,2014
13588,Darlington,Male,All ages,78.04,76.96,79.13,2015
13894,Darlington,Male,All ages,78.58,77.39,79.77,2016
14200,Darlington,Male,All ages,78.5,77.29,79.7,2017
14506,Darlington,Male,All ages,78.89,77.7,80.09,2018
14808,Darlington,Male,All ages,78.82,77.66,79.98,2019
15110,Darlington,Male,All ages,76.57,75.36,77.79,2020
15412,Darlington,Male,All ages,77.46,76.2,78.73,2021
15714,Darlington,Male,All ages,77.5,76.4,78.6,2022
