,Area Name,Sex,Age,Value,Lower CI 95.0 limit,Upper CI 95.0 limit,Time period Sortable
9495,West Sussex,Male,All ages,77.59332,77.1675,78.01914,2001
9797,West Sussex,Male,All ages,77.74039,77.29997,78.18081,2002
10099,West Sussex,Male,All ages,77.75828,77.32133,78.19523,2003
10401,West Sussex,Male,All ages,78.29428,77.87742,78.71114,2004
10703,West Sussex,Male,All ages,78.8619,78.4336,79.29021,2005
11005,West Sussex,Male,All ages,78.97819,78.54261,79.41378,2006
11307,West Sussex,Male,All ages,78.78109,78.35244,79.20973,2007
11609,West Sussex,Male,All ages,79.34752,78.9421,79.75295,2008
11911,West Sussex,Male,All ages,79.62727,79.20774,80.04681,2009
12213,West Sussex,Male,All ages,80.08272,79.67601,80.48943,2010
12513,West Sussex,Male,All ages,80.57579,80.17219,80.97938,2011
12815,West Sussex,Male,All ages,80.35,79.95,80.76,2012
13121,West Sussex,Male,All ages,80.49,80.1,80.89,2013
13427,West Sussex,Male,All ages,80.77,80.38,81.16,2014
13733,West Sussex,Male,All ages,80.33,79.93,80.73,2015
14039,West Sussex,Male,All ages,80.73,80.34,81.12,2016
14345,West Sussex,Male,All ages,80.65,80.27,81.03,2017
14649,West Sussex,Male,All ages,80.89,80.5,81.28,2018
14951,West Sussex,Male,All ages,81.02,80.62,81.41,2019
15253,West Sussex,Male,All ages,80.27,79.91,80.64,2020
15555,West Sussex,Male,All ages,80.18,79.79,80.56,2021
15857,West Sussex,Male,All ages,80.44,80.05,80.83,2022
