,Area Name,Sex,Age,Value,Lower CI 95.0 limit,Upper CI 95.0 limit,Time period Sortable
9637,Norfolk,Female,All ages,82.08496,81.70907,82.46085,2001
9939,Norfolk,Female,All ages,81.30831,80.89835,81.71827,2002
10241,Norfolk,Female,All ages,81.85163,81.46131,82.24195,2003
10543,Norfolk,Female,All ages,82.16318,81.77976,82.54661,2004
10845,Norfolk,Female,All ages,82.64478,82.2654,83.02416,2005
11147,Norfolk,Female,All ages,82.64408,82.25644,83.03172,2006
11449,Norfolk,Female,All ages,82.9636,82.59017,83.33703,2007
11751,Norfolk,Female,All ages,82.71714,82.333,83.10129,2008
12053,Norfolk,Female,All ages,83.21912,82.8497,83.58853,2009
12355,Norfolk,Female,All ages,83.4146,83.04085,83.78835,2010
12653,Norfolk,Female,All ages,83.69095,83.31959,84.06231,2011
12959,Norfolk,Female,All ages,83.8,83.43,84.17,2012
13265,Norfolk,Female,All ages,83.35,82.97,83.72,2013
13571,Norfolk,Female,All ages,83.85,83.47,84.22,2014
13877,Norfolk,Female,All ages,83.49,83.11,83.86,2015
14183,Norfolk,Female,All ages,83.74,83.38,84.1,2016
14489,Norfolk,Female,All ages,83.87,83.52,84.22,2017
14791,Norfolk,Female,All ages,84.15,83.81,84.48,2018
15093,Norfolk,Female,All ages,84.01,83.63,84.39,2019
15395,Norfolk,Female,All ages,83.27,82.91,83.63,2020
15697,Norfolk,Female,All ages,83.24,82.88,83.6,2021
15999,Norfolk,Female,All ages,83.37,83.02,83.72,2022
