,Area Name,Sex,Age,Value,Lower CI 95.0 limit,Upper CI 95.0 limit,Time period Sortable
9417,Wigan,Male,All ages,73.96916,73.29355,74.64477,2001
9719,Wigan,Male,All ages,74.54772,73.86193,75.23352,2002
10021,Wigan,Male,All ages,74.63895,73.9597,75.3182,2003
10323,Wigan,Male,All ages,74.89332,74.26889,75.51774,2004
10625,Wigan,Male,All ages,75.66494,75.00533,76.32456,2005
10927,Wigan,Male,All ages,75.56513,74.87779,76.25247,2006
11229,Wigan,Male,All ages,75.11661,74.43879,75.79442,2007
11531,Wigan,Male,All ages,76.22242,75.55146,76.89338,2008
11833,Wigan,Male,All ages,76.58722,75.92081,77.25363,2009
12135,Wigan,Male,All ages,76.87912,76.24249,77.51574,2010
12435,Wigan,Male,All ages,77.45459,76.75989,78.1493,2011
12737,Wigan,Male,All ages,77.48,76.85,78.11,2012
13043,Wigan,Male,All ages,77.74,77.09,78.39,2013
13349,Wigan,Male,All ages,77.64,76.98,78.3,2014
13655,Wigan,Male,All ages,77.53,76.89,78.16,2015
13961,Wigan,Male,All ages,78.09,77.44,78.74,2016
14267,Wigan,Male,All ages,77.42,76.73,78.1,2017
14571,Wigan,Male,All ages,77.79,77.13,78.45,2018
14873,Wigan,Male,All ages,77.67,77.01,78.34,2019
15175,Wigan,Male,All ages,76.76,76.17,77.35,2020
15477,Wigan,Male,All ages,77.24,76.57,77.91,2021
15779,Wigan,Male,All ages,77.07,76.44,77.71,2022
