,Area Name,Sex,Age,Value,Lower CI 95.0 limit,Upper CI 95.0 limit,Time period Sortable
9467,Newham,Male,All ages,72.6919,71.82327,73.56053,2001
9769,Newham,Male,All ages,73.65008,72.77522,74.52495,2002
10071,Newham,Male,All ages,74.83218,73.83551,75.82886,2003
10373,Newham,Male,All ages,74.57333,73.62955,75.5171,2004
10675,Newham,Male,All ages,74.84172,73.93812,75.74532,2005
10977,Newham,Male,All ages,74.73565,73.7839,75.6874,2006
11279,Newham,Male,All ages,76.55675,75.64119,77.4723,2007
11581,Newham,Male,All ages,75.47392,74.6166,76.33124,2008
11883,Newham,Male,All ages,76.8952,75.88807,77.90234,2009
12185,Newham,Male,All ages,77.05658,76.12711,77.98604,2010
12485,Newham,Male,All ages,78.5373,77.55002,79.52457,2011
12787,Newham,Male,All ages,77.38,76.53,78.23,2012
13093,Newham,Male,All ages,78.93,78.08,79.77,2013
13399,Newham,Male,All ages,78.24,77.43,79.05,2014
13705,Newham,Male,All ages,78.36,77.51,79.21,2015
14011,Newham,Male,All ages,79.03,78.19,79.87,2016
14317,Newham,Male,All ages,78.82,78.0,79.64,2017
14621,Newham,Male,All ages,79.22,78.33,80.11,2018
14923,Newham,Male,All ages,78.9,78.06,79.73,2019
15225,Newham,Male,All ages,75.2,74.51,75.89,2020
15527,Newham,Male,All ages,75.76,75.0,76.52,2021
15829,Newham,Male,All ages,78.88,78.06,79.7,2022
