,Area Name,Sex,Age,Value,Lower CI 95.0 limit,Upper CI 95.0 limit,Time period Sortable
9591,Wakefield,Female,All ages,79.43559,78.78032,80.09085,2001
9893,Wakefield,Female,All ages,79.73707,79.10273,80.3714,2002
10195,Wakefield,Female,All ages,79.71995,79.05412,80.38578,2003
10497,Wakefield,Female,All ages,79.84457,79.16361,80.52553,2004
10799,Wakefield,Female,All ages,79.9962,79.33621,80.65619,2005
11101,Wakefield,Female,All ages,80.76923,80.14058,81.39788,2006
11403,Wakefield,Female,All ages,80.5061,79.88088,81.13131,2007
11705,Wakefield,Female,All ages,80.1666,79.54157,80.79164,2008
12007,Wakefield,Female,All ages,81.71851,81.08751,82.34951,2009
12309,Wakefield,Female,All ages,80.77459,80.13367,81.41552,2010
12607,Wakefield,Female,All ages,81.51201,80.8793,82.14472,2011
12913,Wakefield,Female,All ages,81.44,80.8,82.09,2012
13219,Wakefield,Female,All ages,82.01,81.4,82.63,2013
13525,Wakefield,Female,All ages,82.26,81.65,82.87,2014
13831,Wakefield,Female,All ages,81.66,81.05,82.27,2015
14137,Wakefield,Female,All ages,81.62,81.01,82.24,2016
14443,Wakefield,Female,All ages,82.01,81.45,82.58,2017
14745,Wakefield,Female,All ages,81.86,81.3,82.42,2018
15047,Wakefield,Female,All ages,81.65,81.03,82.26,2019
15349,Wakefield,Female,All ages,80.36,79.76,80.95,2020
15651,Wakefield,Female,All ages,81.39,80.81,81.98,2021
15953,Wakefield,Female,All ages,81.07,80.45,81.69,2022
