,Area Name,Sex,Age,Value,Lower CI 95.0 limit,Upper CI 95.0 limit,Time period Sortable
9411,Oldham,Male,All ages,73.94632,73.09627,74.79637,2001
9713,Oldham,Male,All ages,73.55086,72.72946,74.37226,2002
10015,Oldham,Male,All ages,73.7333,72.90971,74.55689,2003
10317,Oldham,Male,All ages,74.08178,73.25012,74.91345,2004
10619,Oldham,Male,All ages,74.7652,73.9668,75.56361,2005
10921,Oldham,Male,All ages,74.989,74.13515,75.84285,2006
11223,Oldham,Male,All ages,75.82887,75.02074,76.637,2007
11525,Oldham,Male,All ages,75.01567,74.20685,75.82449,2008
11827,Oldham,Male,All ages,75.38269,74.51256,76.25281,2009
12129,Oldham,Male,All ages,76.48211,75.63932,77.32489,2010
12429,Oldham,Male,All ages,76.76192,75.91939,77.60444,2011
12731,Oldham,Male,All ages,77.85,77.05,78.65,2012
13037,Oldham,Male,All ages,77.84,77.04,78.64,2013
13343,Oldham,Male,All ages,76.35,75.53,77.17,2014
13649,Oldham,Male,All ages,77.37,76.6,78.15,2015
13955,Oldham,Male,All ages,77.2,76.39,78.0,2016
14261,Oldham,Male,All ages,77.06,76.23,77.89,2017
14565,Oldham,Male,All ages,77.86,77.03,78.69,2018
14867,Oldham,Male,All ages,77.77,76.99,78.55,2019
15169,Oldham,Male,All ages,76.08,75.33,76.82,2020
15471,Oldham,Male,All ages,76.11,75.29,76.92,2021
15773,Oldham,Male,All ages,76.83,76.08,77.57,2022
