,Area Name,Sex,Age,Value,Lower CI 95.0 limit,Upper CI 95.0 limit,Time period Sortable
9392,County Durham,Male,All ages,74.48106,73.92573,75.03638,2001
9694,County Durham,Male,All ages,75.04409,74.49879,75.58938,2002
9996,County Durham,Male,All ages,75.18126,74.66572,75.69679,2003
10298,County Durham,Male,All ages,75.51816,74.97451,76.06182,2004
10600,County Durham,Male,All ages,75.95204,75.41866,76.48543,2005
10902,County Durham,Male,All ages,76.26881,75.73232,76.80531,2006
11204,County Durham,Male,All ages,77.2362,76.72662,77.74579,2007
11506,County Durham,Male,All ages,76.56094,76.03803,77.08384,2008
11808,County Durham,Male,All ages,76.68957,76.14739,77.23175,2009
12110,County Durham,Male,All ages,77.64527,77.11671,78.17384,2010
12412,County Durham,Male,All ages,77.86301,77.32273,78.40329,2011
12710,County Durham,Male,All ages,78.01,77.51,78.51,2012
13016,County Durham,Male,All ages,77.93,77.4,78.45,2013
13322,County Durham,Male,All ages,77.91,77.37,78.45,2014
13628,County Durham,Male,All ages,78.21,77.68,78.73,2015
13934,County Durham,Male,All ages,77.87,77.32,78.41,2016
14240,County Durham,Male,All ages,78.52,78.0,79.05,2017
14546,County Durham,Male,All ages,78.07,77.55,78.6,2018
14848,County Durham,Male,All ages,78.08,77.56,78.6,2019
15150,County Durham,Male,All ages,76.68,76.15,77.22,2020
15452,County Durham,Male,All ages,76.84,76.3,77.38,2021
15754,County Durham,Male,All ages,77.94,77.43,78.45,2022
