,Area Name,Sex,Age,Value,Lower CI 95.0 limit,Upper CI 95.0 limit,Time period Sortable
9423,Barnsley,Male,All ages,74.13744,73.29594,74.97894,2001
9725,Barnsley,Male,All ages,74.99196,74.21891,75.765,2002
10027,Barnsley,Male,All ages,74.684,73.87808,75.48993,2003
10329,Barnsley,Male,All ages,75.31849,74.51719,76.11978,2004
10631,Barnsley,Male,All ages,75.07927,74.24689,75.91165,2005
10933,Barnsley,Male,All ages,75.78784,74.99132,76.58436,2006
11235,Barnsley,Male,All ages,75.75498,74.97562,76.53434,2007
11537,Barnsley,Male,All ages,76.73344,76.01729,77.44959,2008
11839,Barnsley,Male,All ages,76.98554,76.19866,77.77243,2009
12141,Barnsley,Male,All ages,77.10133,76.32449,77.87817,2010
12441,Barnsley,Male,All ages,77.69999,76.9233,78.47669,2011
12743,Barnsley,Male,All ages,78.24,77.47,79.01,2012
13049,Barnsley,Male,All ages,78.0,77.23,78.78,2013
13355,Barnsley,Male,All ages,78.46,77.67,79.24,2014
13661,Barnsley,Male,All ages,77.15,76.33,77.97,2015
13967,Barnsley,Male,All ages,78.89,78.14,79.63,2016
14273,Barnsley,Male,All ages,78.07,77.35,78.78,2017
14577,Barnsley,Male,All ages,77.07,76.27,77.87,2018
14879,Barnsley,Male,All ages,77.81,77.05,78.56,2019
15181,Barnsley,Male,All ages,76.07,75.35,76.78,2020
15483,Barnsley,Male,All ages,75.68,74.88,76.49,2021
15785,Barnsley,Male,All ages,76.54,75.75,77.33,2022
