,Area Name,Sex,Age,Value,Lower CI 95.0 limit,Upper CI 95.0 limit,Time period Sortable
9553,North Northamptonshire,Female,All ages,81.26425,80.61632,81.91219,2001
9855,North Northamptonshire,Female,All ages,80.12323,79.44049,80.80597,2002
10157,North Northamptonshire,Female,All ages,80.71317,80.03704,81.38929,2003
10459,North Northamptonshire,Female,All ages,81.26873,80.64865,81.88881,2004
10761,North Northamptonshire,Female,All ages,80.64315,79.98122,81.30508,2005
11063,North Northamptonshire,Female,All ages,81.44673,80.79827,82.0952,2006
11365,North Northamptonshire,Female,All ages,81.48181,80.81189,82.15173,2007
11667,North Northamptonshire,Female,All ages,81.81231,81.20619,82.41842,2008
11969,North Northamptonshire,Female,All ages,81.77541,81.12186,82.42896,2009
12271,North Northamptonshire,Female,All ages,81.94214,81.30796,82.57631,2010
12571,North Northamptonshire,Female,All ages,82.47087,81.80824,83.13349,2011
12873,North Northamptonshire,Female,All ages,82.86,82.21,83.51,2012
13179,North Northamptonshire,Female,All ages,82.95,82.33,83.56,2013
13485,North Northamptonshire,Female,All ages,83.35,82.75,83.95,2014
13791,North Northamptonshire,Female,All ages,82.46,81.86,83.05,2015
14097,North Northamptonshire,Female,All ages,82.66,82.05,83.27,2016
14403,North Northamptonshire,Female,All ages,81.91,81.29,82.54,2017
14707,North Northamptonshire,Female,All ages,82.42,81.84,83.01,2018
15009,North Northamptonshire,Female,All ages,83.11,82.51,83.71,2019
15311,North Northamptonshire,Female,All ages,82.04,81.46,82.62,2020
15613,North Northamptonshire,Female,All ages,82.12,81.51,82.72,2021
15915,North Northamptonshire,Female,All ages,82.56,82.0,83.11,2022
