,Area Name,Sex,Age,Value,Lower CI 95.0 limit,Upper CI 95.0 limit,Time period Sortable
9616,Newham,Female,All ages,79.00725,78.12316,79.89133,2001
9918,Newham,Female,All ages,78.90638,78.01319,79.79956,2002
10220,Newham,Female,All ages,78.62604,77.76358,79.48849,2003
10522,Newham,Female,All ages,78.82489,77.94428,79.70551,2004
10824,Newham,Female,All ages,79.01613,78.16561,79.86665,2005
11126,Newham,Female,All ages,80.19871,79.3527,81.04471,2006
11428,Newham,Female,All ages,80.02872,79.13333,80.92412,2007
11730,Newham,Female,All ages,80.67986,79.80074,81.55898,2008
12032,Newham,Female,All ages,81.1595,80.22988,82.08912,2009
12334,Newham,Female,All ages,82.06322,81.14641,82.98002,2010
12632,Newham,Female,All ages,82.36345,81.43661,83.2903,2011
12938,Newham,Female,All ages,82.91,82.05,83.77,2012
13244,Newham,Female,All ages,81.75,80.92,82.58,2013
13550,Newham,Female,All ages,83.64,82.8,84.47,2014
13856,Newham,Female,All ages,81.45,80.66,82.24,2015
14162,Newham,Female,All ages,83.19,82.31,84.06,2016
14468,Newham,Female,All ages,82.5,81.72,83.29,2017
14770,Newham,Female,All ages,82.19,81.42,82.96,2018
15072,Newham,Female,All ages,83.46,82.56,84.36,2019
15374,Newham,Female,All ages,81.03,80.26,81.8,2020
15676,Newham,Female,All ages,80.74,79.98,81.5,2021
15978,Newham,Female,All ages,83.02,82.22,83.82,2022
