,Area Name,Sex,Age,Value,Lower CI 95.0 limit,Upper CI 95.0 limit,Time period Sortable
9458,Havering,Male,All ages,76.87866,76.1304,77.62692,2001
9760,Havering,Male,All ages,76.07648,75.26923,76.88374,2002
10062,Havering,Male,All ages,77.01631,76.2991,77.73352,2003
10364,Havering,Male,All ages,78.06718,77.34643,78.78793,2004
10666,Havering,Male,All ages,78.11445,77.38727,78.84164,2005
10968,Havering,Male,All ages,78.10407,77.31092,78.89723,2006
11270,Havering,Male,All ages,78.31319,77.55454,79.07184,2007
11572,Havering,Male,All ages,78.56171,77.80473,79.31869,2008
11874,Havering,Male,All ages,78.8854,78.15945,79.61135,2009
12176,Havering,Male,All ages,78.35197,77.53828,79.16565,2010
12476,Havering,Male,All ages,79.57145,78.75933,80.38356,2011
12778,Havering,Male,All ages,79.56,78.83,80.29,2012
13084,Havering,Male,All ages,79.72,78.95,80.48,2013
13390,Havering,Male,All ages,81.02,80.3,81.73,2014
13696,Havering,Male,All ages,80.08,79.39,80.76,2015
14002,Havering,Male,All ages,79.51,78.79,80.23,2016
14308,Havering,Male,All ages,79.27,78.56,79.98,2017
14612,Havering,Male,All ages,80.51,79.83,81.2,2018
14914,Havering,Male,All ages,80.71,80.03,81.4,2019
15216,Havering,Male,All ages,78.2,77.52,78.88,2020
15518,Havering,Male,All ages,78.95,78.21,79.69,2021
15820,Havering,Male,All ages,80.18,79.47,80.89,2022
