,Area Name,Sex,Age,Value,Lower CI 95.0 limit,Upper CI 95.0 limit,Time period Sortable
9439,Calderdale,Male,All ages,75.44276,74.51971,76.36582,2001
9741,Calderdale,Male,All ages,75.13008,74.24925,76.01092,2002
10043,Calderdale,Male,All ages,75.35052,74.44147,76.25957,2003
10345,Calderdale,Male,All ages,75.34649,74.45953,76.23345,2004
10647,Calderdale,Male,All ages,76.23031,75.32184,77.13879,2005
10949,Calderdale,Male,All ages,76.13625,75.24785,77.02466,2006
11251,Calderdale,Male,All ages,77.07166,76.16368,77.97964,2007
11553,Calderdale,Male,All ages,77.0654,76.16925,77.96154,2008
11855,Calderdale,Male,All ages,76.67903,75.7388,77.61926,2009
12157,Calderdale,Male,All ages,76.62511,75.7363,77.51393,2010
12457,Calderdale,Male,All ages,77.27369,76.40262,78.14476,2011
12759,Calderdale,Male,All ages,78.23,77.44,79.03,2012
13065,Calderdale,Male,All ages,78.16,77.37,78.94,2013
13371,Calderdale,Male,All ages,78.42,77.57,79.26,2014
13677,Calderdale,Male,All ages,79.02,78.25,79.78,2015
13983,Calderdale,Male,All ages,78.47,77.65,79.29,2016
14289,Calderdale,Male,All ages,78.02,77.18,78.86,2017
14593,Calderdale,Male,All ages,78.1,77.25,78.95,2018
14895,Calderdale,Male,All ages,79.49,78.62,80.35,2019
15197,Calderdale,Male,All ages,77.69,76.91,78.47,2020
15499,Calderdale,Male,All ages,77.05,76.22,77.88,2021
15801,Calderdale,Male,All ages,77.71,76.84,78.58,2022
