,Area Name,Sex,Age,Value,Lower CI 95.0 limit,Upper CI 95.0 limit,Time period Sortable
9412,Rochdale,Male,All ages,73.92075,73.03779,74.80371,2001
9714,Rochdale,Male,All ages,74.0775,73.19335,74.96165,2002
10016,Rochdale,Male,All ages,73.55576,72.67319,74.43832,2003
10318,Rochdale,Male,All ages,74.49657,73.65878,75.33436,2004
10620,Rochdale,Male,All ages,75.01994,74.19471,75.84518,2005
10922,Rochdale,Male,All ages,75.16932,74.32373,76.01491,2006
11224,Rochdale,Male,All ages,74.95273,74.08304,75.82242,2007
11526,Rochdale,Male,All ages,76.37643,75.55543,77.19743,2008
11828,Rochdale,Male,All ages,75.81203,74.94533,76.67873,2009
12130,Rochdale,Male,All ages,76.36244,75.50455,77.22033,2010
12430,Rochdale,Male,All ages,76.57316,75.71649,77.42983,2011
12732,Rochdale,Male,All ages,77.22,76.39,78.05,2012
13038,Rochdale,Male,All ages,77.4,76.54,78.26,2013
13344,Rochdale,Male,All ages,76.55,75.71,77.39,2014
13650,Rochdale,Male,All ages,77.46,76.65,78.28,2015
13956,Rochdale,Male,All ages,77.15,76.34,77.97,2016
14262,Rochdale,Male,All ages,76.76,75.93,77.6,2017
14566,Rochdale,Male,All ages,77.09,76.24,77.94,2018
14868,Rochdale,Male,All ages,77.53,76.7,78.36,2019
15170,Rochdale,Male,All ages,75.2,74.43,75.96,2020
15472,Rochdale,Male,All ages,75.18,74.34,76.02,2021
15774,Rochdale,Male,All ages,76.69,75.89,77.5,2022
