,Area Name,Sex,Age,Value,Lower CI 95.0 limit,Upper CI 95.0 limit,Time period Sortable
9387,Milton Keynes,Male,All ages,76.6679,75.80278,77.53301,2001
9689,Milton Keynes,Male,All ages,76.27412,75.4435,77.10474,2002
9991,Milton Keynes,Male,All ages,76.25396,75.3707,77.13721,2003
10293,Milton Keynes,Male,All ages,76.02112,75.16319,76.87906,2004
10595,Milton Keynes,Male,All ages,77.30871,76.44681,78.17062,2005
10897,Milton Keynes,Male,All ages,78.41335,77.55767,79.26903,2006
11199,Milton Keynes,Male,All ages,77.67206,76.80773,78.53639,2007
11501,Milton Keynes,Male,All ages,77.36896,76.53596,78.20196,2008
11803,Milton Keynes,Male,All ages,77.95583,77.11673,78.79493,2009
12105,Milton Keynes,Male,All ages,77.88574,77.043,78.72849,2010
12407,Milton Keynes,Male,All ages,78.95948,78.18719,79.73176,2011
12705,Milton Keynes,Male,All ages,79.06,78.28,79.83,2012
13011,Milton Keynes,Male,All ages,79.12,78.32,79.93,2013
13317,Milton Keynes,Male,All ages,79.07,78.3,79.85,2014
13623,Milton Keynes,Male,All ages,79.3,78.58,80.03,2015
13929,Milton Keynes,Male,All ages,79.17,78.4,79.94,2016
14235,Milton Keynes,Male,All ages,79.02,78.27,79.77,2017
14541,Milton Keynes,Male,All ages,79.65,78.91,80.39,2018
14843,Milton Keynes,Male,All ages,79.98,79.24,80.71,2019
15145,Milton Keynes,Male,All ages,78.63,77.94,79.32,2020
15447,Milton Keynes,Male,All ages,79.47,78.73,80.21,2021
15749,Milton Keynes,Male,All ages,79.5,78.77,80.23,2022
