,Area Name,Sex,Age,Value,Lower CI 95.0 limit,Upper CI 95.0 limit,Time period Sortable
9408,Bolton,Male,All ages,74.68828,73.92518,75.45138,2001
9710,Bolton,Male,All ages,74.07784,73.28587,74.86981,2002
10012,Bolton,Male,All ages,74.20249,73.44517,74.95981,2003
10314,Bolton,Male,All ages,75.04386,74.26444,75.82327,2004
10616,Bolton,Male,All ages,74.71418,73.95027,75.47808,2005
10918,Bolton,Male,All ages,76.01188,75.2397,76.78407,2006
11220,Bolton,Male,All ages,75.00563,74.26521,75.74606,2007
11522,Bolton,Male,All ages,75.70624,74.92511,76.48737,2008
11824,Bolton,Male,All ages,76.56892,75.81398,77.32387,2009
12126,Bolton,Male,All ages,77.33147,76.58898,78.07396,2010
12426,Bolton,Male,All ages,77.50671,76.76883,78.24459,2011
12728,Bolton,Male,All ages,77.07,76.37,77.78,2012
13034,Bolton,Male,All ages,77.95,77.25,78.65,2013
13340,Bolton,Male,All ages,78.81,78.11,79.52,2014
13646,Bolton,Male,All ages,77.58,76.89,78.28,2015
13952,Bolton,Male,All ages,78.16,77.48,78.85,2016
14258,Bolton,Male,All ages,77.63,76.89,78.37,2017
14562,Bolton,Male,All ages,78.11,77.39,78.83,2018
14864,Bolton,Male,All ages,77.52,76.79,78.26,2019
15166,Bolton,Male,All ages,76.5,75.81,77.19,2020
15468,Bolton,Male,All ages,76.68,75.98,77.39,2021
15770,Bolton,Male,All ages,76.7,75.99,77.41,2022
