,Area Name,Sex,Age,Value,Lower CI 95.0 limit,Upper CI 95.0 limit,Time period Sortable
9413,Salford,Male,All ages,72.75219,71.89429,73.61009,2001
9715,Salford,Male,All ages,73.44802,72.629,74.26703,2002
10017,Salford,Male,All ages,73.44169,72.66634,74.21704,2003
10319,Salford,Male,All ages,73.33964,72.51198,74.16729,2004
10621,Salford,Male,All ages,74.4877,73.7117,75.2637,2005
10923,Salford,Male,All ages,74.5386,73.72551,75.35169,2006
11225,Salford,Male,All ages,74.7736,73.98444,75.56276,2007
11527,Salford,Male,All ages,74.11486,73.31761,74.91211,2008
11829,Salford,Male,All ages,74.96661,74.19259,75.74063,2009
12131,Salford,Male,All ages,74.95486,74.15167,75.75805,2010
12431,Salford,Male,All ages,76.55987,75.7596,77.36014,2011
12733,Salford,Male,All ages,76.39,75.61,77.18,2012
13039,Salford,Male,All ages,76.72,75.93,77.5,2013
13345,Salford,Male,All ages,76.85,76.07,77.63,2014
13651,Salford,Male,All ages,76.44,75.64,77.23,2015
13957,Salford,Male,All ages,76.95,76.17,77.73,2016
14263,Salford,Male,All ages,76.81,76.02,77.61,2017
14567,Salford,Male,All ages,77.57,76.8,78.34,2018
14869,Salford,Male,All ages,78.24,77.5,78.98,2019
15171,Salford,Male,All ages,75.57,74.88,76.25,2020
15473,Salford,Male,All ages,75.73,74.95,76.5,2021
15775,Salford,Male,All ages,76.43,75.72,77.15,2022
