,Area Name,Sex,Age,Value,Lower CI 95.0 limit,Upper CI 95.0 limit,Time period Sortable
9580,Birmingham,Female,All ages,79.67635,79.27723,80.07547,2001
9882,Birmingham,Female,All ages,79.77922,79.38858,80.16986,2002
10184,Birmingham,Female,All ages,79.34881,78.95342,79.7442,2003
10486,Birmingham,Female,All ages,80.35668,79.96135,80.75202,2004
10788,Birmingham,Female,All ages,80.43371,80.04845,80.81897,2005
11090,Birmingham,Female,All ages,80.59059,80.1889,80.99228,2006
11392,Birmingham,Female,All ages,80.96343,80.57694,81.34991,2007
11694,Birmingham,Female,All ages,80.97588,80.58666,81.36509,2008
11996,Birmingham,Female,All ages,81.71308,81.31312,82.11304,2009
12298,Birmingham,Female,All ages,81.7501,81.36435,82.13585,2010
12596,Birmingham,Female,All ages,81.97841,81.58552,82.37131,2011
12902,Birmingham,Female,All ages,82.08,81.7,82.45,2012
13208,Birmingham,Female,All ages,82.02,81.64,82.39,2013
13514,Birmingham,Female,All ages,81.98,81.59,82.38,2014
13820,Birmingham,Female,All ages,81.86,81.49,82.24,2015
14126,Birmingham,Female,All ages,82.01,81.62,82.4,2016
14432,Birmingham,Female,All ages,82.23,81.86,82.6,2017
14734,Birmingham,Female,All ages,82.16,81.79,82.54,2018
15036,Birmingham,Female,All ages,82.9,82.52,83.28,2019
15338,Birmingham,Female,All ages,80.7,80.34,81.05,2020
15640,Birmingham,Female,All ages,80.76,80.38,81.14,2021
15942,Birmingham,Female,All ages,81.82,81.45,82.2,2022
