,Area Name,Sex,Age,Value,Lower CI 95.0 limit,Upper CI 95.0 limit,Time period Sortable
9543,Cheshire West and Chester,Female,All ages,80.90571,80.26531,81.54611,2001
9845,Cheshire West and Chester,Female,All ages,80.41638,79.77859,81.05416,2002
10147,Cheshire West and Chester,Female,All ages,80.97814,80.34955,81.60673,2003
10449,Cheshire West and Chester,Female,All ages,81.69476,81.06638,82.32314,2004
10751,Cheshire West and Chester,Female,All ages,81.16785,80.54158,81.79411,2005
11053,Cheshire West and Chester,Female,All ages,81.84091,81.21055,82.47126,2006
11355,Cheshire West and Chester,Female,All ages,81.85568,81.26821,82.44316,2007
11657,Cheshire West and Chester,Female,All ages,81.82885,81.26136,82.39634,2008
11959,Cheshire West and Chester,Female,All ages,82.20492,81.55892,82.85093,2009
12261,Cheshire West and Chester,Female,All ages,82.61326,82.02473,83.2018,2010
12561,Cheshire West and Chester,Female,All ages,82.82673,82.22158,83.43188,2011
12863,Cheshire West and Chester,Female,All ages,82.79,82.22,83.35,2012
13169,Cheshire West and Chester,Female,All ages,83.88,83.32,84.44,2013
13475,Cheshire West and Chester,Female,All ages,83.13,82.53,83.72,2014
13781,Cheshire West and Chester,Female,All ages,82.8,82.2,83.4,2015
14087,Cheshire West and Chester,Female,All ages,82.59,81.97,83.21,2016
14393,Cheshire West and Chester,Female,All ages,83.08,82.5,83.66,2017
14697,Cheshire West and Chester,Female,All ages,83.5,82.97,84.02,2018
14999,Cheshire West and Chester,Female,All ages,83.58,83.0,84.16,2019
15301,Cheshire West and Chester,Female,All ages,83.25,82.73,83.78,2020
15603,Cheshire West and Chester,Female,All ages,83.22,82.62,83.81,2021
15905,Cheshire West and Chester,Female,All ages,84.08,83.57,84.59,2022
