,Area Name,Sex,Age,Value,Lower CI 95.0 limit,Upper CI 95.0 limit,Time period Sortable
9568,Liverpool,Female,All ages,77.26611,76.69528,77.83694,2001
9870,Liverpool,Female,All ages,77.91042,77.37445,78.44638,2002
10172,Liverpool,Female,All ages,77.96566,77.43565,78.49566,2003
10474,Liverpool,Female,All ages,78.08446,77.53427,78.63466,2004
10776,Liverpool,Female,All ages,78.39425,77.82096,78.96754,2005
11078,Liverpool,Female,All ages,78.82997,78.27628,79.38367,2006
11380,Liverpool,Female,All ages,79.26582,78.70856,79.82307,2007
11682,Liverpool,Female,All ages,78.85472,78.30193,79.40751,2008
11984,Liverpool,Female,All ages,80.1441,79.60076,80.68745,2009
12286,Liverpool,Female,All ages,79.47966,78.90638,80.05294,2010
12584,Liverpool,Female,All ages,80.35601,79.83025,80.88176,2011
12890,Liverpool,Female,All ages,80.48,79.95,81.02,2012
13196,Liverpool,Female,All ages,80.32,79.8,80.84,2013
13502,Liverpool,Female,All ages,80.55,79.98,81.12,2014
13808,Liverpool,Female,All ages,80.39,79.86,80.93,2015
14114,Liverpool,Female,All ages,79.99,79.44,80.55,2016
14420,Liverpool,Female,All ages,80.31,79.77,80.85,2017
14722,Liverpool,Female,All ages,80.0,79.44,80.55,2018
15024,Liverpool,Female,All ages,80.87,80.35,81.39,2019
15326,Liverpool,Female,All ages,79.04,78.52,79.56,2020
15628,Liverpool,Female,All ages,78.7,78.15,79.26,2021
15930,Liverpool,Female,All ages,80.24,79.7,80.79,2022
