,Area Name,Sex,Age,Value,Lower CI 95.0 limit,Upper CI 95.0 limit,Time period Sortable
9380,Medway,Male,All ages,75.26494,74.52334,76.00653,2001
9682,Medway,Male,All ages,75.08893,74.26506,75.91281,2002
9984,Medway,Male,All ages,75.8919,75.13712,76.64669,2003
10286,Medway,Male,All ages,76.5308,75.76424,77.29737,2004
10588,Medway,Male,All ages,76.58129,75.83179,77.33079,2005
10890,Medway,Male,All ages,75.92749,75.1352,76.71978,2006
11192,Medway,Male,All ages,77.05129,76.30604,77.79655,2007
11494,Medway,Male,All ages,77.2599,76.5312,77.98861,2008
11796,Medway,Male,All ages,77.7232,76.94967,78.49672,2009
12098,Medway,Male,All ages,78.1382,77.42288,78.85351,2010
12400,Medway,Male,All ages,78.66373,77.92445,79.403,2011
12698,Medway,Male,All ages,78.65,77.97,79.33,2012
13004,Medway,Male,All ages,78.84,78.11,79.57,2013
13310,Medway,Male,All ages,78.51,77.76,79.27,2014
13616,Medway,Male,All ages,78.05,77.33,78.77,2015
13922,Medway,Male,All ages,78.88,78.19,79.58,2016
14228,Medway,Male,All ages,79.47,78.74,80.2,2017
14534,Medway,Male,All ages,78.75,78.06,79.44,2018
14836,Medway,Male,All ages,79.11,78.4,79.81,2019
15138,Medway,Male,All ages,77.36,76.68,78.04,2020
15440,Medway,Male,All ages,76.95,76.24,77.67,2021
15742,Medway,Male,All ages,78.66,77.95,79.36,2022
