,Area Name,Sex,Age,Value,Lower CI 95.0 limit,Upper CI 95.0 limit,Time period Sortable
9627,Devon,Female,All ages,81.79419,81.34515,82.24322,2001
9929,Devon,Female,All ages,82.661,82.26955,83.05245,2002
10231,Devon,Female,All ages,82.34554,81.95593,82.73514,2003
10533,Devon,Female,All ages,82.6171,82.18884,83.04536,2004
10835,Devon,Female,All ages,83.07002,82.65571,83.48434,2005
11137,Devon,Female,All ages,83.30144,82.88677,83.7161,2006
11439,Devon,Female,All ages,83.63956,83.24859,84.03054,2007
11741,Devon,Female,All ages,83.31891,82.93768,83.70015,2008
12043,Devon,Female,All ages,83.43583,83.02735,83.84431,2009
12345,Devon,Female,All ages,83.94198,83.53641,84.34755,2010
12643,Devon,Female,All ages,84.01501,83.62408,84.40594,2011
12949,Devon,Female,All ages,83.79,83.39,84.19,2012
13255,Devon,Female,All ages,84.54,84.17,84.91,2013
13561,Devon,Female,All ages,84.44,84.05,84.83,2014
13867,Devon,Female,All ages,84.31,83.95,84.68,2015
14173,Devon,Female,All ages,83.73,83.33,84.12,2016
14479,Devon,Female,All ages,84.39,84.0,84.77,2017
14781,Devon,Female,All ages,84.16,83.78,84.55,2018
15083,Devon,Female,All ages,84.67,84.28,85.05,2019
15385,Devon,Female,All ages,84.81,84.44,85.17,2020
15687,Devon,Female,All ages,84.89,84.53,85.25,2021
15989,Devon,Female,All ages,84.59,84.23,84.96,2022
