,Area Name,Sex,Age,Value,Lower CI 95.0 limit,Upper CI 95.0 limit,Time period Sortable
9462,Kensington and Chelsea,Male,All ages,78.96122,77.87715,80.04528,2001
9764,Kensington and Chelsea,Male,All ages,78.829,77.58887,80.06912,2002
10066,Kensington and Chelsea,Male,All ages,79.34038,78.24938,80.43139,2003
10368,Kensington and Chelsea,Male,All ages,80.9058,79.70343,82.10817,2004
10670,Kensington and Chelsea,Male,All ages,81.18462,79.96663,82.4026,2005
10972,Kensington and Chelsea,Male,All ages,81.95459,80.70901,83.20017,2006
11274,Kensington and Chelsea,Male,All ages,81.35877,80.0734,82.64415,2007
11576,Kensington and Chelsea,Male,All ages,81.72349,80.54155,82.90542,2008
11878,Kensington and Chelsea,Male,All ages,81.29737,79.98083,82.6139,2009
12180,Kensington and Chelsea,Male,All ages,81.48351,80.35002,82.617,2010
12480,Kensington and Chelsea,Male,All ages,81.5266,80.38172,82.67148,2011
12782,Kensington and Chelsea,Male,All ages,82.13,80.96,83.31,2012
13088,Kensington and Chelsea,Male,All ages,82.44,81.38,83.51,2013
13394,Kensington and Chelsea,Male,All ages,82.96,81.77,84.16,2014
13700,Kensington and Chelsea,Male,All ages,82.62,81.53,83.72,2015
14006,Kensington and Chelsea,Male,All ages,82.38,81.16,83.6,2016
14312,Kensington and Chelsea,Male,All ages,80.42,79.17,81.67,2017
14616,Kensington and Chelsea,Male,All ages,81.95,80.84,83.05,2018
14918,Kensington and Chelsea,Male,All ages,82.69,81.55,83.83,2019
15220,Kensington and Chelsea,Male,All ages,80.1,79.01,81.19,2020
15522,Kensington and Chelsea,Male,All ages,80.71,79.75,81.67,2021
15824,Kensington and Chelsea,Male,All ages,81.23,80.23,82.23,2022
