,Area Name,Sex,Age,Value,Lower CI 95.0 limit,Upper CI 95.0 limit,Time period Sortable
9518,Bath and North East Somerset,Female,All ages,83.38614,82.57294,84.19934,2001
9820,Bath and North East Somerset,Female,All ages,82.57958,81.76666,83.3925,2002
10122,Bath and North East Somerset,Female,All ages,83.09247,82.34801,83.83692,2003
10424,Bath and North East Somerset,Female,All ages,82.7062,81.93466,83.47773,2004
10726,Bath and North East Somerset,Female,All ages,82.61049,81.79802,83.42296,2005
11028,Bath and North East Somerset,Female,All ages,83.44237,82.57163,84.31311,2006
11330,Bath and North East Somerset,Female,All ages,83.13101,82.23827,84.02376,2007
11632,Bath and North East Somerset,Female,All ages,83.54406,82.78379,84.30433,2008
11934,Bath and North East Somerset,Female,All ages,83.98158,83.18484,84.77832,2009
12236,Bath and North East Somerset,Female,All ages,83.84927,83.09282,84.60572,2010
12536,Bath and North East Somerset,Female,All ages,84.51687,83.67113,85.3626,2011
12838,Bath and North East Somerset,Female,All ages,84.51,83.75,85.28,2012
13144,Bath and North East Somerset,Female,All ages,84.1,83.32,84.88,2013
13450,Bath and North East Somerset,Female,All ages,85.29,84.53,86.06,2014
13756,Bath and North East Somerset,Female,All ages,83.79,82.96,84.62,2015
14062,Bath and North East Somerset,Female,All ages,84.64,83.88,85.4,2016
14368,Bath and North East Somerset,Female,All ages,85.17,84.47,85.87,2017
14672,Bath and North East Somerset,Female,All ages,85.34,84.63,86.06,2018
14974,Bath and North East Somerset,Female,All ages,84.85,84.0,85.7,2019
15276,Bath and North East Somerset,Female,All ages,84.82,84.08,85.56,2020
15578,Bath and North East Somerset,Female,All ages,84.53,83.73,85.32,2021
15880,Bath and North East Somerset,Female,All ages,84.92,84.21,85.63,2022
