,Area Name,Sex,Age,Value,Lower CI 95.0 limit,Upper CI 95.0 limit,Time period Sortable
9435,Solihull,Male,All ages,77.12589,76.23384,78.01794,2001
9737,Solihull,Male,All ages,77.57877,76.78676,78.37078,2002
10039,Solihull,Male,All ages,77.9251,77.05669,78.79351,2003
10341,Solihull,Male,All ages,78.98037,78.13019,79.83055,2004
10643,Solihull,Male,All ages,78.25586,77.35307,79.15866,2005
10945,Solihull,Male,All ages,77.61434,76.72859,78.50009,2006
11247,Solihull,Male,All ages,79.03607,78.21304,79.8591,2007
11549,Solihull,Male,All ages,79.41462,78.56093,80.2683,2008
11851,Solihull,Male,All ages,81.10871,80.24834,81.96907,2009
12153,Solihull,Male,All ages,80.97845,80.15147,81.80544,2010
12453,Solihull,Male,All ages,80.41453,79.59617,81.23289,2011
12755,Solihull,Male,All ages,80.12,79.28,80.96,2012
13061,Solihull,Male,All ages,79.98,79.15,80.81,2013
13367,Solihull,Male,All ages,80.41,79.55,81.27,2014
13673,Solihull,Male,All ages,81.05,80.21,81.88,2015
13979,Solihull,Male,All ages,80.09,79.28,80.9,2016
14285,Solihull,Male,All ages,79.74,78.82,80.67,2017
14589,Solihull,Male,All ages,81.13,80.32,81.93,2018
14891,Solihull,Male,All ages,81.39,80.55,82.22,2019
15193,Solihull,Male,All ages,79.17,78.36,79.98,2020
15495,Solihull,Male,All ages,79.57,78.74,80.39,2021
15797,Solihull,Male,All ages,79.88,79.11,80.65,2022
