,Area Name,Sex,Age,Value,Lower CI 95.0 limit,Upper CI 95.0 limit,Time period Sortable
9427,Newcastle upon Tyne,Male,All ages,74.02902,73.28646,74.77159,2001
9729,Newcastle upon Tyne,Male,All ages,73.95826,73.19872,74.71781,2002
10031,Newcastle upon Tyne,Male,All ages,74.53018,73.78993,75.27043,2003
10333,Newcastle upon Tyne,Male,All ages,74.21323,73.40716,75.0193,2004
10635,Newcastle upon Tyne,Male,All ages,75.12417,74.34702,75.90132,2005
10937,Newcastle upon Tyne,Male,All ages,75.3681,74.63596,76.10023,2006
11239,Newcastle upon Tyne,Male,All ages,75.7287,74.98643,76.47097,2007
11541,Newcastle upon Tyne,Male,All ages,75.02812,74.26888,75.78736,2008
11843,Newcastle upon Tyne,Male,All ages,76.83424,76.12508,77.54339,2009
12145,Newcastle upon Tyne,Male,All ages,77.19819,76.48039,77.91599,2010
12445,Newcastle upon Tyne,Male,All ages,77.47687,76.74645,78.20728,2011
12747,Newcastle upon Tyne,Male,All ages,77.64,76.91,78.37,2012
13053,Newcastle upon Tyne,Male,All ages,79.07,78.33,79.81,2013
13359,Newcastle upon Tyne,Male,All ages,76.55,75.8,77.29,2014
13665,Newcastle upon Tyne,Male,All ages,77.65,76.93,78.37,2015
13971,Newcastle upon Tyne,Male,All ages,77.67,76.95,78.38,2016
14277,Newcastle upon Tyne,Male,All ages,78.33,77.58,79.08,2017
14581,Newcastle upon Tyne,Male,All ages,77.25,76.5,78.0,2018
14883,Newcastle upon Tyne,Male,All ages,77.88,77.11,78.65,2019
15185,Newcastle upon Tyne,Male,All ages,76.46,75.76,77.16,2020
15487,Newcastle upon Tyne,Male,All ages,77.48,76.76,78.2,2021
15789,Newcastle upon Tyne,Male,All ages,77.6,76.85,78.35,2022
