,Area Name,Sex,Age,Value,Lower CI 95.0 limit,Upper CI 95.0 limit,Time period Sortable
9345,England,Female,All ages,80.64801,80.59626,80.69975,2001
9347,England,Female,All ages,80.64801,80.59626,80.69975,2001
9647,England,Female,All ages,80.75966,80.70873,80.81058,2002
9649,England,Female,All ages,80.75966,80.70873,80.81058,2002
9949,England,Female,All ages,80.69195,80.64115,80.74274,2003
9951,England,Female,All ages,80.69195,80.64115,80.74274,2003
10251,England,Female,All ages,81.26353,81.2125,81.31456,2004
10253,England,Female,All ages,81.26353,81.2125,81.31456,2004
10553,England,Female,All ages,81.44335,81.39298,81.49372,2005
10555,England,Female,All ages,81.44335,81.39298,81.49372,2005
10855,England,Female,All ages,81.75848,81.70755,81.80942,2006
10857,England,Female,All ages,81.75848,81.70755,81.80942,2006
11157,England,Female,All ages,81.90945,81.85938,81.95952,2007
11159,England,Female,All ages,81.90945,81.85938,81.95952,2007
11459,England,Female,All ages,81.91916,81.8698,81.96851,2008
11461,England,Female,All ages,81.91916,81.8698,81.96851,2008
11761,England,Female,All ages,82.47807,82.42791,82.52823,2009
11763,England,Female,All ages,82.47807,82.42791,82.52823,2009
12063,England,Female,All ages,82.62308,82.57338,82.67279,2010
12065,England,Female,All ages,82.62308,82.57338,82.67279,2010
12365,England,Female,All ages,83.02677,82.97716,83.07639,2011
12367,England,Female,All ages,83.02677,82.97716,83.07639,2011
12663,England,Female,All ages,82.97,82.92,83.02,2012
12665,England,Female,All ages,82.97,82.92,83.02,2012
12969,England,Female,All ages,83.04,82.99,83.09,2013
12971,England,Female,All ages,83.04,82.99,83.09,2013
13275,England,Female,All ages,83.29,83.24,83.34,2014
13277,England,Female,All ages,83.29,83.24,83.34,2014
13581,England,Female,All ages,82.94,82.9,82.99,2015
13583,England,Female,All ages,82.94,82.9,82.99,2015
13887,England,Female,All ages,83.11,83.06,83.16,2016
13889,England,Female,All ages,83.11,83.06,83.16,2016
14193,England,Female,All ages,83.2,83.15,83.25,2017
14195,England,Female,All ages,83.2,83.15,83.25,2017
14499,England,Female,All ages,83.17,83.12,83.21,2018
14501,England,Female,All ages,83.17,83.12,83.21,2018
14801,England,Female,All ages,83.56,83.51,83.6,2019
14803,England,Female,All ages,83.56,83.51,83.6,2019
15103,England,Female,All ages,82.54,82.5,82.59,2020
15105,England,Female,All ages,82.54,82.5,82.59,2020
15405,England,Female,All ages,82.77,82.73,82.82,2021
15407,England,Female,All ages,82.77,82.73,82.82,2021
15707,England,Female,All ages,83.15,83.1,83.19,2022
15709,England,Female,All ages,83.15,83.1,83.19,2022
