,Area Name,Sex,Age,Value,Lower CI 95.0 limit,Upper CI 95.0 limit,Time period Sortable
9583,Sandwell,Female,All ages,78.67799,77.99142,79.36456,2001
9885,Sandwell,Female,All ages,79.40797,78.73724,80.07869,2002
10187,Sandwell,Female,All ages,78.68372,78.02705,79.34039,2003
10489,Sandwell,Female,All ages,79.50751,78.82891,80.18611,2004
10791,Sandwell,Female,All ages,79.88337,79.2129,80.55385,2005
11093,Sandwell,Female,All ages,79.60739,78.93223,80.28256,2006
11395,Sandwell,Female,All ages,80.21256,79.57071,80.85442,2007
11697,Sandwell,Female,All ages,79.92524,79.264,80.58649,2008
11999,Sandwell,Female,All ages,81.50766,80.87911,82.13621,2009
12301,Sandwell,Female,All ages,80.6619,79.96444,81.35936,2010
12599,Sandwell,Female,All ages,81.6146,80.91822,82.31099,2011
12905,Sandwell,Female,All ages,81.19,80.48,81.9,2012
13211,Sandwell,Female,All ages,81.21,80.54,81.87,2013
13517,Sandwell,Female,All ages,81.51,80.84,82.19,2014
13823,Sandwell,Female,All ages,81.55,80.94,82.16,2015
14129,Sandwell,Female,All ages,81.34,80.64,82.03,2016
14435,Sandwell,Female,All ages,81.34,80.68,82.0,2017
14737,Sandwell,Female,All ages,80.96,80.28,81.63,2018
15039,Sandwell,Female,All ages,82.01,81.38,82.63,2019
15341,Sandwell,Female,All ages,80.01,79.41,80.61,2020
15643,Sandwell,Female,All ages,80.37,79.73,81.01,2021
15945,Sandwell,Female,All ages,81.39,80.75,82.03,2022
