,Area Name,Sex,Age,Value,Lower CI 95.0 limit,Upper CI 95.0 limit,Time period Sortable
9577,North Tyneside,Female,All ages,79.9989,79.26832,80.72949,2001
9879,North Tyneside,Female,All ages,79.81869,79.07122,80.56616,2002
10181,North Tyneside,Female,All ages,80.11827,79.39716,80.83938,2003
10483,North Tyneside,Female,All ages,79.95987,79.1676,80.75214,2004
10785,North Tyneside,Female,All ages,81.28237,80.51371,82.05104,2005
11087,North Tyneside,Female,All ages,80.62735,79.85115,81.40355,2006
11389,North Tyneside,Female,All ages,80.74076,79.96263,81.5189,2007
11691,North Tyneside,Female,All ages,80.51682,79.78225,81.25139,2008
11993,North Tyneside,Female,All ages,81.86362,81.1088,82.61845,2009
12295,North Tyneside,Female,All ages,81.1862,80.38997,81.98242,2010
12593,North Tyneside,Female,All ages,81.84795,81.03447,82.66143,2011
12899,North Tyneside,Female,All ages,82.59,81.82,83.36,2012
13205,North Tyneside,Female,All ages,82.61,81.91,83.32,2013
13511,North Tyneside,Female,All ages,82.69,81.98,83.4,2014
13817,North Tyneside,Female,All ages,81.76,81.04,82.48,2015
14123,North Tyneside,Female,All ages,82.81,82.09,83.53,2016
14429,North Tyneside,Female,All ages,81.54,80.83,82.25,2017
14731,North Tyneside,Female,All ages,81.9,81.1,82.71,2018
15033,North Tyneside,Female,All ages,82.28,81.58,82.98,2019
15335,North Tyneside,Female,All ages,82.05,81.34,82.76,2020
15637,North Tyneside,Female,All ages,82.12,81.42,82.83,2021
15939,North Tyneside,Female,All ages,82.07,81.34,82.79,2022
