,Area Name,Sex,Age,Value,Lower CI 95.0 limit,Upper CI 95.0 limit,Time period Sortable
9613,Lambeth,Female,All ages,79.60216,78.76261,80.44171,2001
9915,Lambeth,Female,All ages,80.02103,79.14385,80.89822,2002
10217,Lambeth,Female,All ages,79.68341,78.8299,80.53692,2003
10519,Lambeth,Female,All ages,80.10419,79.2808,80.92757,2004
10821,Lambeth,Female,All ages,79.7534,78.88534,80.62145,2005
11123,Lambeth,Female,All ages,80.70705,79.87853,81.53557,2006
11425,Lambeth,Female,All ages,81.42874,80.56951,82.28796,2007
11727,Lambeth,Female,All ages,80.92578,80.09699,81.75457,2008
12029,Lambeth,Female,All ages,80.75771,79.88639,81.62904,2009
12331,Lambeth,Female,All ages,81.64798,80.7815,82.51446,2010
12629,Lambeth,Female,All ages,83.72236,82.84262,84.6021,2011
12935,Lambeth,Female,All ages,82.91,82.1,83.73,2012
13241,Lambeth,Female,All ages,83.0,82.15,83.85,2013
13547,Lambeth,Female,All ages,82.8,81.88,83.72,2014
13853,Lambeth,Female,All ages,82.89,82.08,83.7,2015
14159,Lambeth,Female,All ages,83.34,82.53,84.15,2016
14465,Lambeth,Female,All ages,83.54,82.71,84.37,2017
14767,Lambeth,Female,All ages,83.54,82.7,84.37,2018
15069,Lambeth,Female,All ages,84.48,83.55,85.41,2019
15371,Lambeth,Female,All ages,82.68,81.91,83.44,2020
15673,Lambeth,Female,All ages,82.43,81.62,83.25,2021
15975,Lambeth,Female,All ages,83.47,82.71,84.23,2022
