,Area Name,Sex,Age,Value,Lower CI 95.0 limit,Upper CI 95.0 limit,Time period Sortable
9430,Sunderland,Male,All ages,73.55493,72.87669,74.23316,2001
9732,Sunderland,Male,All ages,73.91877,73.21751,74.62003,2002
10034,Sunderland,Male,All ages,74.71615,74.02378,75.40851,2003
10336,Sunderland,Male,All ages,74.97163,74.24361,75.69964,2004
10638,Sunderland,Male,All ages,75.78306,75.11446,76.45166,2005
10940,Sunderland,Male,All ages,75.2554,74.53833,75.97246,2006
11242,Sunderland,Male,All ages,75.40047,74.65705,76.1439,2007
11544,Sunderland,Male,All ages,75.01297,74.29838,75.72756,2008
11846,Sunderland,Male,All ages,76.47083,75.75622,77.18544,2009
12148,Sunderland,Male,All ages,76.43176,75.7077,77.15582,2010
12448,Sunderland,Male,All ages,76.96322,76.23707,77.68938,2011
12750,Sunderland,Male,All ages,77.52,76.81,78.23,2012
13056,Sunderland,Male,All ages,77.29,76.58,78.0,2013
13362,Sunderland,Male,All ages,77.1,76.39,77.81,2014
13668,Sunderland,Male,All ages,76.66,75.95,77.38,2015
13974,Sunderland,Male,All ages,77.92,77.25,78.6,2016
14280,Sunderland,Male,All ages,76.8,76.08,77.51,2017
14584,Sunderland,Male,All ages,77.13,76.38,77.87,2018
14886,Sunderland,Male,All ages,77.4,76.72,78.07,2019
15188,Sunderland,Male,All ages,75.68,74.95,76.4,2020
15490,Sunderland,Male,All ages,75.88,75.15,76.6,2021
15792,Sunderland,Male,All ages,76.82,76.09,77.54,2022
