,Area Name,Sex,Age,Value,Lower CI 95.0 limit,Upper CI 95.0 limit,Time period Sortable
9595,Bexley,Female,All ages,81.24907,80.47229,82.02585,2001
9897,Bexley,Female,All ages,81.58374,80.87609,82.29138,2002
10199,Bexley,Female,All ages,80.95712,80.25462,81.65961,2003
10501,Bexley,Female,All ages,82.21974,81.51286,82.92662,2004
10803,Bexley,Female,All ages,82.81045,82.11284,83.50806,2005
11105,Bexley,Female,All ages,82.4304,81.6597,83.20109,2006
11407,Bexley,Female,All ages,82.56653,81.78895,83.34411,2007
11709,Bexley,Female,All ages,82.57005,81.83097,83.30913,2008
12011,Bexley,Female,All ages,83.32272,82.58558,84.05987,2009
12313,Bexley,Female,All ages,83.74355,83.01226,84.47483,2010
12611,Bexley,Female,All ages,84.25948,83.53854,84.98042,2011
12917,Bexley,Female,All ages,84.19,83.46,84.91,2012
13223,Bexley,Female,All ages,83.77,83.06,84.47,2013
13529,Bexley,Female,All ages,84.46,83.74,85.18,2014
13835,Bexley,Female,All ages,83.62,82.91,84.34,2015
14141,Bexley,Female,All ages,84.03,83.34,84.72,2016
14447,Bexley,Female,All ages,83.97,83.27,84.67,2017
14749,Bexley,Female,All ages,83.49,82.8,84.18,2018
15051,Bexley,Female,All ages,83.94,83.2,84.68,2019
15353,Bexley,Female,All ages,83.19,82.53,83.84,2020
15655,Bexley,Female,All ages,83.16,82.47,83.84,2021
15957,Bexley,Female,All ages,83.29,82.61,83.96,2022
