,Area Name,Sex,Age,Value,Lower CI 95.0 limit,Upper CI 95.0 limit,Time period Sortable
9635,Leicestershire,Female,All ages,81.59942,81.15479,82.04404,2001
9937,Leicestershire,Female,All ages,81.82736,81.38076,82.27396,2002
10239,Leicestershire,Female,All ages,81.35577,80.90986,81.80169,2003
10541,Leicestershire,Female,All ages,82.00816,81.5748,82.44151,2004
10843,Leicestershire,Female,All ages,81.58431,81.12821,82.0404,2005
11145,Leicestershire,Female,All ages,82.24023,81.77991,82.70054,2006
11447,Leicestershire,Female,All ages,83.07632,82.63835,83.51429,2007
11749,Leicestershire,Female,All ages,82.73625,82.28676,83.18574,2008
12051,Leicestershire,Female,All ages,83.50894,83.05418,83.96371,2009
12353,Leicestershire,Female,All ages,83.45983,83.00593,83.91372,2010
12651,Leicestershire,Female,All ages,84.33299,83.8969,84.76908,2011
12957,Leicestershire,Female,All ages,83.47,83.03,83.91,2012
13263,Leicestershire,Female,All ages,83.89,83.46,84.32,2013
13569,Leicestershire,Female,All ages,84.17,83.72,84.62,2014
13875,Leicestershire,Female,All ages,83.61,83.18,84.04,2015
14181,Leicestershire,Female,All ages,84.1,83.68,84.51,2016
14487,Leicestershire,Female,All ages,84.38,83.97,84.78,2017
14789,Leicestershire,Female,All ages,83.86,83.43,84.28,2018
15091,Leicestershire,Female,All ages,84.45,84.02,84.89,2019
15393,Leicestershire,Female,All ages,83.62,83.23,84.0,2020
15695,Leicestershire,Female,All ages,83.55,83.15,83.95,2021
15997,Leicestershire,Female,All ages,83.67,83.26,84.09,2022
