,Area Name,Sex,Age,Value,Lower CI 95.0 limit,Upper CI 95.0 limit,Time period Sortable
9436,Walsall,Male,All ages,75.00324,74.20554,75.80094,2001
9738,Walsall,Male,All ages,75.46399,74.70546,76.22251,2002
10040,Walsall,Male,All ages,75.6553,74.90237,76.40824,2003
10342,Walsall,Male,All ages,75.73666,74.95665,76.51666,2004
10644,Walsall,Male,All ages,75.71179,74.8694,76.55419,2005
10946,Walsall,Male,All ages,75.68601,74.91895,76.45307,2006
11248,Walsall,Male,All ages,75.74666,74.95725,76.53607,2007
11550,Walsall,Male,All ages,76.09554,75.33142,76.85966,2008
11852,Walsall,Male,All ages,76.7566,75.99341,77.51979,2009
12154,Walsall,Male,All ages,77.58423,76.82773,78.34073,2010
12454,Walsall,Male,All ages,77.29372,76.45525,78.13219,2011
12756,Walsall,Male,All ages,78.5,77.75,79.24,2012
13062,Walsall,Male,All ages,78.37,77.65,79.09,2013
13368,Walsall,Male,All ages,76.87,76.04,77.7,2014
13674,Walsall,Male,All ages,76.79,76.02,77.55,2015
13980,Walsall,Male,All ages,78.04,77.31,78.76,2016
14286,Walsall,Male,All ages,77.33,76.61,78.06,2017
14590,Walsall,Male,All ages,77.24,76.45,78.02,2018
14892,Walsall,Male,All ages,79.02,78.3,79.74,2019
15194,Walsall,Male,All ages,76.41,75.7,77.12,2020
15496,Walsall,Male,All ages,76.57,75.86,77.28,2021
15798,Walsall,Male,All ages,77.81,77.08,78.55,2022
