,Area Name,Sex,Age,Value,Lower CI 95.0 limit,Upper CI 95.0 limit,Time period Sortable
9522,Plymouth,Female,All ages,80.48506,79.68875,81.28137,2001
9824,Plymouth,Female,All ages,80.75531,80.06287,81.44774,2002
10126,Plymouth,Female,All ages,80.0279,79.27826,80.77754,2003
10428,Plymouth,Female,All ages,81.15948,80.43064,81.88831,2004
10730,Plymouth,Female,All ages,81.46792,80.72409,82.21174,2005
11032,Plymouth,Female,All ages,81.99573,81.27376,82.71771,2006
11334,Plymouth,Female,All ages,81.62339,80.89889,82.34788,2007
11636,Plymouth,Female,All ages,81.73523,81.00549,82.46496,2008
11938,Plymouth,Female,All ages,81.81589,81.0891,82.54267,2009
12240,Plymouth,Female,All ages,81.61123,80.88701,82.33545,2010
12540,Plymouth,Female,All ages,82.69015,81.93822,83.44207,2011
12842,Plymouth,Female,All ages,81.98,81.31,82.66,2012
13148,Plymouth,Female,All ages,82.5,81.8,83.2,2013
13454,Plymouth,Female,All ages,83.01,82.28,83.74,2014
13760,Plymouth,Female,All ages,82.93,82.26,83.59,2015
14066,Plymouth,Female,All ages,82.12,81.46,82.78,2016
14372,Plymouth,Female,All ages,81.61,80.91,82.31,2017
14676,Plymouth,Female,All ages,82.73,82.09,83.37,2018
14978,Plymouth,Female,All ages,82.51,81.82,83.21,2019
15280,Plymouth,Female,All ages,82.5,81.81,83.18,2020
15582,Plymouth,Female,All ages,81.95,81.25,82.64,2021
15884,Plymouth,Female,All ages,82.4,81.72,83.08,2022
