,Area Name,Sex,Age,Value,Lower CI 95.0 limit,Upper CI 95.0 limit,Time period Sortable
9382,West Berkshire,Male,All ages,77.43429,76.39497,78.47361,2001
9684,West Berkshire,Male,All ages,78.27344,77.3418,79.20508,2002
9986,West Berkshire,Male,All ages,77.79485,76.83652,78.75318,2003
10288,West Berkshire,Male,All ages,78.98913,77.90873,80.06953,2004
10590,West Berkshire,Male,All ages,78.48571,77.40264,79.56878,2005
10892,West Berkshire,Male,All ages,79.12649,78.09986,80.15312,2006
11194,West Berkshire,Male,All ages,80.00085,79.06893,80.93276,2007
11496,West Berkshire,Male,All ages,79.49683,78.50574,80.48793,2008
11798,West Berkshire,Male,All ages,80.48714,79.54136,81.43291,2009
12100,West Berkshire,Male,All ages,80.92766,80.00046,81.85485,2010
12402,West Berkshire,Male,All ages,80.11007,79.16118,81.05896,2011
12700,West Berkshire,Male,All ages,80.99,80.09,81.89,2012
13006,West Berkshire,Male,All ages,80.68,79.7,81.65,2013
13312,West Berkshire,Male,All ages,81.18,80.2,82.17,2014
13618,West Berkshire,Male,All ages,81.53,80.61,82.44,2015
13924,West Berkshire,Male,All ages,80.91,79.92,81.89,2016
14230,West Berkshire,Male,All ages,81.77,80.83,82.71,2017
14536,West Berkshire,Male,All ages,82.54,81.65,83.43,2018
14838,West Berkshire,Male,All ages,81.55,80.6,82.5,2019
15140,West Berkshire,Male,All ages,80.33,79.45,81.2,2020
15442,West Berkshire,Male,All ages,80.72,79.76,81.67,2021
15744,West Berkshire,Male,All ages,82.04,81.05,83.04,2022
