,Area Name,Sex,Age,Value,Lower CI 95.0 limit,Upper CI 95.0 limit,Time period Sortable
9460,Hounslow,Male,All ages,75.15479,74.24897,76.06062,2001
9762,Hounslow,Male,All ages,74.99373,74.17135,75.81611,2002
10064,Hounslow,Male,All ages,75.91112,75.07804,76.7442,2003
10366,Hounslow,Male,All ages,76.35798,75.54771,77.16825,2004
10668,Hounslow,Male,All ages,76.74544,75.91259,77.5783,2005
10970,Hounslow,Male,All ages,77.31802,76.48317,78.15287,2006
11272,Hounslow,Male,All ages,77.16474,76.26566,78.06382,2007
11574,Hounslow,Male,All ages,78.30663,77.48599,79.12727,2008
11876,Hounslow,Male,All ages,78.53044,77.6626,79.39829,2009
12178,Hounslow,Male,All ages,78.91038,78.06121,79.75955,2010
12478,Hounslow,Male,All ages,79.47133,78.63375,80.30891,2011
12780,Hounslow,Male,All ages,79.76,79.0,80.52,2012
13086,Hounslow,Male,All ages,79.45,78.67,80.24,2013
13392,Hounslow,Male,All ages,80.21,79.41,81.0,2014
13698,Hounslow,Male,All ages,79.64,78.85,80.43,2015
14004,Hounslow,Male,All ages,79.86,79.04,80.68,2016
14310,Hounslow,Male,All ages,80.31,79.56,81.05,2017
14614,Hounslow,Male,All ages,79.78,79.02,80.54,2018
14916,Hounslow,Male,All ages,80.23,79.45,81.01,2019
15218,Hounslow,Male,All ages,78.0,77.27,78.73,2020
15520,Hounslow,Male,All ages,78.7,77.92,79.48,2021
15822,Hounslow,Male,All ages,80.38,79.61,81.15,2022
