,Area Name,Sex,Age,Value,Lower CI 95.0 limit,Upper CI 95.0 limit,Time period Sortable
9525,Peterborough,Female,All ages,79.05367,78.0567,80.05063,2001
9827,Peterborough,Female,All ages,80.09792,79.19641,80.99943,2002
10129,Peterborough,Female,All ages,79.89383,79.00148,80.78617,2003
10431,Peterborough,Female,All ages,81.11673,80.10162,82.13184,2004
10733,Peterborough,Female,All ages,80.2738,79.37038,81.17722,2005
11035,Peterborough,Female,All ages,80.99096,80.0751,81.90682,2006
11337,Peterborough,Female,All ages,80.94988,80.03678,81.86298,2007
11639,Peterborough,Female,All ages,81.57175,80.72225,82.42124,2008
11941,Peterborough,Female,All ages,82.35045,81.47686,83.22405,2009
12243,Peterborough,Female,All ages,82.30625,81.46315,83.14936,2010
12543,Peterborough,Female,All ages,82.67194,81.74353,83.60034,2011
12845,Peterborough,Female,All ages,82.11,81.25,82.96,2012
13151,Peterborough,Female,All ages,82.65,81.79,83.5,2013
13457,Peterborough,Female,All ages,82.38,81.54,83.22,2014
13763,Peterborough,Female,All ages,82.39,81.54,83.24,2015
14069,Peterborough,Female,All ages,82.2,81.35,83.05,2016
14375,Peterborough,Female,All ages,82.8,81.98,83.63,2017
14679,Peterborough,Female,All ages,82.22,81.44,82.99,2018
14981,Peterborough,Female,All ages,82.86,82.05,83.67,2019
15283,Peterborough,Female,All ages,82.54,81.73,83.35,2020
15585,Peterborough,Female,All ages,81.79,81.01,82.57,2021
15887,Peterborough,Female,All ages,81.12,80.26,81.98,2022
