,Area Name,Sex,Age,Value,Lower CI 95.0 limit,Upper CI 95.0 limit,Time period Sortable
9401,"Bournemouth, Christchurch and Poole",Male,All ages,77.39459,76.77037,78.01881,2001
9703,"Bournemouth, Christchurch and Poole",Male,All ages,77.02972,76.35689,77.70255,2002
10005,"Bournemouth, Christchurch and Poole",Male,All ages,77.28281,76.64923,77.91638,2003
10307,"Bournemouth, Christchurch and Poole",Male,All ages,78.2379,77.58901,78.88679,2004
10609,"Bournemouth, Christchurch and Poole",Male,All ages,78.44898,77.80631,79.09164,2005
10911,"Bournemouth, Christchurch and Poole",Male,All ages,78.6782,78.0293,79.32709,2006
11213,"Bournemouth, Christchurch and Poole",Male,All ages,79.09554,78.46126,79.72983,2007
11515,"Bournemouth, Christchurch and Poole",Male,All ages,78.71582,78.10508,79.32656,2008
11817,"Bournemouth, Christchurch and Poole",Male,All ages,79.51144,78.89076,80.13212,2009
12119,"Bournemouth, Christchurch and Poole",Male,All ages,79.35371,78.75904,79.94838,2010
12421,"Bournemouth, Christchurch and Poole",Male,All ages,79.68716,79.07643,80.29789,2011
12719,"Bournemouth, Christchurch and Poole",Male,All ages,79.82,79.2,80.44,2012
13025,"Bournemouth, Christchurch and Poole",Male,All ages,79.99,79.42,80.57,2013
13331,"Bournemouth, Christchurch and Poole",Male,All ages,80.05,79.48,80.63,2014
13637,"Bournemouth, Christchurch and Poole",Male,All ages,80.06,79.49,80.63,2015
13943,"Bournemouth, Christchurch and Poole",Male,All ages,80.01,79.43,80.59,2016
14249,"Bournemouth, Christchurch and Poole",Male,All ages,80.23,79.67,80.79,2017
14555,"Bournemouth, Christchurch and Poole",Male,All ages,80.26,79.68,80.85,2018
14857,"Bournemouth, Christchurch and Poole",Male,All ages,80.75,80.17,81.34,2019
15159,"Bournemouth, Christchurch and Poole",Male,All ages,79.78,79.23,80.33,2020
15461,"Bournemouth, Christchurch and Poole",Male,All ages,79.42,78.86,79.98,2021
15763,"Bournemouth, Christchurch and Poole",Male,All ages,79.11,78.52,79.7,2022
