,Area Name,Sex,Age,Value,Lower CI 95.0 limit,Upper CI 95.0 limit,Time period Sortable
9463,Kingston upon Thames,Male,All ages,77.1604,76.1919,78.12891,2001
9765,Kingston upon Thames,Male,All ages,78.06566,77.05995,79.07136,2002
10067,Kingston upon Thames,Male,All ages,77.81329,76.85555,78.77102,2003
10369,Kingston upon Thames,Male,All ages,78.86647,77.78093,79.95201,2004
10671,Kingston upon Thames,Male,All ages,78.60773,77.60092,79.61454,2005
10973,Kingston upon Thames,Male,All ages,78.9506,77.91943,79.98177,2006
11275,Kingston upon Thames,Male,All ages,79.79528,78.79729,80.79328,2007
11577,Kingston upon Thames,Male,All ages,80.2746,79.31533,81.23387,2008
11879,Kingston upon Thames,Male,All ages,80.73659,79.72137,81.75181,2009
12181,Kingston upon Thames,Male,All ages,81.28023,80.19381,82.36664,2010
12481,Kingston upon Thames,Male,All ages,80.77819,79.7715,81.78489,2011
12783,Kingston upon Thames,Male,All ages,81.61,80.63,82.59,2012
13089,Kingston upon Thames,Male,All ages,80.98,80.03,81.94,2013
13395,Kingston upon Thames,Male,All ages,82.46,81.43,83.5,2014
13701,Kingston upon Thames,Male,All ages,80.69,79.74,81.64,2015
14007,Kingston upon Thames,Male,All ages,81.11,80.07,82.14,2016
14313,Kingston upon Thames,Male,All ages,81.48,80.58,82.38,2017
14617,Kingston upon Thames,Male,All ages,80.98,80.03,81.94,2018
14919,Kingston upon Thames,Male,All ages,81.67,80.72,82.63,2019
15221,Kingston upon Thames,Male,All ages,81.13,80.27,81.98,2020
15523,Kingston upon Thames,Male,All ages,80.47,79.5,81.43,2021
15825,Kingston upon Thames,Male,All ages,81.69,80.79,82.59,2022
