,Area Name,Sex,Age,Value,Lower CI 95.0 limit,Upper CI 95.0 limit,Time period Sortable
9482,Hampshire,Male,All ages,78.04268,77.70841,78.37695,2001
9784,Hampshire,Male,All ages,78.06265,77.73153,78.39377,2002
10086,Hampshire,Male,All ages,78.14897,77.81965,78.4783,2003
10388,Hampshire,Male,All ages,78.94809,78.61976,79.27641,2004
10690,Hampshire,Male,All ages,79.25782,78.93445,79.58119,2005
10992,Hampshire,Male,All ages,79.78911,79.4566,80.12162,2006
11294,Hampshire,Male,All ages,79.644,79.32092,79.96708,2007
11596,Hampshire,Male,All ages,80.07669,79.76352,80.38986,2008
11898,Hampshire,Male,All ages,80.39276,80.06576,80.71976,2009
12200,Hampshire,Male,All ages,80.35258,80.02523,80.67993,2010
12500,Hampshire,Male,All ages,81.17569,80.86249,81.4889,2011
12802,Hampshire,Male,All ages,81.03,80.71,81.34,2012
13108,Hampshire,Male,All ages,80.69,80.37,81.0,2013
13414,Hampshire,Male,All ages,81.28,80.96,81.59,2014
13720,Hampshire,Male,All ages,81.27,80.97,81.58,2015
14026,Hampshire,Male,All ages,81.18,80.87,81.5,2016
14332,Hampshire,Male,All ages,81.08,80.76,81.4,2017
14636,Hampshire,Male,All ages,81.09,80.77,81.41,2018
14938,Hampshire,Male,All ages,81.66,81.35,81.97,2019
15240,Hampshire,Male,All ages,81.11,80.81,81.41,2020
15542,Hampshire,Male,All ages,81.02,80.71,81.32,2021
15844,Hampshire,Male,All ages,81.57,81.28,81.87,2022
