,Area Name,Sex,Age,Value,Lower CI 95.0 limit,Upper CI 95.0 limit,Time period Sortable
9361,York,Male,All ages,76.49311,75.59866,77.38755,2001
9663,York,Male,All ages,77.15527,76.26299,78.04756,2002
9965,York,Male,All ages,76.94415,76.08663,77.80167,2003
10267,York,Male,All ages,77.76972,76.87729,78.66215,2004
10569,York,Male,All ages,77.09796,76.14903,78.04689,2005
10871,York,Male,All ages,78.5141,77.65108,79.37712,2006
11173,York,Male,All ages,79.37811,78.46695,80.28927,2007
11475,York,Male,All ages,79.03358,78.14264,79.92451,2008
11777,York,Male,All ages,79.0693,78.17753,79.96108,2009
12079,York,Male,All ages,79.9875,79.15106,80.82395,2010
12381,York,Male,All ages,78.67062,77.81587,79.52538,2011
12679,York,Male,All ages,79.78,79.0,80.56,2012
12985,York,Male,All ages,79.58,78.75,80.41,2013
13291,York,Male,All ages,80.81,80.0,81.63,2014
13597,York,Male,All ages,80.19,79.4,80.98,2015
13903,York,Male,All ages,80.01,79.15,80.87,2016
14209,York,Male,All ages,80.15,79.29,81.02,2017
14515,York,Male,All ages,80.0,79.18,80.82,2018
14817,York,Male,All ages,80.21,79.41,81.02,2019
15119,York,Male,All ages,79.26,78.43,80.1,2020
15421,York,Male,All ages,79.95,79.11,80.8,2021
15723,York,Male,All ages,79.22,78.35,80.08,2022
