,Area Name,Sex,Age,Value,Lower CI 95.0 limit,Upper CI 95.0 limit,Time period Sortable
9388,Brighton and Hove,Male,All ages,74.75382,73.97932,75.52831,2001
9690,Brighton and Hove,Male,All ages,75.53857,74.69558,76.38155,2002
9992,Brighton and Hove,Male,All ages,74.90981,74.08822,75.7314,2003
10294,Brighton and Hove,Male,All ages,76.38893,75.55799,77.21987,2004
10596,Brighton and Hove,Male,All ages,76.66663,75.8572,77.47605,2005
10898,Brighton and Hove,Male,All ages,75.48768,74.64129,76.33407,2006
11200,Brighton and Hove,Male,All ages,76.96764,76.17852,77.75677,2007
11502,Brighton and Hove,Male,All ages,77.09109,76.30627,77.87592,2008
11804,Brighton and Hove,Male,All ages,77.4456,76.59964,78.29155,2009
12106,Brighton and Hove,Male,All ages,78.61528,77.85434,79.37622,2010
12408,Brighton and Hove,Male,All ages,79.13315,78.36164,79.90467,2011
12706,Brighton and Hove,Male,All ages,78.04,77.25,78.83,2012
13012,Brighton and Hove,Male,All ages,78.87,78.08,79.65,2013
13318,Brighton and Hove,Male,All ages,79.65,78.88,80.43,2014
13624,Brighton and Hove,Male,All ages,79.2,78.44,79.95,2015
13930,Brighton and Hove,Male,All ages,79.3,78.54,80.07,2016
14236,Brighton and Hove,Male,All ages,78.46,77.7,79.21,2017
14542,Brighton and Hove,Male,All ages,78.44,77.7,79.19,2018
14844,Brighton and Hove,Male,All ages,79.78,79.07,80.5,2019
15146,Brighton and Hove,Male,All ages,78.86,78.14,79.58,2020
15448,Brighton and Hove,Male,All ages,78.24,77.53,78.94,2021
15750,Brighton and Hove,Male,All ages,79.22,78.47,79.96,2022
