,Area Name,Sex,Age,Value,Lower CI 95.0 limit,Upper CI 95.0 limit,Time period Sortable
9521,South Gloucestershire,Female,All ages,82.48199,81.77445,83.18953,2001
9823,South Gloucestershire,Female,All ages,82.06656,81.33268,82.80043,2002
10125,South Gloucestershire,Female,All ages,81.37191,80.65083,82.09299,2003
10427,South Gloucestershire,Female,All ages,83.39542,82.67048,84.12036,2004
10729,South Gloucestershire,Female,All ages,83.60711,82.94036,84.27385,2005
11031,South Gloucestershire,Female,All ages,83.49433,82.76028,84.22838,2006
11333,South Gloucestershire,Female,All ages,83.23475,82.57136,83.89814,2007
11635,South Gloucestershire,Female,All ages,83.48953,82.84194,84.13712,2008
11937,South Gloucestershire,Female,All ages,84.18195,83.48346,84.88044,2009
12239,South Gloucestershire,Female,All ages,84.35092,83.72186,84.97998,2010
12539,South Gloucestershire,Female,All ages,84.63076,83.99182,85.2697,2011
12841,South Gloucestershire,Female,All ages,84.34,83.66,85.02,2012
13147,South Gloucestershire,Female,All ages,84.0,83.27,84.72,2013
13453,South Gloucestershire,Female,All ages,85.42,84.76,86.08,2014
13759,South Gloucestershire,Female,All ages,84.54,83.91,85.18,2015
14065,South Gloucestershire,Female,All ages,84.89,84.25,85.53,2016
14371,South Gloucestershire,Female,All ages,84.24,83.56,84.91,2017
14675,South Gloucestershire,Female,All ages,84.0,83.33,84.67,2018
14977,South Gloucestershire,Female,All ages,85.12,84.44,85.79,2019
15279,South Gloucestershire,Female,All ages,83.81,83.15,84.46,2020
15581,South Gloucestershire,Female,All ages,85.28,84.66,85.9,2021
15883,South Gloucestershire,Female,All ages,84.8,84.19,85.41,2022
