,Area Name,Sex,Age,Value,Lower CI 95.0 limit,Upper CI 95.0 limit,Time period Sortable
9431,Birmingham,Male,All ages,73.56684,73.15369,73.97999,2001
9733,Birmingham,Male,All ages,73.76023,73.34551,74.17495,2002
10035,Birmingham,Male,All ages,74.13464,73.72526,74.54402,2003
10337,Birmingham,Male,All ages,74.94152,74.53662,75.34641,2004
10639,Birmingham,Male,All ages,75.13464,74.73155,75.53772,2005
10941,Birmingham,Male,All ages,75.42664,75.01825,75.83503,2006
11243,Birmingham,Male,All ages,75.93328,75.52715,76.33942,2007
11545,Birmingham,Male,All ages,76.13351,75.73055,76.53647,2008
11847,Birmingham,Male,All ages,76.99345,76.58407,77.40283,2009
12149,Birmingham,Male,All ages,77.10713,76.71286,77.50139,2010
12449,Birmingham,Male,All ages,77.54734,77.13672,77.95796,2011
12751,Birmingham,Male,All ages,77.69,77.3,78.08,2012
13057,Birmingham,Male,All ages,77.12,76.72,77.52,2013
13363,Birmingham,Male,All ages,76.77,76.37,77.17,2014
13669,Birmingham,Male,All ages,77.53,77.15,77.92,2015
13975,Birmingham,Male,All ages,77.56,77.16,77.97,2016
14281,Birmingham,Male,All ages,77.83,77.44,78.22,2017
14585,Birmingham,Male,All ages,77.96,77.57,78.35,2018
14887,Birmingham,Male,All ages,78.1,77.7,78.51,2019
15189,Birmingham,Male,All ages,75.99,75.63,76.36,2020
15491,Birmingham,Male,All ages,75.9,75.51,76.28,2021
15793,Birmingham,Male,All ages,77.19,76.81,77.58,2022
