,Area Name,Sex,Age,Value,Lower CI 95.0 limit,Upper CI 95.0 limit,Time period Sortable
9572,Barnsley,Female,All ages,79.56716,78.86629,80.26803,2001
9874,Barnsley,Female,All ages,79.58429,78.83905,80.32952,2002
10176,Barnsley,Female,All ages,79.63032,78.91528,80.34537,2003
10478,Barnsley,Female,All ages,79.20593,78.43509,79.97676,2004
10780,Barnsley,Female,All ages,79.34228,78.60724,80.07732,2005
11082,Barnsley,Female,All ages,80.05289,79.33339,80.77238,2006
11384,Barnsley,Female,All ages,80.09831,79.39857,80.79805,2007
11686,Barnsley,Female,All ages,80.29883,79.56401,81.03366,2008
11988,Barnsley,Female,All ages,80.08312,79.31845,80.84779,2009
12290,Barnsley,Female,All ages,80.86343,80.15961,81.56724,2010
12588,Barnsley,Female,All ages,81.32648,80.61542,82.03754,2011
12894,Barnsley,Female,All ages,81.9,81.15,82.65,2012
13200,Barnsley,Female,All ages,81.3,80.6,82.0,2013
13506,Barnsley,Female,All ages,81.87,81.17,82.57,2014
13812,Barnsley,Female,All ages,81.4,80.71,82.09,2015
14118,Barnsley,Female,All ages,82.04,81.33,82.75,2016
14424,Barnsley,Female,All ages,81.95,81.26,82.64,2017
14726,Barnsley,Female,All ages,81.19,80.48,81.9,2018
15028,Barnsley,Female,All ages,81.6,80.88,82.32,2019
15330,Barnsley,Female,All ages,79.96,79.25,80.68,2020
15632,Barnsley,Female,All ages,79.74,78.99,80.48,2021
15934,Barnsley,Female,All ages,80.04,79.28,80.81,2022
