,Area Name,Sex,Age,Value,Lower CI 95.0 limit,Upper CI 95.0 limit,Time period Sortable
9456,Haringey,Male,All ages,75.05738,74.14774,75.96701,2001
9758,Haringey,Male,All ages,74.75343,73.88581,75.62106,2002
10060,Haringey,Male,All ages,74.04913,73.15453,74.94373,2003
10362,Haringey,Male,All ages,75.45157,74.50614,76.397,2004
10664,Haringey,Male,All ages,76.27098,75.34367,77.19829,2005
10966,Haringey,Male,All ages,76.41873,75.44013,77.39733,2006
11268,Haringey,Male,All ages,75.98463,75.09552,76.87373,2007
11570,Haringey,Male,All ages,76.93222,76.04084,77.82361,2008
11872,Haringey,Male,All ages,77.89692,76.92478,78.86907,2009
12174,Haringey,Male,All ages,78.59778,77.65537,79.54018,2010
12474,Haringey,Male,All ages,79.56624,78.61185,80.52063,2011
12776,Haringey,Male,All ages,79.48,78.44,80.52,2012
13082,Haringey,Male,All ages,80.51,79.57,81.45,2013
13388,Haringey,Male,All ages,79.6,78.68,80.52,2014
13694,Haringey,Male,All ages,79.4,78.52,80.29,2015
14000,Haringey,Male,All ages,80.5,79.62,81.37,2016
14306,Haringey,Male,All ages,80.66,79.64,81.67,2017
14610,Haringey,Male,All ages,80.29,79.48,81.09,2018
14912,Haringey,Male,All ages,80.02,79.18,80.86,2019
15214,Haringey,Male,All ages,77.41,76.65,78.17,2020
15516,Haringey,Male,All ages,78.25,77.42,79.09,2021
15818,Haringey,Male,All ages,79.91,79.04,80.77,2022
