,Area Name,Sex,Age,Value,Lower CI 95.0 limit,Upper CI 95.0 limit,Time period Sortable
9581,Coventry,Female,All ages,79.83464,79.10361,80.56567,2001
9883,Coventry,Female,All ages,79.63803,78.90989,80.36617,2002
10185,Coventry,Female,All ages,80.49523,79.83671,81.15376,2003
10487,Coventry,Female,All ages,80.59378,79.90748,81.28008,2004
10789,Coventry,Female,All ages,80.26744,79.58951,80.94536,2005
11091,Coventry,Female,All ages,80.5552,79.85677,81.25363,2006
11393,Coventry,Female,All ages,80.99439,80.30936,81.67941,2007
11695,Coventry,Female,All ages,80.63735,79.93587,81.33884,2008
11997,Coventry,Female,All ages,81.30968,80.5817,82.03766,2009
12299,Coventry,Female,All ages,81.59155,80.88507,82.29804,2010
12597,Coventry,Female,All ages,82.27365,81.60595,82.94136,2011
12903,Coventry,Female,All ages,82.03,81.33,82.73,2012
13209,Coventry,Female,All ages,82.61,81.95,83.27,2013
13515,Coventry,Female,All ages,81.96,81.28,82.65,2014
13821,Coventry,Female,All ages,82.31,81.68,82.93,2015
14127,Coventry,Female,All ages,82.9,82.23,83.56,2016
14433,Coventry,Female,All ages,82.07,81.41,82.74,2017
14735,Coventry,Female,All ages,82.29,81.65,82.93,2018
15037,Coventry,Female,All ages,82.29,81.64,82.94,2019
15339,Coventry,Female,All ages,81.56,80.92,82.2,2020
15641,Coventry,Female,All ages,81.47,80.8,82.14,2021
15943,Coventry,Female,All ages,81.76,81.13,82.4,2022
