,Area Name,Sex,Age,Value,Lower CI 95.0 limit,Upper CI 95.0 limit,Time period Sortable
9440,Kirklees,Male,All ages,74.91145,74.27689,75.54602,2001
9742,Kirklees,Male,All ages,74.71325,74.07781,75.34868,2002
10044,Kirklees,Male,All ages,75.40522,74.77213,76.0383,2003
10346,Kirklees,Male,All ages,75.96091,75.34229,76.57954,2004
10648,Kirklees,Male,All ages,76.4429,75.81729,77.06852,2005
10950,Kirklees,Male,All ages,76.3115,75.66795,76.95506,2006
11252,Kirklees,Male,All ages,76.75161,76.1304,77.37282,2007
11554,Kirklees,Male,All ages,76.57123,75.96577,77.17668,2008
11856,Kirklees,Male,All ages,77.10879,76.52075,77.69682,2009
12158,Kirklees,Male,All ages,77.74921,77.12028,78.37813,2010
12458,Kirklees,Male,All ages,77.70003,77.08502,78.31504,2011
12760,Kirklees,Male,All ages,78.85,78.28,79.43,2012
13066,Kirklees,Male,All ages,78.37,77.79,78.96,2013
13372,Kirklees,Male,All ages,79.06,78.49,79.63,2014
13678,Kirklees,Male,All ages,78.5,77.92,79.07,2015
13984,Kirklees,Male,All ages,78.66,78.11,79.21,2016
14290,Kirklees,Male,All ages,78.35,77.74,78.95,2017
14594,Kirklees,Male,All ages,78.03,77.42,78.65,2018
14896,Kirklees,Male,All ages,79.15,78.56,79.74,2019
15198,Kirklees,Male,All ages,77.24,76.69,77.8,2020
15500,Kirklees,Male,All ages,77.9,77.3,78.5,2021
15802,Kirklees,Male,All ages,77.78,77.19,78.37,2022
