,Area Name,Sex,Age,Value,Lower CI 95.0 limit,Upper CI 95.0 limit,Time period Sortable
9531,West Berkshire,Female,All ages,81.3989,80.39411,82.40369,2001
9833,West Berkshire,Female,All ages,82.30563,81.42745,83.18381,2002
10135,West Berkshire,Female,All ages,81.7695,80.80909,82.7299,2003
10437,West Berkshire,Female,All ages,82.16593,81.14803,83.18382,2004
10739,West Berkshire,Female,All ages,83.02724,82.07701,83.97746,2005
11041,West Berkshire,Female,All ages,82.4272,81.38975,83.46465,2006
11343,West Berkshire,Female,All ages,82.61903,81.60093,83.63713,2007
11645,West Berkshire,Female,All ages,83.64359,82.72852,84.55866,2008
11947,West Berkshire,Female,All ages,83.73958,82.81209,84.66706,2009
12249,West Berkshire,Female,All ages,84.2311,83.3004,85.16181,2010
12549,West Berkshire,Female,All ages,84.30383,83.30626,85.3014,2011
12851,West Berkshire,Female,All ages,84.29,83.33,85.24,2012
13157,West Berkshire,Female,All ages,83.51,82.63,84.39,2013
13463,West Berkshire,Female,All ages,84.84,83.93,85.75,2014
13769,West Berkshire,Female,All ages,84.47,83.56,85.38,2015
14075,West Berkshire,Female,All ages,84.3,83.4,85.2,2016
14381,West Berkshire,Female,All ages,84.4,83.48,85.31,2017
14685,West Berkshire,Female,All ages,85.41,84.51,86.3,2018
14987,West Berkshire,Female,All ages,85.96,85.06,86.85,2019
15289,West Berkshire,Female,All ages,84.48,83.69,85.27,2020
15591,West Berkshire,Female,All ages,84.57,83.6,85.54,2021
15893,West Berkshire,Female,All ages,84.66,83.83,85.49,2022
