,Area Name,Sex,Age,Value,Lower CI 95.0 limit,Upper CI 95.0 limit,Time period Sortable
9394,Cheshire West and Chester,Male,All ages,76.79729,76.16309,77.43148,2001
9696,Cheshire West and Chester,Male,All ages,76.25688,75.55966,76.9541,2002
9998,Cheshire West and Chester,Male,All ages,76.52842,75.81538,77.24147,2003
10300,Cheshire West and Chester,Male,All ages,76.75931,76.08102,77.4376,2004
10602,Cheshire West and Chester,Male,All ages,77.84702,77.20028,78.49376,2005
10904,Cheshire West and Chester,Male,All ages,77.18248,76.44911,77.91585,2006
11206,Cheshire West and Chester,Male,All ages,78.16856,77.48638,78.85073,2007
11508,Cheshire West and Chester,Male,All ages,78.49433,77.86758,79.12107,2008
11810,Cheshire West and Chester,Male,All ages,79.2219,78.56295,79.88085,2009
12112,Cheshire West and Chester,Male,All ages,79.12994,78.46721,79.79268,2010
12414,Cheshire West and Chester,Male,All ages,79.12846,78.4482,79.80873,2011
12712,Cheshire West and Chester,Male,All ages,78.94,78.3,79.59,2012
13018,Cheshire West and Chester,Male,All ages,79.35,78.72,79.97,2013
13324,Cheshire West and Chester,Male,All ages,79.84,79.19,80.49,2014
13630,Cheshire West and Chester,Male,All ages,79.9,79.28,80.52,2015
13936,Cheshire West and Chester,Male,All ages,79.49,78.9,80.08,2016
14242,Cheshire West and Chester,Male,All ages,80.35,79.76,80.95,2017
14548,Cheshire West and Chester,Male,All ages,80.08,79.45,80.72,2018
14850,Cheshire West and Chester,Male,All ages,79.91,79.29,80.54,2019
15152,Cheshire West and Chester,Male,All ages,79.27,78.68,79.86,2020
15454,Cheshire West and Chester,Male,All ages,79.52,78.9,80.13,2021
15756,Cheshire West and Chester,Male,All ages,79.35,78.72,79.98,2022
