,Area Name,Sex,Age,Value,Lower CI 95.0 limit,Upper CI 95.0 limit,Time period Sortable
9373,Plymouth,Male,All ages,75.72223,74.98075,76.46371,2001
9675,Plymouth,Male,All ages,75.93145,75.14687,76.71604,2002
9977,Plymouth,Male,All ages,75.42806,74.64636,76.20977,2003
10279,Plymouth,Male,All ages,76.20255,75.44697,76.95813,2004
10581,Plymouth,Male,All ages,76.37139,75.58859,77.1542,2005
10883,Plymouth,Male,All ages,76.78944,76.02558,77.5533,2006
11185,Plymouth,Male,All ages,77.12539,76.32068,77.9301,2007
11487,Plymouth,Male,All ages,77.65654,76.88023,78.43285,2008
11789,Plymouth,Male,All ages,76.97063,76.18291,77.75835,2009
12091,Plymouth,Male,All ages,78.35548,77.61825,79.0927,2010
12393,Plymouth,Male,All ages,78.32832,77.54458,79.11206,2011
12691,Plymouth,Male,All ages,77.89,77.14,78.64,2012
12997,Plymouth,Male,All ages,78.08,77.29,78.87,2013
13303,Plymouth,Male,All ages,79.08,78.32,79.83,2014
13609,Plymouth,Male,All ages,78.39,77.65,79.14,2015
13915,Plymouth,Male,All ages,79.09,78.37,79.8,2016
14221,Plymouth,Male,All ages,79.09,78.37,79.81,2017
14527,Plymouth,Male,All ages,78.35,77.6,79.09,2018
14829,Plymouth,Male,All ages,78.86,78.15,79.58,2019
15131,Plymouth,Male,All ages,78.68,77.96,79.41,2020
15433,Plymouth,Male,All ages,78.4,77.68,79.12,2021
15735,Plymouth,Male,All ages,78.23,77.5,78.96,2022
