,Area Name,Sex,Age,Value,Lower CI 95.0 limit,Upper CI 95.0 limit,Time period Sortable
9393,Cheshire East,Male,All ages,76.43837,75.79936,77.07738,2001
9695,Cheshire East,Male,All ages,77.01414,76.37949,77.6488,2002
9997,Cheshire East,Male,All ages,77.04716,76.41298,77.68135,2003
10299,Cheshire East,Male,All ages,77.66442,77.04861,78.28024,2004
10601,Cheshire East,Male,All ages,78.19459,77.56931,78.81987,2005
10903,Cheshire East,Male,All ages,78.05136,77.43828,78.66444,2006
11205,Cheshire East,Male,All ages,78.57154,77.95583,79.18726,2007
11507,Cheshire East,Male,All ages,79.0528,78.45385,79.65175,2008
11809,Cheshire East,Male,All ages,79.19509,78.59683,79.79336,2009
12111,Cheshire East,Male,All ages,79.93584,79.34445,80.52722,2010
12413,Cheshire East,Male,All ages,80.59507,79.98012,81.21002,2011
12711,Cheshire East,Male,All ages,80.36,79.77,80.95,2012
13017,Cheshire East,Male,All ages,79.9,79.28,80.52,2013
13323,Cheshire East,Male,All ages,80.26,79.63,80.9,2014
13629,Cheshire East,Male,All ages,80.48,79.88,81.08,2015
13935,Cheshire East,Male,All ages,80.03,79.45,80.62,2016
14241,Cheshire East,Male,All ages,80.44,79.83,81.04,2017
14547,Cheshire East,Male,All ages,79.86,79.24,80.48,2018
14849,Cheshire East,Male,All ages,80.5,79.89,81.11,2019
15151,Cheshire East,Male,All ages,80.42,79.89,80.94,2020
15453,Cheshire East,Male,All ages,80.17,79.59,80.75,2021
15755,Cheshire East,Male,All ages,80.1,79.54,80.66,2022
