,Area Name,Sex,Age,Value,Lower CI 95.0 limit,Upper CI 95.0 limit,Time period Sortable
9558,Bury,Female,All ages,79.5408,78.67569,80.40591,2001
9860,Bury,Female,All ages,79.98562,79.15575,80.81549,2002
10162,Bury,Female,All ages,80.19251,79.37905,81.00597,2003
10464,Bury,Female,All ages,79.88849,79.03596,80.74103,2004
10766,Bury,Female,All ages,80.67608,79.85651,81.49564,2005
11068,Bury,Female,All ages,80.15697,79.32147,80.99247,2006
11370,Bury,Female,All ages,80.70201,79.87375,81.53027,2007
11672,Bury,Female,All ages,81.55408,80.84198,82.26619,2008
11974,Bury,Female,All ages,80.84845,80.03344,81.66346,2009
12276,Bury,Female,All ages,80.82624,80.03522,81.61726,2010
12574,Bury,Female,All ages,81.57291,80.74411,82.4017,2011
12880,Bury,Female,All ages,80.72,79.89,81.55,2012
13186,Bury,Female,All ages,81.48,80.69,82.26,2013
13492,Bury,Female,All ages,82.34,81.53,83.15,2014
13798,Bury,Female,All ages,81.01,80.23,81.79,2015
14104,Bury,Female,All ages,81.61,80.79,82.42,2016
14410,Bury,Female,All ages,81.25,80.48,82.02,2017
14712,Bury,Female,All ages,82.42,81.61,83.22,2018
15014,Bury,Female,All ages,82.91,82.12,83.7,2019
15316,Bury,Female,All ages,80.95,80.22,81.68,2020
15618,Bury,Female,All ages,80.56,79.69,81.44,2021
15920,Bury,Female,All ages,81.32,80.5,82.14,2022
