,Area Name,Sex,Age,Value,Lower CI 95.0 limit,Upper CI 95.0 limit,Time period Sortable
9391,Isle of Wight,Male,All ages,77.07353,76.02289,78.12418,2001
9693,Isle of Wight,Male,All ages,76.66165,75.56413,77.75917,2002
9995,Isle of Wight,Male,All ages,77.33835,76.34587,78.33083,2003
10297,Isle of Wight,Male,All ages,77.82732,76.77769,78.87695,2004
10599,Isle of Wight,Male,All ages,78.58667,77.61422,79.55911,2005
10901,Isle of Wight,Male,All ages,78.33076,77.30626,79.35525,2006
11203,Isle of Wight,Male,All ages,78.91907,77.88293,79.95521,2007
11505,Isle of Wight,Male,All ages,78.45039,77.46123,79.43954,2008
11807,Isle of Wight,Male,All ages,78.82395,77.80651,79.84139,2009
12109,Isle of Wight,Male,All ages,78.90529,77.9156,79.89499,2010
12411,Isle of Wight,Male,All ages,80.40623,79.43663,81.37584,2011
12709,Isle of Wight,Male,All ages,80.34,79.52,81.17,2012
13015,Isle of Wight,Male,All ages,80.17,79.26,81.09,2013
13321,Isle of Wight,Male,All ages,78.74,77.65,79.83,2014
13627,Isle of Wight,Male,All ages,79.81,78.89,80.72,2015
13933,Isle of Wight,Male,All ages,79.88,78.91,80.85,2016
14239,Isle of Wight,Male,All ages,79.6,78.61,80.59,2017
14545,Isle of Wight,Male,All ages,79.46,78.33,80.59,2018
14847,Isle of Wight,Male,All ages,79.78,78.69,80.86,2019
15149,Isle of Wight,Male,All ages,79.41,78.45,80.36,2020
15451,Isle of Wight,Male,All ages,77.17,76.06,78.29,2021
15753,Isle of Wight,Male,All ages,80.87,79.94,81.81,2022
