,Area Name,Sex,Age,Value,Lower CI 95.0 limit,Upper CI 95.0 limit,Time period Sortable
9547,Bedford,Female,All ages,80.67712,79.66063,81.69361,2001
9849,Bedford,Female,All ages,81.5839,80.64692,82.52087,2002
10151,Bedford,Female,All ages,80.77073,79.77319,81.76826,2003
10453,Bedford,Female,All ages,81.62865,80.66463,82.59268,2004
10755,Bedford,Female,All ages,81.36457,80.44404,82.28511,2005
11057,Bedford,Female,All ages,81.96915,81.01935,82.91895,2006
11359,Bedford,Female,All ages,82.15501,81.26046,83.04956,2007
11661,Bedford,Female,All ages,81.74286,80.83271,82.65301,2008
11963,Bedford,Female,All ages,82.86387,81.94497,83.78277,2009
12265,Bedford,Female,All ages,82.50543,81.60618,83.40467,2010
12565,Bedford,Female,All ages,82.71223,81.70953,83.71493,2011
12867,Bedford,Female,All ages,83.66,82.72,84.59,2012
13173,Bedford,Female,All ages,83.64,82.77,84.51,2013
13479,Bedford,Female,All ages,83.95,83.09,84.81,2014
13785,Bedford,Female,All ages,83.05,82.22,83.88,2015
14091,Bedford,Female,All ages,83.18,82.31,84.06,2016
14397,Bedford,Female,All ages,83.29,82.42,84.17,2017
14701,Bedford,Female,All ages,83.86,83.0,84.72,2018
15003,Bedford,Female,All ages,83.19,82.25,84.12,2019
15305,Bedford,Female,All ages,82.51,81.75,83.27,2020
15607,Bedford,Female,All ages,82.13,81.2,83.06,2021
15909,Bedford,Female,All ages,83.41,82.55,84.27,2022
