,Area Name,Sex,Age,Value,Lower CI 95.0 limit,Upper CI 95.0 limit,Time period Sortable
9510,York,Female,All ages,81.55723,80.66919,82.44527,2001
9812,York,Female,All ages,81.76376,80.97578,82.55174,2002
10114,York,Female,All ages,82.11843,81.35526,82.8816,2003
10416,York,Female,All ages,82.24575,81.41868,83.07282,2004
10718,York,Female,All ages,83.50339,82.71413,84.29266,2005
11020,York,Female,All ages,83.20888,82.42881,83.98895,2006
11322,York,Female,All ages,82.83313,81.99114,83.67512,2007
11624,York,Female,All ages,82.76372,81.99091,83.53653,2008
11926,York,Female,All ages,83.13006,82.27591,83.9842,2009
12228,York,Female,All ages,82.2772,81.39805,83.15635,2010
12528,York,Female,All ages,83.39481,82.60293,84.18668,2011
12830,York,Female,All ages,83.5,82.71,84.29,2012
13136,York,Female,All ages,83.22,82.36,84.07,2013
13442,York,Female,All ages,83.41,82.65,84.16,2014
13748,York,Female,All ages,83.6,82.82,84.38,2015
14054,York,Female,All ages,83.21,82.37,84.04,2016
14360,York,Female,All ages,83.44,82.62,84.27,2017
14664,York,Female,All ages,83.17,82.32,84.01,2018
14966,York,Female,All ages,84.08,83.35,84.81,2019
15268,York,Female,All ages,83.24,82.49,83.99,2020
15570,York,Female,All ages,83.57,82.77,84.38,2021
15872,York,Female,All ages,83.33,82.57,84.09,2022
