,Area Name,Sex,Age,Value,Lower CI 95.0 limit,Upper CI 95.0 limit,Time period Sortable
9416,Trafford,Male,All ages,75.79008,74.92154,76.65862,2001
9718,Trafford,Male,All ages,77.30571,76.46037,78.15105,2002
10020,Trafford,Male,All ages,76.55538,75.74972,77.36103,2003
10322,Trafford,Male,All ages,77.88082,77.06277,78.69887,2004
10624,Trafford,Male,All ages,77.25749,76.47896,78.03601,2005
10926,Trafford,Male,All ages,77.94734,77.09802,78.79665,2006
11228,Trafford,Male,All ages,78.07487,77.20098,78.94876,2007
11530,Trafford,Male,All ages,78.45826,77.58368,79.33285,2008
11832,Trafford,Male,All ages,79.21191,78.41144,80.01238,2009
12134,Trafford,Male,All ages,78.97339,78.21123,79.73555,2010
12434,Trafford,Male,All ages,79.99579,79.15355,80.83803,2011
12736,Trafford,Male,All ages,79.52,78.74,80.31,2012
13042,Trafford,Male,All ages,79.6,78.81,80.4,2013
13348,Trafford,Male,All ages,80.12,79.32,80.92,2014
13654,Trafford,Male,All ages,79.84,79.1,80.58,2015
13960,Trafford,Male,All ages,79.94,79.15,80.74,2016
14266,Trafford,Male,All ages,79.52,78.74,80.31,2017
14570,Trafford,Male,All ages,80.6,79.83,81.37,2018
14872,Trafford,Male,All ages,80.43,79.67,81.19,2019
15174,Trafford,Male,All ages,79.38,78.7,80.06,2020
15476,Trafford,Male,All ages,78.89,78.08,79.7,2021
15778,Trafford,Male,All ages,79.89,79.14,80.64,2022
