,Area Name,Sex,Age,Value,Lower CI 95.0 limit,Upper CI 95.0 limit,Time period Sortable
9357,Kingston upon Hull,Male,All ages,73.54415,72.76315,74.32515,2001
9659,Kingston upon Hull,Male,All ages,73.91645,73.1176,74.71531,2002
9961,Kingston upon Hull,Male,All ages,73.67822,72.90052,74.45591,2003
10263,Kingston upon Hull,Male,All ages,75.12365,74.3986,75.84871,2004
10565,Kingston upon Hull,Male,All ages,74.14532,73.35743,74.9332,2005
10867,Kingston upon Hull,Male,All ages,74.47067,73.68561,75.25573,2006
11169,Kingston upon Hull,Male,All ages,75.24761,74.50275,75.99248,2007
11471,Kingston upon Hull,Male,All ages,74.62352,73.83731,75.40973,2008
11773,Kingston upon Hull,Male,All ages,74.93475,74.15962,75.70989,2009
12075,Kingston upon Hull,Male,All ages,76.84265,76.06076,77.62453,2010
12377,Kingston upon Hull,Male,All ages,75.91002,75.14872,76.67132,2011
12675,Kingston upon Hull,Male,All ages,76.97,76.24,77.7,2012
12981,Kingston upon Hull,Male,All ages,76.79,76.06,77.52,2013
13287,Kingston upon Hull,Male,All ages,76.33,75.59,77.07,2014
13593,Kingston upon Hull,Male,All ages,76.82,76.1,77.55,2015
13899,Kingston upon Hull,Male,All ages,76.22,75.49,76.95,2016
14205,Kingston upon Hull,Male,All ages,75.41,74.68,76.14,2017
14511,Kingston upon Hull,Male,All ages,77.15,76.45,77.84,2018
14813,Kingston upon Hull,Male,All ages,75.98,75.25,76.71,2019
15115,Kingston upon Hull,Male,All ages,74.79,74.08,75.5,2020
15417,Kingston upon Hull,Male,All ages,74.84,74.08,75.6,2021
15719,Kingston upon Hull,Male,All ages,75.49,74.75,76.23,2022
