,Area Name,Sex,Age,Value,Lower CI 95.0 limit,Upper CI 95.0 limit,Time period Sortable
9620,Sutton,Female,All ages,80.41502,79.57653,81.25351,2001
9922,Sutton,Female,All ages,80.64397,79.76574,81.5222,2002
10224,Sutton,Female,All ages,80.8495,80.04673,81.65226,2003
10526,Sutton,Female,All ages,82.21911,81.40772,83.0305,2004
10828,Sutton,Female,All ages,82.57576,81.71882,83.4327,2005
11130,Sutton,Female,All ages,82.84849,82.04301,83.65397,2006
11432,Sutton,Female,All ages,82.1091,81.26281,82.95539,2007
11734,Sutton,Female,All ages,82.67488,81.84873,83.50102,2008
12036,Sutton,Female,All ages,83.76424,82.9783,84.55018,2009
12338,Sutton,Female,All ages,83.54949,82.77136,84.32763,2010
12636,Sutton,Female,All ages,84.25283,83.38858,85.11709,2011
12942,Sutton,Female,All ages,83.63,82.83,84.42,2012
13248,Sutton,Female,All ages,83.81,83.01,84.6,2013
13554,Sutton,Female,All ages,82.6,81.78,83.41,2014
13860,Sutton,Female,All ages,84.36,83.51,85.21,2015
14166,Sutton,Female,All ages,83.76,82.98,84.54,2016
14472,Sutton,Female,All ages,84.76,83.99,85.52,2017
14774,Sutton,Female,All ages,83.24,82.4,84.08,2018
15076,Sutton,Female,All ages,85.08,84.33,85.84,2019
15378,Sutton,Female,All ages,83.83,83.09,84.56,2020
15680,Sutton,Female,All ages,83.3,82.52,84.08,2021
15982,Sutton,Female,All ages,84.71,83.94,85.49,2022
