,Area Name,Sex,Age,Value,Lower CI 95.0 limit,Upper CI 95.0 limit,Time period Sortable
9599,Croydon,Female,All ages,80.82464,80.17004,81.47923,2001
9901,Croydon,Female,All ages,80.61361,79.97952,81.2477,2002
10203,Croydon,Female,All ages,80.62141,79.99012,81.2527,2003
10505,Croydon,Female,All ages,81.17584,80.52963,81.82205,2004
10807,Croydon,Female,All ages,81.30766,80.64834,81.96697,2005
11109,Croydon,Female,All ages,81.21379,80.54681,81.88078,2006
11411,Croydon,Female,All ages,83.13091,82.48339,83.77844,2007
11713,Croydon,Female,All ages,82.0718,81.45378,82.68983,2008
12015,Croydon,Female,All ages,82.72988,82.10278,83.35697,2009
12317,Croydon,Female,All ages,82.68362,82.05353,83.31371,2010
12615,Croydon,Female,All ages,83.20899,82.57913,83.83885,2011
12921,Croydon,Female,All ages,83.22,82.58,83.85,2012
13227,Croydon,Female,All ages,83.49,82.86,84.13,2013
13533,Croydon,Female,All ages,83.46,82.83,84.08,2014
13839,Croydon,Female,All ages,83.12,82.54,83.7,2015
14145,Croydon,Female,All ages,84.09,83.49,84.7,2016
14451,Croydon,Female,All ages,83.53,82.91,84.14,2017
14753,Croydon,Female,All ages,83.99,83.41,84.57,2018
15055,Croydon,Female,All ages,83.95,83.32,84.58,2019
15357,Croydon,Female,All ages,82.87,82.32,83.43,2020
15659,Croydon,Female,All ages,83.66,83.06,84.25,2021
15961,Croydon,Female,All ages,84.5,83.9,85.09,2022
