,Area Name,Sex,Age,Value,Lower CI 95.0 limit,Upper CI 95.0 limit,Time period Sortable
9564,Tameside,Female,All ages,79.0616,78.27654,79.84666,2001
9866,Tameside,Female,All ages,79.10458,78.36378,79.84539,2002
10168,Tameside,Female,All ages,78.99105,78.21114,79.77097,2003
10470,Tameside,Female,All ages,80.0714,79.34203,80.80076,2004
10772,Tameside,Female,All ages,79.48073,78.79328,80.16818,2005
11074,Tameside,Female,All ages,79.69599,78.95112,80.44085,2006
11376,Tameside,Female,All ages,79.38265,78.6049,80.16039,2007
11678,Tameside,Female,All ages,79.36723,78.61796,80.11649,2008
11980,Tameside,Female,All ages,79.97312,79.2326,80.71363,2009
12282,Tameside,Female,All ages,81.03267,80.31049,81.75485,2010
12580,Tameside,Female,All ages,80.36994,79.6185,81.12138,2011
12886,Tameside,Female,All ages,80.56,79.86,81.26,2012
13192,Tameside,Female,All ages,80.22,79.48,80.97,2013
13498,Tameside,Female,All ages,81.36,80.63,82.08,2014
13804,Tameside,Female,All ages,80.63,79.91,81.35,2015
14110,Tameside,Female,All ages,81.07,80.32,81.81,2016
14416,Tameside,Female,All ages,80.88,80.16,81.61,2017
14718,Tameside,Female,All ages,80.47,79.77,81.16,2018
15020,Tameside,Female,All ages,80.96,80.24,81.68,2019
15322,Tameside,Female,All ages,79.51,78.81,80.21,2020
15624,Tameside,Female,All ages,80.13,79.36,80.91,2021
15926,Tameside,Female,All ages,80.89,80.17,81.61,2022
