,Area Name,Sex,Age,Value,Lower CI 95.0 limit,Upper CI 95.0 limit,Time period Sortable
9414,Stockport,Male,All ages,75.91025,75.19809,76.62241,2001
9716,Stockport,Male,All ages,75.75679,75.06465,76.44893,2002
10018,Stockport,Male,All ages,76.53725,75.82317,77.25134,2003
10320,Stockport,Male,All ages,77.18573,76.48821,77.88325,2004
10622,Stockport,Male,All ages,76.71373,76.03114,77.39632,2005
10924,Stockport,Male,All ages,77.41089,76.70736,78.11443,2006
11226,Stockport,Male,All ages,78.02997,77.33185,78.72808,2007
11528,Stockport,Male,All ages,78.07099,77.35221,78.78976,2008
11830,Stockport,Male,All ages,77.93657,77.21687,78.65628,2009
12132,Stockport,Male,All ages,79.93365,79.25316,80.61414,2010
12432,Stockport,Male,All ages,79.52259,78.77443,80.27076,2011
12734,Stockport,Male,All ages,79.28,78.52,80.03,2012
13040,Stockport,Male,All ages,79.72,79.01,80.43,2013
13346,Stockport,Male,All ages,80.04,79.32,80.75,2014
13652,Stockport,Male,All ages,79.27,78.57,79.97,2015
13958,Stockport,Male,All ages,80.14,79.44,80.83,2016
14264,Stockport,Male,All ages,79.84,79.14,80.54,2017
14568,Stockport,Male,All ages,79.86,79.18,80.55,2018
14870,Stockport,Male,All ages,79.29,78.6,79.98,2019
15172,Stockport,Male,All ages,78.45,77.78,79.12,2020
15474,Stockport,Male,All ages,79.3,78.62,79.98,2021
15776,Stockport,Male,All ages,78.82,78.16,79.48,2022
