,Area Name,Sex,Age,Value,Lower CI 95.0 limit,Upper CI 95.0 limit,Time period Sortable
9470,Southwark,Male,All ages,73.63287,72.68185,74.58389,2001
9772,Southwark,Male,All ages,74.38222,73.4952,75.26925,2002
10074,Southwark,Male,All ages,73.86444,72.98007,74.74882,2003
10376,Southwark,Male,All ages,75.68095,74.78219,76.5797,2004
10678,Southwark,Male,All ages,75.96362,75.11466,76.81258,2005
10980,Southwark,Male,All ages,76.55338,75.60012,77.50665,2006
11282,Southwark,Male,All ages,76.45313,75.47113,77.43514,2007
11584,Southwark,Male,All ages,75.81571,74.91301,76.71842,2008
11886,Southwark,Male,All ages,77.70344,76.81207,78.59481,2009
12188,Southwark,Male,All ages,77.37158,76.5065,78.23666,2010
12488,Southwark,Male,All ages,77.82548,76.9342,78.71676,2011
12790,Southwark,Male,All ages,78.48,77.59,79.38,2012
13096,Southwark,Male,All ages,78.65,77.79,79.5,2013
13402,Southwark,Male,All ages,78.54,77.64,79.45,2014
13708,Southwark,Male,All ages,78.28,77.43,79.14,2015
14014,Southwark,Male,All ages,78.79,77.95,79.63,2016
14320,Southwark,Male,All ages,77.71,76.91,78.51,2017
14624,Southwark,Male,All ages,79.03,78.23,79.84,2018
14926,Southwark,Male,All ages,79.1,78.22,79.98,2019
15228,Southwark,Male,All ages,77.64,76.9,78.38,2020
15530,Southwark,Male,All ages,78.22,77.45,78.99,2021
15832,Southwark,Male,All ages,79.28,78.49,80.08,2022
