,Area Name,Sex,Age,Value,Lower CI 95.0 limit,Upper CI 95.0 limit,Time period Sortable
9374,Torbay,Male,All ages,76.88718,75.90997,77.86438,2001
9676,Torbay,Male,All ages,75.79568,74.55904,77.03233,2002
9978,Torbay,Male,All ages,76.37334,75.31284,77.43384,2003
10280,Torbay,Male,All ages,76.78268,75.74301,77.82236,2004
10582,Torbay,Male,All ages,75.8955,74.72604,77.06496,2005
10884,Torbay,Male,All ages,77.59092,76.49698,78.68487,2006
11186,Torbay,Male,All ages,77.78892,76.73168,78.84617,2007
11488,Torbay,Male,All ages,77.84681,76.78135,78.91228,2008
11790,Torbay,Male,All ages,77.01817,75.80087,78.23548,2009
12092,Torbay,Male,All ages,78.51818,77.4193,79.61706,2010
12394,Torbay,Male,All ages,79.22974,78.14503,80.31445,2011
12692,Torbay,Male,All ages,79.27,78.24,80.31,2012
12998,Torbay,Male,All ages,78.81,77.84,79.78,2013
13304,Torbay,Male,All ages,79.24,78.27,80.2,2014
13610,Torbay,Male,All ages,78.64,77.55,79.73,2015
13916,Torbay,Male,All ages,78.48,77.51,79.46,2016
14222,Torbay,Male,All ages,79.02,78.05,79.99,2017
14528,Torbay,Male,All ages,78.44,77.35,79.54,2018
14830,Torbay,Male,All ages,79.59,78.59,80.59,2019
15132,Torbay,Male,All ages,77.94,76.81,79.06,2020
15434,Torbay,Male,All ages,78.25,77.23,79.26,2021
15736,Torbay,Male,All ages,77.98,76.91,79.05,2022
