,Area Name,Sex,Age,Value,Lower CI 95.0 limit,Upper CI 95.0 limit,Time period Sortable
9395,Shropshire,Male,All ages,77.07195,76.37787,77.76603,2001
9697,Shropshire,Male,All ages,76.46511,75.72631,77.2039,2002
9999,Shropshire,Male,All ages,77.18656,76.48494,77.88818,2003
10301,Shropshire,Male,All ages,77.71864,77.02142,78.41585,2004
10603,Shropshire,Male,All ages,77.8612,77.15537,78.56704,2005
10905,Shropshire,Male,All ages,78.35963,77.63561,79.08365,2006
11207,Shropshire,Male,All ages,78.85362,78.13879,79.56845,2007
11509,Shropshire,Male,All ages,78.60056,77.86755,79.33357,2008
11811,Shropshire,Male,All ages,78.99297,78.30974,79.6762,2009
12113,Shropshire,Male,All ages,79.02728,78.36653,79.68803,2010
12415,Shropshire,Male,All ages,80.43879,79.76958,81.108,2011
12713,Shropshire,Male,All ages,79.77,79.09,80.45,2012
13019,Shropshire,Male,All ages,79.71,79.06,80.35,2013
13325,Shropshire,Male,All ages,80.87,80.2,81.54,2014
13631,Shropshire,Male,All ages,80.24,79.6,80.87,2015
13937,Shropshire,Male,All ages,80.43,79.82,81.04,2016
14243,Shropshire,Male,All ages,80.41,79.76,81.05,2017
14549,Shropshire,Male,All ages,80.64,79.96,81.32,2018
14851,Shropshire,Male,All ages,80.6,79.95,81.26,2019
15153,Shropshire,Male,All ages,79.28,78.55,80.0,2020
15455,Shropshire,Male,All ages,80.23,79.59,80.87,2021
15757,Shropshire,Male,All ages,79.74,79.06,80.41,2022
