,Area Name,Sex,Age,Value,Lower CI 95.0 limit,Upper CI 95.0 limit,Time period Sortable
9449,Camden,Male,All ages,73.71416,72.73045,74.69787,2001
9751,Camden,Male,All ages,75.06668,74.1233,76.01006,2002
10053,Camden,Male,All ages,75.19736,74.21326,76.18146,2003
10355,Camden,Male,All ages,75.99835,75.04118,76.95552,2004
10657,Camden,Male,All ages,75.66148,74.76177,76.5612,2005
10959,Camden,Male,All ages,77.50861,76.47434,78.54287,2006
11261,Camden,Male,All ages,77.59373,76.62392,78.56353,2007
11563,Camden,Male,All ages,77.8607,76.94783,78.77356,2008
11865,Camden,Male,All ages,79.18739,78.23978,80.13501,2009
12167,Camden,Male,All ages,79.15054,78.16753,80.13355,2010
12467,Camden,Male,All ages,80.33399,79.34866,81.31932,2011
12769,Camden,Male,All ages,80.69,79.7,81.68,2012
13075,Camden,Male,All ages,80.28,79.28,81.29,2013
13381,Camden,Male,All ages,81.39,80.39,82.39,2014
13687,Camden,Male,All ages,80.63,79.74,81.53,2015
13993,Camden,Male,All ages,80.42,79.44,81.41,2016
14299,Camden,Male,All ages,80.59,79.64,81.53,2017
14603,Camden,Male,All ages,80.13,79.11,81.15,2018
14905,Camden,Male,All ages,80.59,79.6,81.57,2019
15207,Camden,Male,All ages,78.18,77.25,79.12,2020
15509,Camden,Male,All ages,79.49,78.6,80.38,2021
15811,Camden,Male,All ages,79.96,79.0,80.91,2022
