,Area Name,Sex,Age,Value,Lower CI 95.0 limit,Upper CI 95.0 limit,Time period Sortable
9501,Darlington,Female,All ages,78.40085,77.14611,79.6556,2001
9803,Darlington,Female,All ages,80.09102,79.00307,81.17896,2002
10105,Darlington,Female,All ages,80.21128,79.19854,81.22403,2003
10407,Darlington,Female,All ages,79.23544,78.06395,80.40693,2004
10709,Darlington,Female,All ages,80.68538,79.5947,81.77607,2005
11011,Darlington,Female,All ages,80.21344,79.03198,81.39491,2006
11313,Darlington,Female,All ages,80.23651,79.05369,81.41934,2007
11615,Darlington,Female,All ages,80.9431,79.87232,82.01388,2008
11917,Darlington,Female,All ages,81.2033,80.11555,82.29105,2009
12219,Darlington,Female,All ages,82.19424,81.09962,83.28887,2010
12519,Darlington,Female,All ages,83.03887,81.98173,84.09601,2011
12821,Darlington,Female,All ages,82.42,81.39,83.45,2012
13127,Darlington,Female,All ages,81.78,80.71,82.86,2013
13433,Darlington,Female,All ages,82.33,81.26,83.4,2014
13739,Darlington,Female,All ages,81.64,80.7,82.58,2015
14045,Darlington,Female,All ages,82.26,81.14,83.37,2016
14351,Darlington,Female,All ages,82.86,81.96,83.76,2017
14655,Darlington,Female,All ages,81.85,80.87,82.84,2018
14957,Darlington,Female,All ages,80.72,79.6,81.84,2019
15259,Darlington,Female,All ages,80.78,79.72,81.83,2020
15561,Darlington,Female,All ages,81.68,80.58,82.77,2021
15863,Darlington,Female,All ages,81.54,80.42,82.66,2022
