,Area Name,Sex,Age,Value,Lower CI 95.0 limit,Upper CI 95.0 limit,Time period Sortable
9362,Derby,Male,All ages,76.0645,75.2826,76.8464,2001
9664,Derby,Male,All ages,75.38862,74.59162,76.18562,2002
9966,Derby,Male,All ages,76.18145,75.38402,76.97889,2003
10268,Derby,Male,All ages,76.56288,75.73322,77.39253,2004
10570,Derby,Male,All ages,76.42587,75.62923,77.2225,2005
10872,Derby,Male,All ages,76.84563,76.06671,77.62455,2006
11174,Derby,Male,All ages,76.87716,76.07728,77.67704,2007
11476,Derby,Male,All ages,76.84368,76.06076,77.62659,2008
11778,Derby,Male,All ages,77.36025,76.54072,78.17978,2009
12080,Derby,Male,All ages,78.00903,77.22721,78.79085,2010
12382,Derby,Male,All ages,78.98471,78.16345,79.80597,2011
12680,Derby,Male,All ages,78.6,77.82,79.38,2012
12986,Derby,Male,All ages,77.91,77.13,78.69,2013
13292,Derby,Male,All ages,78.18,77.41,78.95,2014
13598,Derby,Male,All ages,78.22,77.45,78.98,2015
13904,Derby,Male,All ages,78.45,77.67,79.22,2016
14210,Derby,Male,All ages,79.07,78.35,79.79,2017
14516,Derby,Male,All ages,78.56,77.83,79.3,2018
14818,Derby,Male,All ages,78.46,77.66,79.26,2019
15120,Derby,Male,All ages,76.64,75.91,77.37,2020
15422,Derby,Male,All ages,76.83,76.04,77.62,2021
15724,Derby,Male,All ages,77.49,76.73,78.26,2022
