,Area Name,Sex,Age,Value,Lower CI 95.0 limit,Upper CI 95.0 limit,Time period Sortable
9405,West Northamptonshire,Male,All ages,76.70411,76.02972,77.37851,2001
9707,West Northamptonshire,Male,All ages,76.57977,75.94336,77.21619,2002
10009,West Northamptonshire,Male,All ages,76.69978,76.06844,77.33113,2003
10311,West Northamptonshire,Male,All ages,77.65094,76.99911,78.30277,2004
10613,West Northamptonshire,Male,All ages,77.97011,77.32272,78.6175,2005
10915,West Northamptonshire,Male,All ages,77.57877,76.92578,78.23177,2006
11217,West Northamptonshire,Male,All ages,78.30389,77.67459,78.93319,2007
11519,West Northamptonshire,Male,All ages,77.96373,77.33092,78.59655,2008
11821,West Northamptonshire,Male,All ages,79.25485,78.6186,79.8911,2009
12123,West Northamptonshire,Male,All ages,78.22477,77.58854,78.861,2010
12425,West Northamptonshire,Male,All ages,79.2076,78.57057,79.84462,2011
12723,West Northamptonshire,Male,All ages,79.21,78.59,79.82,2012
13029,West Northamptonshire,Male,All ages,79.75,79.14,80.35,2013
13335,West Northamptonshire,Male,All ages,79.75,79.12,80.38,2014
13641,West Northamptonshire,Male,All ages,79.55,78.96,80.14,2015
13947,West Northamptonshire,Male,All ages,80.2,79.61,80.79,2016
14253,West Northamptonshire,Male,All ages,79.75,79.19,80.32,2017
14559,West Northamptonshire,Male,All ages,79.93,79.34,80.52,2018
14861,West Northamptonshire,Male,All ages,80.12,79.52,80.72,2019
15163,West Northamptonshire,Male,All ages,79.45,78.93,79.97,2020
15465,West Northamptonshire,Male,All ages,79.4,78.83,79.98,2021
15767,West Northamptonshire,Male,All ages,79.85,79.28,80.41,2022
