,Area Name,Sex,Age,Value,Lower CI 95.0 limit,Upper CI 95.0 limit,Time period Sortable
9576,Newcastle upon Tyne,Female,All ages,79.73444,79.03614,80.43274,2001
9878,Newcastle upon Tyne,Female,All ages,79.30388,78.64376,79.96399,2002
10180,Newcastle upon Tyne,Female,All ages,79.62707,78.94542,80.30871,2003
10482,Newcastle upon Tyne,Female,All ages,80.28074,79.56717,80.99432,2004
10784,Newcastle upon Tyne,Female,All ages,80.05624,79.36951,80.74296,2005
11086,Newcastle upon Tyne,Female,All ages,79.88166,79.15862,80.60471,2006
11388,Newcastle upon Tyne,Female,All ages,80.68998,80.00413,81.37584,2007
11690,Newcastle upon Tyne,Female,All ages,79.66922,78.90747,80.43098,2008
11992,Newcastle upon Tyne,Female,All ages,80.93011,80.21744,81.64279,2009
12294,Newcastle upon Tyne,Female,All ages,80.67171,79.9485,81.39492,2010
12592,Newcastle upon Tyne,Female,All ages,81.704,81.00385,82.40416,2011
12898,Newcastle upon Tyne,Female,All ages,81.47,80.74,82.19,2012
13204,Newcastle upon Tyne,Female,All ages,81.89,81.17,82.61,2013
13510,Newcastle upon Tyne,Female,All ages,82.09,81.4,82.78,2014
13816,Newcastle upon Tyne,Female,All ages,80.72,80.04,81.39,2015
14122,Newcastle upon Tyne,Female,All ages,81.36,80.66,82.07,2016
14428,Newcastle upon Tyne,Female,All ages,81.9,81.22,82.57,2017
14730,Newcastle upon Tyne,Female,All ages,82.22,81.58,82.87,2018
15032,Newcastle upon Tyne,Female,All ages,82.09,81.39,82.78,2019
15334,Newcastle upon Tyne,Female,All ages,81.13,80.46,81.79,2020
15636,Newcastle upon Tyne,Female,All ages,82.33,81.64,83.02,2021
15938,Newcastle upon Tyne,Female,All ages,81.68,80.96,82.41,2022
