,Area Name,Sex,Age,Value,Lower CI 95.0 limit,Upper CI 95.0 limit,Time period Sortable
9379,Thurrock,Male,All ages,75.43085,74.2967,76.56499,2001
9681,Thurrock,Male,All ages,75.86692,74.91112,76.82272,2002
9983,Thurrock,Male,All ages,75.87001,74.88202,76.858,2003
10285,Thurrock,Male,All ages,77.15951,76.12463,78.19438,2004
10587,Thurrock,Male,All ages,77.69453,76.7001,78.68897,2005
10889,Thurrock,Male,All ages,77.85672,76.84074,78.8727,2006
11191,Thurrock,Male,All ages,77.77613,76.7783,78.77396,2007
11493,Thurrock,Male,All ages,77.69398,76.75174,78.63622,2008
11795,Thurrock,Male,All ages,78.35363,77.43122,79.27605,2009
12097,Thurrock,Male,All ages,78.62419,77.55909,79.68929,2010
12399,Thurrock,Male,All ages,79.04151,78.12176,79.96126,2011
12697,Thurrock,Male,All ages,79.48,78.57,80.39,2012
13003,Thurrock,Male,All ages,78.62,77.66,79.58,2013
13309,Thurrock,Male,All ages,79.68,78.75,80.61,2014
13615,Thurrock,Male,All ages,78.56,77.64,79.48,2015
13921,Thurrock,Male,All ages,79.08,78.13,80.02,2016
14227,Thurrock,Male,All ages,78.72,77.85,79.6,2017
14533,Thurrock,Male,All ages,79.13,78.26,80.0,2018
14835,Thurrock,Male,All ages,80.11,79.2,81.03,2019
15137,Thurrock,Male,All ages,75.83,74.86,76.79,2020
15439,Thurrock,Male,All ages,77.19,76.26,78.11,2021
15741,Thurrock,Male,All ages,78.49,77.57,79.41,2022
