,Area Name,Sex,Age,Value,Lower CI 95.0 limit,Upper CI 95.0 limit,Time period Sortable
9488,Norfolk,Male,All ages,77.28407,76.85759,77.71055,2001
9790,Norfolk,Male,All ages,77.24163,76.82869,77.65456,2002
10092,Norfolk,Male,All ages,77.89017,77.47592,78.30443,2003
10394,Norfolk,Male,All ages,78.1957,77.77297,78.61843,2004
10696,Norfolk,Male,All ages,77.88975,77.47426,78.30523,2005
10998,Norfolk,Male,All ages,78.41517,77.99299,78.83734,2006
11300,Norfolk,Male,All ages,78.95022,78.53603,79.3644,2007
11602,Norfolk,Male,All ages,78.83395,78.43175,79.23616,2008
11904,Norfolk,Male,All ages,79.01509,78.59719,79.43299,2009
12206,Norfolk,Male,All ages,79.66755,79.27219,80.06291,2010
12506,Norfolk,Male,All ages,80.04743,79.64088,80.45398,2011
12808,Norfolk,Male,All ages,79.94,79.55,80.34,2012
13114,Norfolk,Male,All ages,80.17,79.78,80.56,2013
13420,Norfolk,Male,All ages,80.0,79.58,80.41,2014
13726,Norfolk,Male,All ages,80.32,79.94,80.69,2015
14032,Norfolk,Male,All ages,79.69,79.3,80.09,2016
14338,Norfolk,Male,All ages,80.16,79.78,80.55,2017
14642,Norfolk,Male,All ages,79.76,79.37,80.15,2018
14944,Norfolk,Male,All ages,80.38,79.99,80.76,2019
15246,Norfolk,Male,All ages,79.65,79.27,80.04,2020
15548,Norfolk,Male,All ages,79.65,79.27,80.02,2021
15850,Norfolk,Male,All ages,79.44,79.04,79.84,2022
