,Area Name,Sex,Age,Value,Lower CI 95.0 limit,Upper CI 95.0 limit,Time period Sortable
9541,County Durham,Female,All ages,79.20732,78.66725,79.74739,2001
9843,County Durham,Female,All ages,79.33162,78.8127,79.85053,2002
10145,County Durham,Female,All ages,79.01592,78.51754,79.5143,2003
10447,County Durham,Female,All ages,79.67705,79.17142,80.18269,2004
10749,County Durham,Female,All ages,79.62842,79.12746,80.12938,2005
11051,County Durham,Female,All ages,80.30633,79.80481,80.80785,2006
11353,County Durham,Female,All ages,80.62077,80.13885,81.10269,2007
11655,County Durham,Female,All ages,80.22607,79.73192,80.72023,2008
11957,County Durham,Female,All ages,81.04729,80.57755,81.51702,2009
12259,County Durham,Female,All ages,81.51898,81.03676,82.0012,2010
12559,County Durham,Female,All ages,81.33305,80.86685,81.79926,2011
12861,County Durham,Female,All ages,81.57,81.09,82.04,2012
13167,County Durham,Female,All ages,81.02,80.56,81.47,2013
13473,County Durham,Female,All ages,81.39,80.88,81.89,2014
13779,County Durham,Female,All ages,81.31,80.83,81.8,2015
14085,County Durham,Female,All ages,81.15,80.65,81.65,2016
14391,County Durham,Female,All ages,81.52,81.06,81.99,2017
14695,County Durham,Female,All ages,81.64,81.17,82.11,2018
14997,County Durham,Female,All ages,82.06,81.56,82.56,2019
15299,County Durham,Female,All ages,80.07,79.6,80.55,2020
15601,County Durham,Female,All ages,80.51,79.98,81.04,2021
15903,County Durham,Female,All ages,80.79,80.26,81.32,2022
