,Area Name,Sex,Age,Value,Lower CI 95.0 limit,Upper CI 95.0 limit,Time period Sortable
9454,Hackney,Male,All ages,74.43425,73.43767,75.43084,2001
9756,Hackney,Male,All ages,74.46036,73.38413,75.5366,2002
10058,Hackney,Male,All ages,74.44071,73.40611,75.47532,2003
10360,Hackney,Male,All ages,74.72746,73.71559,75.73933,2004
10662,Hackney,Male,All ages,75.85769,74.8796,76.83578,2005
10964,Hackney,Male,All ages,74.18843,73.24695,75.12992,2006
11266,Hackney,Male,All ages,76.25214,75.25068,77.2536,2007
11568,Hackney,Male,All ages,76.48224,75.31132,77.65315,2008
11870,Hackney,Male,All ages,77.28179,76.15535,78.40822,2009
12172,Hackney,Male,All ages,77.04594,76.00876,78.08312,2010
12472,Hackney,Male,All ages,78.2814,77.21812,79.34467,2011
12774,Hackney,Male,All ages,77.22,76.2,78.24,2012
13080,Hackney,Male,All ages,78.3,77.2,79.4,2013
13386,Hackney,Male,All ages,79.01,77.97,80.04,2014
13692,Hackney,Male,All ages,77.65,76.66,78.64,2015
13998,Hackney,Male,All ages,78.48,77.52,79.43,2016
14304,Hackney,Male,All ages,77.93,76.94,78.91,2017
14608,Hackney,Male,All ages,79.5,78.5,80.5,2018
14910,Hackney,Male,All ages,78.51,77.58,79.45,2019
15212,Hackney,Male,All ages,76.21,75.37,77.04,2020
15514,Hackney,Male,All ages,75.74,74.9,76.59,2021
15816,Hackney,Male,All ages,78.34,77.45,79.23,2022
