,Area Name,Sex,Age,Value,Lower CI 95.0 limit,Upper CI 95.0 limit,Time period Sortable
9398,Bedford,Male,All ages,77.33913,76.36129,78.31697,2001
9700,Bedford,Male,All ages,75.83538,74.78708,76.88368,2002
10002,Bedford,Male,All ages,77.60125,76.63181,78.57069,2003
10304,Bedford,Male,All ages,77.0077,75.9899,78.0255,2004
10606,Bedford,Male,All ages,78.15281,77.18138,79.12425,2005
10908,Bedford,Male,All ages,77.43716,76.42029,78.45403,2006
11210,Bedford,Male,All ages,78.45663,77.45491,79.45836,2007
11512,Bedford,Male,All ages,78.53354,77.50729,79.55979,2008
11814,Bedford,Male,All ages,77.91846,76.91415,78.92277,2009
12116,Bedford,Male,All ages,78.37201,77.37891,79.36512,2010
12418,Bedford,Male,All ages,79.33473,78.29206,80.37739,2011
12716,Bedford,Male,All ages,79.71,78.78,80.65,2012
13022,Bedford,Male,All ages,79.76,78.79,80.73,2013
13328,Bedford,Male,All ages,80.48,79.52,81.44,2014
13634,Bedford,Male,All ages,79.43,78.48,80.37,2015
13940,Bedford,Male,All ages,80.33,79.44,81.22,2016
14246,Bedford,Male,All ages,79.93,79.03,80.83,2017
14552,Bedford,Male,All ages,79.06,78.12,80.0,2018
14854,Bedford,Male,All ages,79.61,78.73,80.5,2019
15156,Bedford,Male,All ages,79.11,78.21,80.0,2020
15458,Bedford,Male,All ages,77.48,76.62,78.35,2021
15760,Bedford,Male,All ages,79.23,78.34,80.12,2022
