,Area Name,Sex,Age,Value,Lower CI 95.0 limit,Upper CI 95.0 limit,Time period Sortable
9432,Coventry,Male,All ages,75.33546,74.61751,76.0534,2001
9734,Coventry,Male,All ages,76.0449,75.35094,76.73886,2002
10036,Coventry,Male,All ages,75.09862,74.38468,75.81255,2003
10338,Coventry,Male,All ages,75.19549,74.44342,75.94756,2004
10640,Coventry,Male,All ages,75.38714,74.66347,76.11081,2005
10942,Coventry,Male,All ages,76.00752,75.29259,76.72244,2006
11244,Coventry,Male,All ages,76.38614,75.65715,77.11513,2007
11546,Coventry,Male,All ages,76.22262,75.50833,76.93692,2008
11848,Coventry,Male,All ages,77.17068,76.44244,77.89893,2009
12150,Coventry,Male,All ages,77.55768,76.84405,78.27131,2010
12450,Coventry,Male,All ages,77.70168,76.97288,78.43049,2011
12752,Coventry,Male,All ages,78.57,77.86,79.27,2012
13058,Coventry,Male,All ages,77.99,77.32,78.66,2013
13364,Coventry,Male,All ages,78.8,78.1,79.51,2014
13670,Coventry,Male,All ages,78.32,77.64,78.99,2015
13976,Coventry,Male,All ages,78.37,77.69,79.05,2016
14282,Coventry,Male,All ages,78.07,77.41,78.72,2017
14586,Coventry,Male,All ages,78.94,78.29,79.6,2018
14888,Coventry,Male,All ages,78.83,78.16,79.51,2019
15190,Coventry,Male,All ages,75.94,75.26,76.61,2020
15492,Coventry,Male,All ages,77.01,76.32,77.7,2021
15794,Coventry,Male,All ages,77.55,76.87,78.23,2022
