,Area Name,Sex,Age,Value,Lower CI 95.0 limit,Upper CI 95.0 limit,Time period Sortable
9409,Bury,Male,All ages,75.48399,74.64554,76.32244,2001
9711,Bury,Male,All ages,75.49312,74.6421,76.34414,2002
10013,Bury,Male,All ages,75.59669,74.75142,76.44197,2003
10315,Bury,Male,All ages,75.33622,74.42832,76.24413,2004
10617,Bury,Male,All ages,76.51648,75.61366,77.41929,2005
10919,Bury,Male,All ages,76.19712,75.32027,77.07398,2006
11221,Bury,Male,All ages,76.79058,75.90737,77.6738,2007
11523,Bury,Male,All ages,76.61803,75.78365,77.45242,2008
11825,Bury,Male,All ages,77.96893,77.10869,78.82918,2009
12127,Bury,Male,All ages,77.6983,76.82007,78.57653,2010
12427,Bury,Male,All ages,77.91586,77.03377,78.79795,2011
12729,Bury,Male,All ages,78.02,77.14,78.89,2012
13035,Bury,Male,All ages,78.3,77.44,79.16,2013
13341,Bury,Male,All ages,77.37,76.47,78.27,2014
13647,Bury,Male,All ages,78.15,77.32,78.99,2015
13953,Bury,Male,All ages,78.26,77.43,79.1,2016
14259,Bury,Male,All ages,79.09,78.28,79.9,2017
14563,Bury,Male,All ages,78.8,77.91,79.69,2018
14865,Bury,Male,All ages,79.19,78.28,80.1,2019
15167,Bury,Male,All ages,77.41,76.62,78.19,2020
15469,Bury,Male,All ages,76.75,75.83,77.67,2021
15771,Bury,Male,All ages,77.53,76.66,78.41,2022
