,Area Name,Sex,Age,Value,Lower CI 95.0 limit,Upper CI 95.0 limit,Time period Sortable
9601,Enfield,Female,All ages,81.17171,80.46759,81.87583,2001
9903,Enfield,Female,All ages,81.15929,80.49156,81.82701,2002
10205,Enfield,Female,All ages,80.78256,80.06208,81.50305,2003
10507,Enfield,Female,All ages,81.48664,80.78245,82.19084,2004
10809,Enfield,Female,All ages,81.68854,80.98463,82.39245,2005
11111,Enfield,Female,All ages,82.51429,81.83063,83.19796,2006
11413,Enfield,Female,All ages,82.75607,82.04225,83.4699,2007
11715,Enfield,Female,All ages,82.1939,81.49727,82.89053,2008
12017,Enfield,Female,All ages,83.1334,82.43747,83.82933,2009
12319,Enfield,Female,All ages,82.95037,82.21716,83.68358,2010
12617,Enfield,Female,All ages,84.95517,84.25809,85.65225,2011
12923,Enfield,Female,All ages,83.56,82.87,84.25,2012
13229,Enfield,Female,All ages,84.12,83.46,84.78,2013
13535,Enfield,Female,All ages,84.61,83.96,85.26,2014
13841,Enfield,Female,All ages,83.82,83.18,84.46,2015
14147,Enfield,Female,All ages,85.26,84.61,85.9,2016
14453,Enfield,Female,All ages,84.58,83.93,85.24,2017
14755,Enfield,Female,All ages,84.58,83.9,85.26,2018
15057,Enfield,Female,All ages,85.15,84.42,85.87,2019
15359,Enfield,Female,All ages,83.35,82.74,83.96,2020
15661,Enfield,Female,All ages,84.13,83.48,84.79,2021
15963,Enfield,Female,All ages,84.88,84.2,85.56,2022
