,Area Name,Sex,Age,Value,Lower CI 95.0 limit,Upper CI 95.0 limit,Time period Sortable
9526,Luton,Female,All ages,78.28441,77.34178,79.22703,2001
9828,Luton,Female,All ages,79.36671,78.4763,80.25712,2002
10130,Luton,Female,All ages,80.2611,79.40272,81.11948,2003
10432,Luton,Female,All ages,79.70507,78.81877,80.59137,2004
10734,Luton,Female,All ages,79.94484,79.04392,80.84576,2005
11036,Luton,Female,All ages,80.58516,79.69786,81.47245,2006
11338,Luton,Female,All ages,80.67821,79.80662,81.54981,2007
11640,Luton,Female,All ages,80.33656,79.4377,81.23542,2008
11942,Luton,Female,All ages,81.18347,80.28013,82.08682,2009
12244,Luton,Female,All ages,81.73952,80.8064,82.67263,2010
12544,Luton,Female,All ages,82.42333,81.55442,83.29224,2011
12846,Luton,Female,All ages,81.77,80.9,82.64,2012
13152,Luton,Female,All ages,82.49,81.59,83.38,2013
13458,Luton,Female,All ages,82.05,81.19,82.92,2014
13764,Luton,Female,All ages,82.06,81.2,82.91,2015
14070,Luton,Female,All ages,82.14,81.28,82.99,2016
14376,Luton,Female,All ages,82.25,81.43,83.07,2017
14680,Luton,Female,All ages,82.61,81.77,83.45,2018
14982,Luton,Female,All ages,82.84,81.96,83.72,2019
15284,Luton,Female,All ages,81.21,80.4,82.02,2020
15586,Luton,Female,All ages,81.67,80.77,82.56,2021
15888,Luton,Female,All ages,81.0,80.1,81.9,2022
