,Area Name,Sex,Age,Value,Lower CI 95.0 limit,Upper CI 95.0 limit,Time period Sortable
9588,Calderdale,Female,All ages,80.04246,79.19296,80.89197,2001
9890,Calderdale,Female,All ages,80.20684,79.41758,80.99611,2002
10192,Calderdale,Female,All ages,80.56937,79.77087,81.36788,2003
10494,Calderdale,Female,All ages,81.46223,80.66638,82.25807,2004
10796,Calderdale,Female,All ages,80.55863,79.73198,81.38528,2005
11098,Calderdale,Female,All ages,81.96668,81.13974,82.79362,2006
11400,Calderdale,Female,All ages,81.24687,80.45341,82.04032,2007
11702,Calderdale,Female,All ages,80.84107,79.99388,81.68827,2008
12004,Calderdale,Female,All ages,81.0478,80.18228,81.91332,2009
12306,Calderdale,Female,All ages,81.90398,81.08025,82.72771,2010
12604,Calderdale,Female,All ages,82.22396,81.39293,83.05499,2011
12910,Calderdale,Female,All ages,82.15,81.36,82.94,2012
13216,Calderdale,Female,All ages,81.51,80.64,82.38,2013
13522,Calderdale,Female,All ages,82.61,81.84,83.38,2014
13828,Calderdale,Female,All ages,82.1,81.34,82.86,2015
14134,Calderdale,Female,All ages,81.88,81.05,82.71,2016
14440,Calderdale,Female,All ages,81.84,81.01,82.66,2017
14742,Calderdale,Female,All ages,82.34,81.57,83.11,2018
15044,Calderdale,Female,All ages,82.34,81.51,83.16,2019
15346,Calderdale,Female,All ages,82.01,81.26,82.77,2020
15648,Calderdale,Female,All ages,81.92,81.13,82.72,2021
15950,Calderdale,Female,All ages,82.61,81.83,83.38,2022
