,Area Name,Sex,Age,Value,Lower CI 95.0 limit,Upper CI 95.0 limit,Time period Sortable
9530,Bracknell Forest,Female,All ages,81.27716,80.15936,82.39497,2001
9832,Bracknell Forest,Female,All ages,81.50533,80.3845,82.62616,2002
10134,Bracknell Forest,Female,All ages,81.47192,80.43057,82.51327,2003
10436,Bracknell Forest,Female,All ages,82.3089,81.16239,83.45541,2004
10738,Bracknell Forest,Female,All ages,82.4674,81.35279,83.58201,2005
11040,Bracknell Forest,Female,All ages,82.48071,81.29943,83.66199,2006
11342,Bracknell Forest,Female,All ages,83.14878,81.89991,84.39765,2007
11644,Bracknell Forest,Female,All ages,82.82774,81.6012,84.05428,2008
11946,Bracknell Forest,Female,All ages,83.25855,82.0538,84.46329,2009
12248,Bracknell Forest,Female,All ages,84.51605,83.2602,85.77191,2010
12548,Bracknell Forest,Female,All ages,83.08473,81.95522,84.21425,2011
12850,Bracknell Forest,Female,All ages,83.79,82.7,84.87,2012
13156,Bracknell Forest,Female,All ages,85.2,84.06,86.33,2013
13462,Bracknell Forest,Female,All ages,85.57,84.43,86.7,2014
13768,Bracknell Forest,Female,All ages,84.39,83.32,85.46,2015
14074,Bracknell Forest,Female,All ages,84.74,83.79,85.7,2016
14380,Bracknell Forest,Female,All ages,84.16,82.84,85.47,2017
14684,Bracknell Forest,Female,All ages,85.39,84.22,86.56,2018
14986,Bracknell Forest,Female,All ages,86.13,85.03,87.23,2019
15288,Bracknell Forest,Female,All ages,84.14,83.11,85.16,2020
15590,Bracknell Forest,Female,All ages,84.7,83.6,85.8,2021
15892,Bracknell Forest,Female,All ages,84.26,83.29,85.22,2022
