,Area Name,Sex,Age,Value,Lower CI 95.0 limit,Upper CI 95.0 limit,Time period Sortable
9404,North Northamptonshire,Male,All ages,76.44289,75.72953,77.15625,2001
9706,North Northamptonshire,Male,All ages,76.05501,75.33579,76.77424,2002
10008,North Northamptonshire,Male,All ages,75.84974,75.12834,76.57114,2003
10310,North Northamptonshire,Male,All ages,76.51259,75.75911,77.26606,2004
10612,North Northamptonshire,Male,All ages,77.03226,76.33311,77.73141,2005
10914,North Northamptonshire,Male,All ages,77.18663,76.4777,77.89557,2006
11216,North Northamptonshire,Male,All ages,77.70191,77.00874,78.39508,2007
11518,North Northamptonshire,Male,All ages,77.91026,77.21807,78.60246,2008
11820,North Northamptonshire,Male,All ages,77.38124,76.63643,78.12605,2009
12122,North Northamptonshire,Male,All ages,79.36405,78.74166,79.98643,2010
12424,North Northamptonshire,Male,All ages,78.60205,77.94569,79.25841,2011
12722,North Northamptonshire,Male,All ages,79.33,78.65,80.0,2012
13028,North Northamptonshire,Male,All ages,79.19,78.53,79.85,2013
13334,North Northamptonshire,Male,All ages,78.95,78.27,79.63,2014
13640,North Northamptonshire,Male,All ages,78.97,78.3,79.64,2015
13946,North Northamptonshire,Male,All ages,79.14,78.49,79.78,2016
14252,North Northamptonshire,Male,All ages,79.52,78.88,80.16,2017
14558,North Northamptonshire,Male,All ages,79.43,78.8,80.06,2018
14860,North Northamptonshire,Male,All ages,79.38,78.74,80.01,2019
15162,North Northamptonshire,Male,All ages,78.88,78.33,79.42,2020
15464,North Northamptonshire,Male,All ages,78.76,78.15,79.37,2021
15766,North Northamptonshire,Male,All ages,78.77,78.16,79.38,2022
