,Area Name,Sex,Age,Value,Lower CI 95.0 limit,Upper CI 95.0 limit,Time period Sortable
9381,Bracknell Forest,Male,All ages,76.1814,74.93521,77.42758,2001
9683,Bracknell Forest,Male,All ages,77.52674,76.17684,78.87665,2002
9985,Bracknell Forest,Male,All ages,78.10489,76.94247,79.2673,2003
10287,Bracknell Forest,Male,All ages,78.34634,77.0874,79.60529,2004
10589,Bracknell Forest,Male,All ages,78.07209,76.90993,79.23424,2005
10891,Bracknell Forest,Male,All ages,79.22204,77.94884,80.49524,2006
11193,Bracknell Forest,Male,All ages,79.02005,77.79746,80.24265,2007
11495,Bracknell Forest,Male,All ages,79.83824,78.70984,80.96663,2008
11797,Bracknell Forest,Male,All ages,79.25522,78.05426,80.45619,2009
12099,Bracknell Forest,Male,All ages,79.52248,78.28345,80.7615,2010
12401,Bracknell Forest,Male,All ages,81.70392,80.53419,82.87365,2011
12699,Bracknell Forest,Male,All ages,80.76,79.65,81.87,2012
13005,Bracknell Forest,Male,All ages,80.92,79.81,82.02,2013
13311,Bracknell Forest,Male,All ages,81.89,80.78,83.0,2014
13617,Bracknell Forest,Male,All ages,81.12,79.91,82.33,2015
13923,Bracknell Forest,Male,All ages,82.22,81.01,83.44,2016
14229,Bracknell Forest,Male,All ages,81.42,80.23,82.61,2017
14535,Bracknell Forest,Male,All ages,81.76,80.67,82.86,2018
14837,Bracknell Forest,Male,All ages,81.9,80.74,83.06,2019
15139,Bracknell Forest,Male,All ages,81.37,80.32,82.43,2020
15441,Bracknell Forest,Male,All ages,80.89,79.69,82.1,2021
15743,Bracknell Forest,Male,All ages,81.04,80.07,82.02,2022
