,Area Name,Sex,Age,Value,Lower CI 95.0 limit,Upper CI 95.0 limit,Time period Sortable
9617,Redbridge,Female,All ages,81.04366,80.25111,81.8362,2001
9919,Redbridge,Female,All ages,81.22722,80.45,82.00445,2002
10221,Redbridge,Female,All ages,80.75912,80.01891,81.49932,2003
10523,Redbridge,Female,All ages,81.81441,81.07547,82.55336,2004
10825,Redbridge,Female,All ages,82.20596,81.49097,82.92095,2005
11127,Redbridge,Female,All ages,82.25014,81.49145,83.00884,2006
11429,Redbridge,Female,All ages,82.61558,81.87122,83.35993,2007
11731,Redbridge,Female,All ages,82.50241,81.7874,83.21742,2008
12033,Redbridge,Female,All ages,83.18842,82.4339,83.94293,2009
12335,Redbridge,Female,All ages,83.34282,82.57811,84.10754,2010
12633,Redbridge,Female,All ages,83.89013,83.12778,84.65249,2011
12939,Redbridge,Female,All ages,84.23,83.53,84.94,2012
13245,Redbridge,Female,All ages,84.07,83.41,84.74,2013
13551,Redbridge,Female,All ages,85.09,84.34,85.84,2014
13857,Redbridge,Female,All ages,83.51,82.81,84.22,2015
14163,Redbridge,Female,All ages,84.31,83.61,85.01,2016
14469,Redbridge,Female,All ages,84.95,84.21,85.69,2017
14771,Redbridge,Female,All ages,84.76,84.06,85.47,2018
15073,Redbridge,Female,All ages,85.52,84.78,86.26,2019
15375,Redbridge,Female,All ages,83.08,82.4,83.76,2020
15677,Redbridge,Female,All ages,83.19,82.5,83.87,2021
15979,Redbridge,Female,All ages,84.2,83.52,84.88,2022
