,Area Name,Sex,Age,Value,Lower CI 95.0 limit,Upper CI 95.0 limit,Time period Sortable
9545,Cornwall,Female,All ages,81.58566,81.0786,82.09272,2001
9847,Cornwall,Female,All ages,81.09002,80.55849,81.62155,2002
10149,Cornwall,Female,All ages,81.54283,81.0469,82.03876,2003
10451,Cornwall,Female,All ages,81.84693,81.31965,82.3742,2004
10753,Cornwall,Female,All ages,82.09277,81.59565,82.5899,2005
11055,Cornwall,Female,All ages,82.80962,82.3293,83.28994,2006
11357,Cornwall,Female,All ages,82.42378,81.93736,82.9102,2007
11659,Cornwall,Female,All ages,82.37542,81.87897,82.87187,2008
11961,Cornwall,Female,All ages,82.61048,82.11813,83.10283,2009
12263,Cornwall,Female,All ages,83.21155,82.75425,83.66886,2010
12563,Cornwall,Female,All ages,83.59092,83.10909,84.07275,2011
12865,Cornwall,Female,All ages,83.37,82.91,83.83,2012
13171,Cornwall,Female,All ages,83.35,82.91,83.78,2013
13477,Cornwall,Female,All ages,83.56,83.08,84.03,2014
13783,Cornwall,Female,All ages,83.22,82.75,83.69,2015
14089,Cornwall,Female,All ages,83.27,82.82,83.72,2016
14395,Cornwall,Female,All ages,83.2,82.75,83.66,2017
14699,Cornwall,Female,All ages,83.04,82.55,83.53,2018
15001,Cornwall,Female,All ages,84.19,83.74,84.64,2019
15303,Cornwall,Female,All ages,83.49,83.02,83.96,2020
15605,Cornwall,Female,All ages,83.29,82.82,83.75,2021
15907,Cornwall,Female,All ages,83.62,83.21,84.04,2022
