,Area Name,Sex,Age,Value,Lower CI 95.0 limit,Upper CI 95.0 limit,Time period Sortable
9457,Harrow,Male,All ages,78.17268,77.25868,79.08669,2001
9759,Harrow,Male,All ages,78.16924,77.30444,79.03404,2002
10061,Harrow,Male,All ages,78.85633,77.99097,79.72168,2003
10363,Harrow,Male,All ages,78.50247,77.60119,79.40376,2004
10665,Harrow,Male,All ages,79.00653,78.12148,79.89157,2005
10967,Harrow,Male,All ages,79.62667,78.81284,80.44049,2006
11269,Harrow,Male,All ages,80.66925,79.78653,81.55197,2007
11571,Harrow,Male,All ages,81.46614,80.56407,82.36822,2008
11873,Harrow,Male,All ages,81.46725,80.59525,82.33925,2009
12175,Harrow,Male,All ages,81.35859,80.41182,82.30536,2010
12475,Harrow,Male,All ages,81.39711,80.50257,82.29166,2011
12777,Harrow,Male,All ages,82.19,81.31,83.07,2012
13083,Harrow,Male,All ages,82.54,81.62,83.45,2013
13389,Harrow,Male,All ages,82.36,81.53,83.18,2014
13695,Harrow,Male,All ages,81.81,80.96,82.65,2015
14001,Harrow,Male,All ages,82.89,82.01,83.76,2016
14307,Harrow,Male,All ages,82.66,81.84,83.49,2017
14611,Harrow,Male,All ages,83.23,82.41,84.05,2018
14913,Harrow,Male,All ages,82.5,81.63,83.37,2019
15215,Harrow,Male,All ages,80.12,79.39,80.84,2020
15517,Harrow,Male,All ages,80.38,79.59,81.16,2021
15819,Harrow,Male,All ages,81.97,81.19,82.76,2022
