,Area Name,Sex,Age,Value,Lower CI 95.0 limit,Upper CI 95.0 limit,Time period Sortable
9502,Halton,Female,All ages,78.48005,77.45749,79.50261,2001
9804,Halton,Female,All ages,77.86511,76.76541,78.9648,2002
10106,Halton,Female,All ages,78.44957,77.46538,79.43377,2003
10408,Halton,Female,All ages,78.34117,77.29863,79.3837,2004
10710,Halton,Female,All ages,78.25155,77.18099,79.32212,2005
11012,Halton,Female,All ages,78.79044,77.77778,79.80311,2006
11314,Halton,Female,All ages,79.2341,78.20274,80.26545,2007
11616,Halton,Female,All ages,79.08881,78.11775,80.05987,2008
11918,Halton,Female,All ages,80.19486,79.17431,81.21542,2009
12220,Halton,Female,All ages,80.63572,79.58801,81.68342,2010
12520,Halton,Female,All ages,80.74254,79.70248,81.7826,2011
12822,Halton,Female,All ages,80.11,79.15,81.07,2012
13128,Halton,Female,All ages,80.3,79.37,81.23,2013
13434,Halton,Female,All ages,81.22,80.29,82.15,2014
13740,Halton,Female,All ages,80.01,79.03,80.98,2015
14046,Halton,Female,All ages,80.53,79.58,81.48,2016
14352,Halton,Female,All ages,81.4,80.37,82.43,2017
14656,Halton,Female,All ages,81.15,80.21,82.08,2018
14958,Halton,Female,All ages,82.1,81.06,83.13,2019
15260,Halton,Female,All ages,80.5,79.53,81.47,2020
15562,Halton,Female,All ages,80.55,79.51,81.59,2021
15864,Halton,Female,All ages,80.33,79.33,81.34,2022
