,Area Name,Sex,Age,Value,Lower CI 95.0 limit,Upper CI 95.0 limit,Time period Sortable
9369,Bath and North East Somerset,Male,All ages,77.70214,76.78532,78.61896,2001
9671,Bath and North East Somerset,Male,All ages,77.82958,76.88831,78.77084,2002
9973,Bath and North East Somerset,Male,All ages,78.24734,77.27568,79.219,2003
10275,Bath and North East Somerset,Male,All ages,78.85336,77.90592,79.80081,2004
10577,Bath and North East Somerset,Male,All ages,79.00556,78.15168,79.85945,2005
10879,Bath and North East Somerset,Male,All ages,79.82677,78.90713,80.74641,2006
11181,Bath and North East Somerset,Male,All ages,79.57301,78.6909,80.45513,2007
11483,Bath and North East Somerset,Male,All ages,79.7034,78.77693,80.62986,2008
11785,Bath and North East Somerset,Male,All ages,79.86783,78.97129,80.76437,2009
12087,Bath and North East Somerset,Male,All ages,79.82918,78.99067,80.66768,2010
12389,Bath and North East Somerset,Male,All ages,80.05701,79.17742,80.9366,2011
12687,Bath and North East Somerset,Male,All ages,81.59,80.73,82.45,2012
12993,Bath and North East Somerset,Male,All ages,80.65,79.79,81.51,2013
13299,Bath and North East Somerset,Male,All ages,81.43,80.58,82.29,2014
13605,Bath and North East Somerset,Male,All ages,80.89,79.99,81.79,2015
13911,Bath and North East Somerset,Male,All ages,79.88,79.02,80.74,2016
14217,Bath and North East Somerset,Male,All ages,81.08,80.24,81.93,2017
14523,Bath and North East Somerset,Male,All ages,81.22,80.34,82.09,2018
14825,Bath and North East Somerset,Male,All ages,81.31,80.47,82.14,2019
15127,Bath and North East Somerset,Male,All ages,80.36,79.55,81.17,2020
15429,Bath and North East Somerset,Male,All ages,81.59,80.81,82.37,2021
15731,Bath and North East Somerset,Male,All ages,81.0,80.18,81.82,2022
