,Area Name,Sex,Age,Value,Lower CI 95.0 limit,Upper CI 95.0 limit,Time period Sortable
9383,Reading,Male,All ages,75.61877,74.50422,76.73332,2001
9685,Reading,Male,All ages,75.55592,74.4882,76.62365,2002
9987,Reading,Male,All ages,76.11135,75.08096,77.14174,2003
10289,Reading,Male,All ages,76.01258,74.90872,77.11643,2004
10591,Reading,Male,All ages,76.84186,75.70103,77.98268,2005
10893,Reading,Male,All ages,77.97887,76.89649,79.06124,2006
11195,Reading,Male,All ages,77.47639,76.37172,78.58107,2007
11497,Reading,Male,All ages,77.10661,76.00996,78.20325,2008
11799,Reading,Male,All ages,77.34827,76.28203,78.41451,2009
12101,Reading,Male,All ages,78.69844,77.69768,79.6992,2010
12403,Reading,Male,All ages,78.60424,77.49636,79.71211,2011
12701,Reading,Male,All ages,77.7,76.67,78.73,2012
13007,Reading,Male,All ages,77.97,76.97,78.97,2013
13313,Reading,Male,All ages,79.86,78.83,80.88,2014
13619,Reading,Male,All ages,78.81,77.82,79.81,2015
13925,Reading,Male,All ages,78.67,77.69,79.65,2016
14231,Reading,Male,All ages,78.74,77.76,79.72,2017
14537,Reading,Male,All ages,80.35,79.32,81.38,2018
14839,Reading,Male,All ages,79.85,78.77,80.93,2019
15141,Reading,Male,All ages,77.82,76.92,78.71,2020
15443,Reading,Male,All ages,77.43,76.39,78.47,2021
15745,Reading,Male,All ages,78.8,77.88,79.73,2022
