,Area Name,Sex,Age,Value,Lower CI 95.0 limit,Upper CI 95.0 limit,Time period Sortable
9546,Wiltshire,Female,All ages,81.66712,81.13374,82.20049,2001
9848,Wiltshire,Female,All ages,81.88747,81.37713,82.39781,2002
10150,Wiltshire,Female,All ages,81.90217,81.37978,82.42455,2003
10452,Wiltshire,Female,All ages,82.60074,82.07949,83.122,2004
10754,Wiltshire,Female,All ages,82.72307,82.20072,83.24542,2005
11056,Wiltshire,Female,All ages,82.95603,82.41889,83.49317,2006
11358,Wiltshire,Female,All ages,83.23812,82.71845,83.75779,2007
11660,Wiltshire,Female,All ages,83.15074,82.6374,83.66408,2008
11962,Wiltshire,Female,All ages,83.2922,82.76765,83.81675,2009
12264,Wiltshire,Female,All ages,83.87449,83.38301,84.36597,2010
12564,Wiltshire,Female,All ages,83.74795,83.22969,84.2662,2011
12866,Wiltshire,Female,All ages,83.78,83.27,84.29,2012
13172,Wiltshire,Female,All ages,83.81,83.31,84.31,2013
13478,Wiltshire,Female,All ages,84.54,84.06,85.02,2014
13784,Wiltshire,Female,All ages,83.81,83.34,84.27,2015
14090,Wiltshire,Female,All ages,83.88,83.39,84.37,2016
14396,Wiltshire,Female,All ages,84.4,83.92,84.89,2017
14700,Wiltshire,Female,All ages,84.42,83.93,84.92,2018
15002,Wiltshire,Female,All ages,85.53,85.05,86.0,2019
15304,Wiltshire,Female,All ages,83.66,83.17,84.14,2020
15606,Wiltshire,Female,All ages,84.6,84.12,85.08,2021
15908,Wiltshire,Female,All ages,84.76,84.32,85.21,2022
