,Area Name,Sex,Age,Value,Lower CI 95.0 limit,Upper CI 95.0 limit,Time period Sortable
9567,Knowsley,Female,All ages,78.03898,77.06914,79.00882,2001
9869,Knowsley,Female,All ages,78.44183,77.51113,79.37253,2002
10171,Knowsley,Female,All ages,77.41563,76.53396,78.2973,2003
10473,Knowsley,Female,All ages,78.71466,77.76422,79.6651,2004
10775,Knowsley,Female,All ages,79.02554,78.09953,79.95155,2005
11077,Knowsley,Female,All ages,78.77616,77.85531,79.697,2006
11379,Knowsley,Female,All ages,79.05256,78.12287,79.98225,2007
11681,Knowsley,Female,All ages,78.77177,77.79638,79.74716,2008
11983,Knowsley,Female,All ages,80.40564,79.45168,81.3596,2009
12285,Knowsley,Female,All ages,80.01839,79.11821,80.91858,2010
12583,Knowsley,Female,All ages,81.35175,80.44745,82.25605,2011
12889,Knowsley,Female,All ages,80.23,79.33,81.13,2012
13195,Knowsley,Female,All ages,80.35,79.46,81.24,2013
13501,Knowsley,Female,All ages,80.45,79.56,81.35,2014
13807,Knowsley,Female,All ages,80.21,79.32,81.09,2015
14113,Knowsley,Female,All ages,79.89,78.99,80.8,2016
14419,Knowsley,Female,All ages,81.08,80.2,81.96,2017
14721,Knowsley,Female,All ages,79.79,78.92,80.67,2018
15023,Knowsley,Female,All ages,80.17,79.3,81.03,2019
15325,Knowsley,Female,All ages,78.9,78.03,79.77,2020
15627,Knowsley,Female,All ages,78.6,77.73,79.47,2021
15929,Knowsley,Female,All ages,80.49,79.67,81.3,2022
