,Area Name,Sex,Age,Value,Lower CI 95.0 limit,Upper CI 95.0 limit,Time period Sortable
9372,South Gloucestershire,Male,All ages,78.69172,77.88941,79.49402,2001
9674,South Gloucestershire,Male,All ages,78.81786,78.06051,79.57521,2002
9976,South Gloucestershire,Male,All ages,78.36077,77.65456,79.06699,2003
10278,South Gloucestershire,Male,All ages,79.78019,79.05422,80.50616,2004
10580,South Gloucestershire,Male,All ages,79.23747,78.52234,79.95259,2005
10882,South Gloucestershire,Male,All ages,78.7659,77.977,79.55481,2006
11184,South Gloucestershire,Male,All ages,79.91573,79.21698,80.61447,2007
11486,South Gloucestershire,Male,All ages,80.35235,79.63833,81.06638,2008
11788,South Gloucestershire,Male,All ages,80.3366,79.58943,81.08377,2009
12090,South Gloucestershire,Male,All ages,80.27441,79.51694,81.03188,2010
12392,South Gloucestershire,Male,All ages,80.75587,80.03369,81.47805,2011
12690,South Gloucestershire,Male,All ages,81.5,80.79,82.2,2012
12996,South Gloucestershire,Male,All ages,80.93,80.22,81.64,2013
13302,South Gloucestershire,Male,All ages,81.66,80.93,82.39,2014
13608,South Gloucestershire,Male,All ages,80.97,80.24,81.7,2015
13914,South Gloucestershire,Male,All ages,81.34,80.65,82.02,2016
14220,South Gloucestershire,Male,All ages,80.97,80.3,81.63,2017
14526,South Gloucestershire,Male,All ages,81.23,80.52,81.95,2018
14828,South Gloucestershire,Male,All ages,82.42,81.75,83.09,2019
15130,South Gloucestershire,Male,All ages,81.05,80.4,81.69,2020
15432,South Gloucestershire,Male,All ages,81.54,80.89,82.19,2021
15734,South Gloucestershire,Male,All ages,80.53,79.87,81.19,2022
