,Area Name,Sex,Age,Value,Lower CI 95.0 limit,Upper CI 95.0 limit,Time period Sortable
9551,Dorset,Female,All ages,82.70907,82.09644,83.3217,2001
9853,Dorset,Female,All ages,82.17986,81.55666,82.80305,2002
10155,Dorset,Female,All ages,82.48911,81.92466,83.05355,2003
10457,Dorset,Female,All ages,83.38381,82.7944,83.97322,2004
10759,Dorset,Female,All ages,83.28279,82.68258,83.883,2005
11061,Dorset,Female,All ages,83.63138,83.02653,84.23623,2006
11363,Dorset,Female,All ages,83.59796,82.96289,84.23303,2007
11665,Dorset,Female,All ages,83.84393,83.29346,84.39439,2008
11967,Dorset,Female,All ages,84.17417,83.5859,84.76243,2009
12269,Dorset,Female,All ages,85.10631,84.57535,85.63727,2010
12569,Dorset,Female,All ages,85.0347,84.49073,85.57867,2011
12871,Dorset,Female,All ages,84.93,84.36,85.5,2012
13177,Dorset,Female,All ages,84.39,83.78,84.99,2013
13483,Dorset,Female,All ages,85.14,84.58,85.7,2014
13789,Dorset,Female,All ages,84.27,83.7,84.84,2015
14095,Dorset,Female,All ages,84.46,83.91,85.01,2016
14401,Dorset,Female,All ages,84.89,84.39,85.4,2017
14705,Dorset,Female,All ages,84.55,84.0,85.1,2018
15007,Dorset,Female,All ages,85.67,85.16,86.18,2019
15309,Dorset,Female,All ages,84.78,84.22,85.33,2020
15611,Dorset,Female,All ages,84.75,84.23,85.28,2021
15913,Dorset,Female,All ages,85.17,84.61,85.72,2022
