,Area Name,Sex,Age,Value,Lower CI 95.0 limit,Upper CI 95.0 limit,Time period Sortable
9609,Hounslow,Female,All ages,79.6977,78.82505,80.57035,2001
9911,Hounslow,Female,All ages,79.84636,79.04564,80.64708,2002
10213,Hounslow,Female,All ages,80.09148,79.29547,80.88748,2003
10515,Hounslow,Female,All ages,80.3911,79.59156,81.19065,2004
10817,Hounslow,Female,All ages,80.96119,80.11205,81.81033,2005
11119,Hounslow,Female,All ages,81.22545,80.41246,82.03843,2006
11421,Hounslow,Female,All ages,82.21053,81.42474,82.99632,2007
11723,Hounslow,Female,All ages,82.28205,81.48688,83.07723,2008
12025,Hounslow,Female,All ages,82.4893,81.65858,83.32002,2009
12327,Hounslow,Female,All ages,82.86778,82.04116,83.6944,2010
12625,Hounslow,Female,All ages,83.06839,82.24123,83.89555,2011
12931,Hounslow,Female,All ages,83.21,82.37,84.04,2012
13237,Hounslow,Female,All ages,83.36,82.57,84.15,2013
13543,Hounslow,Female,All ages,84.65,83.82,85.47,2014
13849,Hounslow,Female,All ages,84.32,83.53,85.1,2015
14155,Hounslow,Female,All ages,83.75,82.97,84.54,2016
14461,Hounslow,Female,All ages,83.85,83.13,84.58,2017
14763,Hounslow,Female,All ages,83.61,82.87,84.34,2018
15065,Hounslow,Female,All ages,84.31,83.52,85.09,2019
15367,Hounslow,Female,All ages,83.12,82.41,83.83,2020
15669,Hounslow,Female,All ages,82.95,82.21,83.7,2021
15971,Hounslow,Female,All ages,84.33,83.62,85.04,2022
