,Area Name,Sex,Age,Value,Lower CI 95.0 limit,Upper CI 95.0 limit,Time period Sortable
9473,Waltham Forest,Male,All ages,73.9106,73.03983,74.78137,2001
9775,Waltham Forest,Male,All ages,74.38153,73.5243,75.23876,2002
10077,Waltham Forest,Male,All ages,75.71428,74.86762,76.56094,2003
10379,Waltham Forest,Male,All ages,75.10324,74.25364,75.95284,2004
10681,Waltham Forest,Male,All ages,75.88642,75.04421,76.72863,2005
10983,Waltham Forest,Male,All ages,75.64041,74.79006,76.49076,2006
11285,Waltham Forest,Male,All ages,77.22757,76.39672,78.05843,2007
11587,Waltham Forest,Male,All ages,77.7593,76.88372,78.63489,2008
11889,Waltham Forest,Male,All ages,78.08993,77.24073,78.93913,2009
12191,Waltham Forest,Male,All ages,78.40176,77.52654,79.27698,2010
12491,Waltham Forest,Male,All ages,80.13687,79.27326,81.00047,2011
12793,Waltham Forest,Male,All ages,78.73,77.89,79.57,2012
13099,Waltham Forest,Male,All ages,79.82,78.99,80.65,2013
13405,Waltham Forest,Male,All ages,78.82,77.98,79.66,2014
13711,Waltham Forest,Male,All ages,78.88,78.08,79.68,2015
14017,Waltham Forest,Male,All ages,79.72,78.88,80.55,2016
14323,Waltham Forest,Male,All ages,80.53,79.67,81.4,2017
14627,Waltham Forest,Male,All ages,80.01,79.2,80.82,2018
14929,Waltham Forest,Male,All ages,79.87,79.06,80.68,2019
15231,Waltham Forest,Male,All ages,77.65,76.89,78.41,2020
15533,Waltham Forest,Male,All ages,78.51,77.73,79.3,2021
15835,Waltham Forest,Male,All ages,79.37,78.56,80.18,2022
