,Area Name,Sex,Age,Value,Lower CI 95.0 limit,Upper CI 95.0 limit,Time period Sortable
9590,Leeds,Female,All ages,80.44253,79.99903,80.88604,2001
9892,Leeds,Female,All ages,80.74278,80.31255,81.17301,2002
10194,Leeds,Female,All ages,80.73548,80.29583,81.17512,2003
10496,Leeds,Female,All ages,81.1915,80.75602,81.62697,2004
10798,Leeds,Female,All ages,81.32419,80.87816,81.77023,2005
11100,Leeds,Female,All ages,81.5672,81.11701,82.0174,2006
11402,Leeds,Female,All ages,81.54239,81.11182,81.97296,2007
11704,Leeds,Female,All ages,81.41303,80.98699,81.83906,2008
12006,Leeds,Female,All ages,81.63956,81.19035,82.08877,2009
12308,Leeds,Female,All ages,81.92425,81.50248,82.34602,2010
12606,Leeds,Female,All ages,81.92299,81.50145,82.34453,2011
12912,Leeds,Female,All ages,82.24,81.84,82.65,2012
13218,Leeds,Female,All ages,81.95,81.54,82.35,2013
13524,Leeds,Female,All ages,82.83,82.43,83.24,2014
13830,Leeds,Female,All ages,81.75,81.32,82.17,2015
14136,Leeds,Female,All ages,82.37,81.97,82.78,2016
14442,Leeds,Female,All ages,82.53,82.13,82.94,2017
14744,Leeds,Female,All ages,81.92,81.52,82.32,2018
15046,Leeds,Female,All ages,82.37,81.95,82.78,2019
15348,Leeds,Female,All ages,81.6,81.19,82.01,2020
15650,Leeds,Female,All ages,82.24,81.82,82.66,2021
15952,Leeds,Female,All ages,82.68,82.27,83.1,2022
