,Area Name,Sex,Age,Value,Lower CI 95.0 limit,Upper CI 95.0 limit,Time period Sortable
9544,Shropshire,Female,All ages,81.80929,81.1859,82.43269,2001
9846,Shropshire,Female,All ages,81.20818,80.54419,81.87217,2002
10148,Shropshire,Female,All ages,80.57037,79.86515,81.27558,2003
10450,Shropshire,Female,All ages,82.38147,81.7576,83.00534,2004
10752,Shropshire,Female,All ages,82.58122,81.95014,83.2123,2005
11054,Shropshire,Female,All ages,82.94711,82.30954,83.58469,2006
11356,Shropshire,Female,All ages,82.43302,81.76431,83.10174,2007
11658,Shropshire,Female,All ages,82.36592,81.7261,83.00574,2008
11960,Shropshire,Female,All ages,82.70499,82.0123,83.39769,2009
12262,Shropshire,Female,All ages,83.47342,82.87467,84.07216,2010
12562,Shropshire,Female,All ages,83.37897,82.74231,84.01563,2011
12864,Shropshire,Female,All ages,84.11,83.52,84.7,2012
13170,Shropshire,Female,All ages,83.79,83.21,84.36,2013
13476,Shropshire,Female,All ages,84.11,83.44,84.78,2014
13782,Shropshire,Female,All ages,83.64,83.06,84.21,2015
14088,Shropshire,Female,All ages,83.56,82.95,84.16,2016
14394,Shropshire,Female,All ages,83.07,82.4,83.75,2017
14698,Shropshire,Female,All ages,83.71,83.15,84.28,2018
15000,Shropshire,Female,All ages,83.94,83.29,84.58,2019
15302,Shropshire,Female,All ages,83.46,82.85,84.06,2020
15604,Shropshire,Female,All ages,84.53,83.97,85.09,2021
15906,Shropshire,Female,All ages,83.58,82.94,84.21,2022
