,Area Name,Sex,Age,Value,Lower CI 95.0 limit,Upper CI 95.0 limit,Time period Sortable
9399,Central Bedfordshire,Male,All ages,76.73699,75.95063,77.52336,2001
9701,Central Bedfordshire,Male,All ages,77.25645,76.48337,78.02953,2002
10003,Central Bedfordshire,Male,All ages,77.2737,76.50058,78.04681,2003
10305,Central Bedfordshire,Male,All ages,77.94933,77.19326,78.7054,2004
10607,Central Bedfordshire,Male,All ages,77.3177,76.53083,78.10458,2005
10909,Central Bedfordshire,Male,All ages,78.59984,77.79369,79.406,2006
11211,Central Bedfordshire,Male,All ages,79.20725,78.45687,79.95763,2007
11513,Central Bedfordshire,Male,All ages,78.99925,78.27631,79.72218,2008
11815,Central Bedfordshire,Male,All ages,79.15692,78.42614,79.88769,2009
12117,Central Bedfordshire,Male,All ages,79.94005,79.18286,80.69724,2010
12419,Central Bedfordshire,Male,All ages,80.50658,79.7622,81.25095,2011
12717,Central Bedfordshire,Male,All ages,80.35,79.63,81.07,2012
13023,Central Bedfordshire,Male,All ages,81.47,80.75,82.18,2013
13329,Central Bedfordshire,Male,All ages,81.93,81.22,82.63,2014
13635,Central Bedfordshire,Male,All ages,81.51,80.81,82.21,2015
13941,Central Bedfordshire,Male,All ages,80.67,79.95,81.4,2016
14247,Central Bedfordshire,Male,All ages,81.73,81.04,82.43,2017
14553,Central Bedfordshire,Male,All ages,80.07,79.33,80.81,2018
14855,Central Bedfordshire,Male,All ages,80.92,80.25,81.58,2019
15157,Central Bedfordshire,Male,All ages,80.47,79.85,81.08,2020
15459,Central Bedfordshire,Male,All ages,80.35,79.72,80.97,2021
15761,Central Bedfordshire,Male,All ages,80.2,79.53,80.88,2022
