,Area Name,Sex,Age,Value,Lower CI 95.0 limit,Upper CI 95.0 limit,Time period Sortable
9604,Hammersmith and Fulham,Female,All ages,81.53675,80.45917,82.61434,2001
9906,Hammersmith and Fulham,Female,All ages,81.43879,80.35517,82.52241,2002
10208,Hammersmith and Fulham,Female,All ages,81.0445,79.87964,82.20935,2003
10510,Hammersmith and Fulham,Female,All ages,82.5621,81.48832,83.63588,2004
10812,Hammersmith and Fulham,Female,All ages,82.19933,81.09671,83.30196,2005
11114,Hammersmith and Fulham,Female,All ages,83.91154,82.70421,85.11887,2006
11416,Hammersmith and Fulham,Female,All ages,83.6353,82.58656,84.68403,2007
11718,Hammersmith and Fulham,Female,All ages,82.53136,81.48486,83.57786,2008
12020,Hammersmith and Fulham,Female,All ages,83.71701,82.64984,84.78417,2009
12322,Hammersmith and Fulham,Female,All ages,82.97929,81.96911,83.98947,2010
12620,Hammersmith and Fulham,Female,All ages,83.01823,81.99002,84.04644,2011
12926,Hammersmith and Fulham,Female,All ages,83.52,82.5,84.53,2012
13232,Hammersmith and Fulham,Female,All ages,83.36,82.3,84.42,2013
13538,Hammersmith and Fulham,Female,All ages,84.66,83.66,85.67,2014
13844,Hammersmith and Fulham,Female,All ages,83.4,82.44,84.36,2015
14150,Hammersmith and Fulham,Female,All ages,84.27,83.25,85.3,2016
14456,Hammersmith and Fulham,Female,All ages,84.66,83.73,85.59,2017
14758,Hammersmith and Fulham,Female,All ages,83.29,82.3,84.27,2018
15060,Hammersmith and Fulham,Female,All ages,84.47,83.35,85.59,2019
15362,Hammersmith and Fulham,Female,All ages,82.08,81.18,82.97,2020
15664,Hammersmith and Fulham,Female,All ages,82.94,82.02,83.87,2021
15966,Hammersmith and Fulham,Female,All ages,84.47,83.49,85.46,2022
