,Area Name,Sex,Age,Value,Lower CI 95.0 limit,Upper CI 95.0 limit,Time period Sortable
9466,Merton,Male,All ages,76.4016,75.47776,77.32544,2001
9768,Merton,Male,All ages,77.98958,77.07037,78.90878,2002
10070,Merton,Male,All ages,76.60732,75.68263,77.53202,2003
10372,Merton,Male,All ages,78.05556,77.07574,79.03539,2004
10674,Merton,Male,All ages,78.73007,77.76394,79.69621,2005
10976,Merton,Male,All ages,79.27139,78.33531,80.20748,2006
11278,Merton,Male,All ages,79.93323,79.04964,80.81683,2007
11580,Merton,Male,All ages,79.12725,78.18373,80.07077,2008
11882,Merton,Male,All ages,80.34979,79.40176,81.29783,2009
12184,Merton,Male,All ages,80.16181,79.25085,81.07277,2010
12484,Merton,Male,All ages,80.17015,79.20064,81.13966,2011
12786,Merton,Male,All ages,80.02,79.1,80.94,2012
13092,Merton,Male,All ages,80.29,79.44,81.14,2013
13398,Merton,Male,All ages,80.78,79.91,81.64,2014
13704,Merton,Male,All ages,80.68,79.85,81.5,2015
14010,Merton,Male,All ages,81.12,80.22,82.02,2016
14316,Merton,Male,All ages,80.98,80.1,81.86,2017
14620,Merton,Male,All ages,81.16,80.37,81.95,2018
14922,Merton,Male,All ages,81.4,80.55,82.26,2019
15224,Merton,Male,All ages,78.73,77.92,79.53,2020
15526,Merton,Male,All ages,79.5,78.66,80.34,2021
15828,Merton,Male,All ages,80.86,80.01,81.7,2022
