,Area Name,Sex,Age,Value,Lower CI 95.0 limit,Upper CI 95.0 limit,Time period Sortable
9465,Lewisham,Male,All ages,73.6989,72.87045,74.52736,2001
9767,Lewisham,Male,All ages,75.01951,74.19448,75.84454,2002
10069,Lewisham,Male,All ages,74.86893,74.04928,75.68859,2003
10371,Lewisham,Male,All ages,75.45342,74.66204,76.2448,2004
10673,Lewisham,Male,All ages,75.25184,74.40266,76.10101,2005
10975,Lewisham,Male,All ages,76.54731,75.69471,77.39991,2006
11277,Lewisham,Male,All ages,76.39267,75.5761,77.20923,2007
11579,Lewisham,Male,All ages,75.89817,75.10827,76.68806,2008
11881,Lewisham,Male,All ages,77.03537,76.20327,77.86746,2009
12183,Lewisham,Male,All ages,77.66527,76.85319,78.47735,2010
12483,Lewisham,Male,All ages,78.06624,77.2125,78.91998,2011
12785,Lewisham,Male,All ages,78.64,77.82,79.47,2012
13091,Lewisham,Male,All ages,78.86,78.04,79.68,2013
13397,Lewisham,Male,All ages,78.8,77.99,79.61,2014
13703,Lewisham,Male,All ages,78.32,77.52,79.12,2015
14009,Lewisham,Male,All ages,79.73,78.91,80.55,2016
14315,Lewisham,Male,All ages,78.46,77.67,79.25,2017
14619,Lewisham,Male,All ages,78.73,77.95,79.52,2018
14921,Lewisham,Male,All ages,79.33,78.56,80.1,2019
15223,Lewisham,Male,All ages,77.26,76.52,78.01,2020
15525,Lewisham,Male,All ages,77.5,76.75,78.25,2021
15827,Lewisham,Male,All ages,79.03,78.25,79.81,2022
