,Area Name,Sex,Age,Value,Lower CI 95.0 limit,Upper CI 95.0 limit,Time period Sortable
9508,North East Lincolnshire,Female,All ages,80.91812,79.97192,81.86432,2001
9810,North East Lincolnshire,Female,All ages,80.20445,79.21904,81.18986,2002
10112,North East Lincolnshire,Female,All ages,80.20645,79.29157,81.12132,2003
10414,North East Lincolnshire,Female,All ages,81.04675,80.17191,81.92159,2004
10716,North East Lincolnshire,Female,All ages,81.17534,80.27592,82.07477,2005
11018,North East Lincolnshire,Female,All ages,80.10023,79.12683,81.07364,2006
11320,North East Lincolnshire,Female,All ages,80.82445,79.90961,81.73929,2007
11622,North East Lincolnshire,Female,All ages,81.26976,80.41183,82.12768,2008
11924,North East Lincolnshire,Female,All ages,81.33385,80.46273,82.20497,2009
12226,North East Lincolnshire,Female,All ages,82.09439,81.19569,82.9931,2010
12526,North East Lincolnshire,Female,All ages,81.55184,80.60086,82.50283,2011
12828,North East Lincolnshire,Female,All ages,81.81,81.01,82.61,2012
13134,North East Lincolnshire,Female,All ages,81.47,80.53,82.4,2013
13440,North East Lincolnshire,Female,All ages,82.83,81.96,83.7,2014
13746,North East Lincolnshire,Female,All ages,82.3,81.46,83.15,2015
14052,North East Lincolnshire,Female,All ages,82.37,81.5,83.24,2016
14358,North East Lincolnshire,Female,All ages,81.64,80.78,82.5,2017
14662,North East Lincolnshire,Female,All ages,82.22,81.32,83.12,2018
14964,North East Lincolnshire,Female,All ages,82.11,81.23,82.99,2019
15266,North East Lincolnshire,Female,All ages,81.68,80.87,82.5,2020
15568,North East Lincolnshire,Female,All ages,80.88,79.99,81.77,2021
15870,North East Lincolnshire,Female,All ages,80.51,79.56,81.46,2022
