,Area Name,Sex,Age,Value,Lower CI 95.0 limit,Upper CI 95.0 limit,Time period Sortable
9645,Worcestershire,Female,All ages,80.92715,80.45292,81.40138,2001
9947,Worcestershire,Female,All ages,81.46841,80.97997,81.95686,2002
10249,Worcestershire,Female,All ages,81.29605,80.82075,81.77136,2003
10551,Worcestershire,Female,All ages,81.43836,80.95952,81.91719,2004
10853,Worcestershire,Female,All ages,81.60268,81.11189,82.09348,2005
11155,Worcestershire,Female,All ages,82.13417,81.63439,82.63396,2006
11457,Worcestershire,Female,All ages,82.37712,81.90872,82.84552,2007
11759,Worcestershire,Female,All ages,82.64787,82.19119,83.10454,2008
12061,Worcestershire,Female,All ages,82.84945,82.35813,83.34078,2009
12363,Worcestershire,Female,All ages,82.97582,82.51811,83.43352,2010
12661,Worcestershire,Female,All ages,83.65676,83.19849,84.11503,2011
12967,Worcestershire,Female,All ages,83.41,82.96,83.86,2012
13273,Worcestershire,Female,All ages,83.19,82.73,83.64,2013
13579,Worcestershire,Female,All ages,83.47,82.97,83.96,2014
13885,Worcestershire,Female,All ages,83.79,83.34,84.24,2015
14191,Worcestershire,Female,All ages,84.03,83.57,84.49,2016
14497,Worcestershire,Female,All ages,83.86,83.45,84.27,2017
14799,Worcestershire,Female,All ages,83.81,83.4,84.22,2018
15101,Worcestershire,Female,All ages,83.6,83.11,84.1,2019
15403,Worcestershire,Female,All ages,82.85,82.41,83.3,2020
15705,Worcestershire,Female,All ages,83.08,82.62,83.54,2021
16007,Worcestershire,Female,All ages,83.45,83.01,83.9,2022
