,Area Name,Sex,Age,Value,Lower CI 95.0 limit,Upper CI 95.0 limit,Time period Sortable
9442,Wakefield,Male,All ages,74.48856,73.81094,75.16619,2001
9744,Wakefield,Male,All ages,74.75652,74.07639,75.43666,2002
10046,Wakefield,Male,All ages,75.87751,75.23891,76.51611,2003
10348,Wakefield,Male,All ages,75.5167,74.85049,76.1829,2004
10650,Wakefield,Male,All ages,75.65582,74.94054,76.37109,2005
10952,Wakefield,Male,All ages,76.13569,75.45306,76.81832,2006
11254,Wakefield,Male,All ages,76.74049,76.07637,77.40461,2007
11556,Wakefield,Male,All ages,75.64286,74.90176,76.38395,2008
11858,Wakefield,Male,All ages,76.86807,76.17274,77.5634,2009
12160,Wakefield,Male,All ages,77.98249,77.36551,78.59948,2010
12460,Wakefield,Male,All ages,77.29596,76.58472,78.0072,2011
12762,Wakefield,Male,All ages,77.8,77.13,78.46,2012
13068,Wakefield,Male,All ages,78.28,77.67,78.89,2013
13374,Wakefield,Male,All ages,78.29,77.66,78.92,2014
13680,Wakefield,Male,All ages,77.26,76.61,77.92,2015
13986,Wakefield,Male,All ages,78.23,77.58,78.89,2016
14292,Wakefield,Male,All ages,78.15,77.51,78.8,2017
14596,Wakefield,Male,All ages,78.26,77.62,78.91,2018
14898,Wakefield,Male,All ages,77.23,76.56,77.89,2019
15200,Wakefield,Male,All ages,76.26,75.65,76.86,2020
15502,Wakefield,Male,All ages,77.43,76.76,78.11,2021
15804,Wakefield,Male,All ages,77.33,76.69,77.97,2022
