,Area Name,Sex,Age,Value,Lower CI 95.0 limit,Upper CI 95.0 limit,Time period Sortable
9386,Wokingham,Male,All ages,78.47683,77.62167,79.332,2001
9688,Wokingham,Male,All ages,79.01169,78.01651,80.00687,2002
9990,Wokingham,Male,All ages,79.24094,78.27265,80.20924,2003
10292,Wokingham,Male,All ages,80.18777,79.26509,81.11045,2004
10594,Wokingham,Male,All ages,80.12098,79.14428,81.09767,2005
10896,Wokingham,Male,All ages,80.31178,79.34021,81.28335,2006
11198,Wokingham,Male,All ages,81.42329,80.37429,82.47229,2007
11500,Wokingham,Male,All ages,80.76895,79.80665,81.73124,2008
11802,Wokingham,Male,All ages,81.18736,80.21308,82.16165,2009
12104,Wokingham,Male,All ages,81.21717,80.17999,82.25435,2010
12406,Wokingham,Male,All ages,81.7835,80.753,82.814,2011
12704,Wokingham,Male,All ages,81.36,80.44,82.28,2012
13010,Wokingham,Male,All ages,81.77,80.92,82.62,2013
13316,Wokingham,Male,All ages,82.14,81.27,83.0,2014
13622,Wokingham,Male,All ages,80.77,79.82,81.71,2015
13928,Wokingham,Male,All ages,81.71,80.86,82.56,2016
14234,Wokingham,Male,All ages,81.89,80.95,82.82,2017
14540,Wokingham,Male,All ages,82.34,81.34,83.33,2018
14842,Wokingham,Male,All ages,82.56,81.61,83.51,2019
15144,Wokingham,Male,All ages,82.17,81.31,83.02,2020
15446,Wokingham,Male,All ages,82.7,81.93,83.48,2021
15748,Wokingham,Male,All ages,82.74,81.93,83.56,2022
