,Area Name,Sex,Age,Value,Lower CI 95.0 limit,Upper CI 95.0 limit,Time period Sortable
9453,Greenwich,Male,All ages,74.13255,73.24006,75.02504,2001
9755,Greenwich,Male,All ages,73.97314,73.08675,74.85953,2002
10057,Greenwich,Male,All ages,74.28267,73.46452,75.10081,2003
10359,Greenwich,Male,All ages,75.55526,74.72064,76.38988,2004
10661,Greenwich,Male,All ages,74.59415,73.80215,75.38615,2005
10963,Greenwich,Male,All ages,75.30698,74.46758,76.14637,2006
11265,Greenwich,Male,All ages,75.38537,74.5382,76.23254,2007
11567,Greenwich,Male,All ages,76.21414,75.39,77.03828,2008
11869,Greenwich,Male,All ages,76.77347,75.95718,77.58975,2009
12171,Greenwich,Male,All ages,78.15233,77.30458,79.00009,2010
12471,Greenwich,Male,All ages,78.39374,77.61109,79.17639,2011
12773,Greenwich,Male,All ages,78.66,77.88,79.45,2012
13079,Greenwich,Male,All ages,78.65,77.86,79.44,2013
13385,Greenwich,Male,All ages,79.2,78.41,80.0,2014
13691,Greenwich,Male,All ages,78.63,77.82,79.45,2015
13997,Greenwich,Male,All ages,79.32,78.51,80.12,2016
14303,Greenwich,Male,All ages,78.55,77.75,79.35,2017
14607,Greenwich,Male,All ages,79.44,78.64,80.25,2018
14909,Greenwich,Male,All ages,79.31,78.53,80.09,2019
15211,Greenwich,Male,All ages,77.27,76.52,78.02,2020
15513,Greenwich,Male,All ages,77.72,76.93,78.5,2021
15815,Greenwich,Male,All ages,79.55,78.81,80.3,2022
