,Area Name,Sex,Age,Value,Lower CI 95.0 limit,Upper CI 95.0 limit,Time period Sortable
9528,Thurrock,Female,All ages,81.12191,80.19043,82.0534,2001
9830,Thurrock,Female,All ages,80.61467,79.69316,81.53617,2002
10132,Thurrock,Female,All ages,80.16608,79.20469,81.12746,2003
10434,Thurrock,Female,All ages,81.06786,80.12834,82.00739,2004
10736,Thurrock,Female,All ages,81.55571,80.61815,82.49327,2005
11038,Thurrock,Female,All ages,81.05695,80.04767,82.06623,2006
11340,Thurrock,Female,All ages,80.86721,79.84975,81.88467,2007
11642,Thurrock,Female,All ages,81.86946,80.95894,82.77998,2008
11944,Thurrock,Female,All ages,81.52552,80.48376,82.56729,2009
12246,Thurrock,Female,All ages,81.91038,81.02536,82.79541,2010
12546,Thurrock,Female,All ages,82.69201,81.80733,83.57669,2011
12848,Thurrock,Female,All ages,82.23,81.28,83.19,2012
13154,Thurrock,Female,All ages,82.82,81.95,83.7,2013
13460,Thurrock,Female,All ages,82.56,81.65,83.47,2014
13766,Thurrock,Female,All ages,82.66,81.79,83.53,2015
14072,Thurrock,Female,All ages,81.86,80.98,82.74,2016
14378,Thurrock,Female,All ages,82.54,81.71,83.36,2017
14682,Thurrock,Female,All ages,83.26,82.42,84.1,2018
14984,Thurrock,Female,All ages,82.56,81.7,83.42,2019
15286,Thurrock,Female,All ages,82.2,81.36,83.05,2020
15588,Thurrock,Female,All ages,81.35,80.5,82.2,2021
15890,Thurrock,Female,All ages,82.58,81.67,83.49,2022
