,Area Name,Sex,Age,Value,Lower CI 95.0 limit,Upper CI 95.0 limit,Time period Sortable
9563,Stockport,Female,All ages,80.69546,80.02259,81.36834,2001
9865,Stockport,Female,All ages,81.2602,80.66475,81.85565,2002
10167,Stockport,Female,All ages,80.93956,80.25149,81.62764,2003
10469,Stockport,Female,All ages,81.66642,80.9574,82.37545,2004
10771,Stockport,Female,All ages,81.04325,80.33793,81.74858,2005
11073,Stockport,Female,All ages,82.53788,81.87658,83.19918,2006
11375,Stockport,Female,All ages,82.29143,81.59237,82.99049,2007
11677,Stockport,Female,All ages,82.16369,81.52877,82.79862,2008
11979,Stockport,Female,All ages,82.2847,81.58183,82.98756,2009
12281,Stockport,Female,All ages,82.47786,81.78858,83.16714,2010
12579,Stockport,Female,All ages,83.48227,82.82322,84.14131,2011
12885,Stockport,Female,All ages,82.95,82.31,83.58,2012
13191,Stockport,Female,All ages,82.37,81.71,83.04,2013
13497,Stockport,Female,All ages,83.49,82.87,84.11,2014
13803,Stockport,Female,All ages,83.31,82.69,83.94,2015
14109,Stockport,Female,All ages,83.38,82.71,84.05,2016
14415,Stockport,Female,All ages,83.25,82.61,83.89,2017
14717,Stockport,Female,All ages,83.56,82.91,84.2,2018
15019,Stockport,Female,All ages,83.34,82.61,84.07,2019
15321,Stockport,Female,All ages,83.23,82.66,83.79,2020
15623,Stockport,Female,All ages,83.77,83.12,84.42,2021
15925,Stockport,Female,All ages,83.07,82.43,83.7,2022
