,Area Name,Sex,Age,Value,Lower CI 95.0 limit,Upper CI 95.0 limit,Time period Sortable
9353,Halton,Male,All ages,73.44908,72.3989,74.49926,2001
9655,Halton,Male,All ages,73.53892,72.36682,74.71102,2002
9957,Halton,Male,All ages,74.81162,73.72142,75.90183,2003
10259,Halton,Male,All ages,74.14789,73.00179,75.29399,2004
10561,Halton,Male,All ages,74.59422,73.42665,75.76179,2005
10863,Halton,Male,All ages,74.49014,73.34279,75.6375,2006
11165,Halton,Male,All ages,74.81198,73.64278,75.98118,2007
11467,Halton,Male,All ages,75.60867,74.56988,76.64747,2008
11769,Halton,Male,All ages,75.62007,74.46263,76.77752,2009
12071,Halton,Male,All ages,76.36749,75.25301,77.48198,2010
12373,Halton,Male,All ages,77.42711,76.39746,78.45676,2011
12671,Halton,Male,All ages,77.45,76.43,78.46,2012
12977,Halton,Male,All ages,76.99,75.9,78.08,2013
13283,Halton,Male,All ages,77.24,76.2,78.28,2014
13589,Halton,Male,All ages,78.2,77.19,79.22,2015
13895,Halton,Male,All ages,77.02,75.91,78.14,2016
14201,Halton,Male,All ages,77.11,76.04,78.19,2017
14507,Halton,Male,All ages,77.11,76.05,78.18,2018
14809,Halton,Male,All ages,77.98,76.96,78.99,2019
15111,Halton,Male,All ages,77.07,76.15,77.99,2020
15413,Halton,Male,All ages,77.07,75.93,78.21,2021
15715,Halton,Male,All ages,77.42,76.45,78.39,2022
