,Area Name,Sex,Age,Value,Lower CI 95.0 limit,Upper CI 95.0 limit,Time period Sortable
9344,England,Male,All ages,76.0284,75.97388,76.08293,2001
9346,England,Male,All ages,76.0284,75.97388,76.08293,2001
9646,England,Male,All ages,76.17436,76.11998,76.22874,2002
9648,England,Male,All ages,76.17436,76.11998,76.22874,2002
9948,England,Male,All ages,76.39024,76.33647,76.44401,2003
9950,England,Male,All ages,76.39024,76.33647,76.44401,2003
10250,England,Male,All ages,76.93996,76.886,76.99392,2004
10252,England,Male,All ages,76.93996,76.886,76.99392,2004
10552,England,Male,All ages,77.2143,77.16041,77.26819,2005
10554,England,Male,All ages,77.2143,77.16041,77.26819,2005
10854,England,Male,All ages,77.52932,77.47537,77.58328,2006
10856,England,Male,All ages,77.52932,77.47537,77.58328,2006
11156,England,Male,All ages,77.82533,77.77175,77.87891,2007
11158,England,Male,All ages,77.82533,77.77175,77.87891,2007
11458,England,Male,All ages,77.95516,77.90219,78.00812,2008
11460,England,Male,All ages,77.95516,77.90219,78.00812,2008
11760,England,Male,All ages,78.41578,78.36255,78.469,2009
11762,England,Male,All ages,78.41578,78.36255,78.469,2009
12062,England,Male,All ages,78.7506,78.69806,78.80314,2010
12064,England,Male,All ages,78.7506,78.69806,78.80314,2010
12364,England,Male,All ages,79.17322,79.12068,79.22575,2011
12366,England,Male,All ages,79.17322,79.12068,79.22575,2011
12662,England,Male,All ages,79.33,79.28,79.38,2012
12664,England,Male,All ages,79.33,79.28,79.38,2012
12968,England,Male,All ages,79.34,79.29,79.39,2013
12970,England,Male,All ages,79.34,79.29,79.39,2013
13274,England,Male,All ages,79.58,79.53,79.63,2014
13276,England,Male,All ages,79.58,79.53,79.63,2014
13580,England,Male,All ages,79.36,79.31,79.41,2015
13582,England,Male,All ages,79.36,79.31,79.41,2015
13886,England,Male,All ages,79.52,79.47,79.57,2016
13888,England,Male,All ages,79.52,79.47,79.57,2016
14192,England,Male,All ages,79.58,79.53,79.63,2017
14194,England,Male,All ages,79.58,79.53,79.63,2017
14498,England,Male,All ages,79.54,79.49,79.59,2018
14500,England,Male,All ages,79.54,79.49,79.59,2018
14800,England,Male,All ages,79.87,79.81,79.92,2019
14802,England,Male,All ages,79.87,79.81,79.92,2019
15102,England,Male,All ages,78.54,78.49,78.59,2020
15104,England,Male,All ages,78.54,78.49,78.59,2020
15404,England,Male,All ages,78.73,78.68,78.78,2021
15406,England,Male,All ages,78.73,78.68,78.78,2021
15706,England,Male,All ages,79.3,79.25,79.35,2022
15708,England,Male,All ages,79.3,79.25,79.35,2022
