,Area Name,Sex,Age,Value,Lower CI 95.0 limit,Upper CI 95.0 limit,Time period Sortable
9629,Essex,Female,All ages,81.32845,81.02241,81.6345,2001
9931,Essex,Female,All ages,81.53456,81.23633,81.83279,2002
10233,Essex,Female,All ages,81.32982,81.02519,81.63444,2003
10535,Essex,Female,All ages,82.10944,81.80873,82.41016,2004
10837,Essex,Female,All ages,82.17377,81.87597,82.47157,2005
11139,Essex,Female,All ages,82.68167,82.38719,82.97615,2006
11441,Essex,Female,All ages,82.61129,82.31294,82.90964,2007
11743,Essex,Female,All ages,82.51649,82.21658,82.8164,2008
12045,Essex,Female,All ages,83.32367,83.03004,83.61729,2009
12347,Essex,Female,All ages,83.11974,82.81874,83.42075,2010
12645,Essex,Female,All ages,83.34057,83.04618,83.63495,2011
12951,Essex,Female,All ages,83.34,83.05,83.62,2012
13257,Essex,Female,All ages,83.68,83.4,83.96,2013
13563,Essex,Female,All ages,83.49,83.2,83.77,2014
13869,Essex,Female,All ages,83.3,83.02,83.58,2015
14175,Essex,Female,All ages,83.31,83.04,83.59,2016
14481,Essex,Female,All ages,83.27,82.99,83.56,2017
14783,Essex,Female,All ages,83.32,83.04,83.6,2018
15085,Essex,Female,All ages,84.02,83.76,84.28,2019
15387,Essex,Female,All ages,83.32,83.06,83.59,2020
15689,Essex,Female,All ages,82.98,82.71,83.25,2021
15991,Essex,Female,All ages,84.1,83.83,84.36,2022
