,Area Name,Sex,Age,Value,Lower CI 95.0 limit,Upper CI 95.0 limit,Time period Sortable
9533,Slough,Female,All ages,79.4733,78.3101,80.6365,2001
9835,Slough,Female,All ages,80.52497,79.41843,81.63152,2002
10137,Slough,Female,All ages,80.25272,79.09626,81.40918,2003
10439,Slough,Female,All ages,80.18812,79.07963,81.29661,2004
10741,Slough,Female,All ages,81.0746,79.87267,82.27654,2005
11043,Slough,Female,All ages,82.87934,81.697,84.06169,2006
11345,Slough,Female,All ages,82.15511,80.94976,83.36047,2007
11647,Slough,Female,All ages,81.50306,80.27658,82.72954,2008
11949,Slough,Female,All ages,82.02573,80.84978,83.20168,2009
12251,Slough,Female,All ages,82.54446,81.32357,83.76534,2010
12551,Slough,Female,All ages,82.59405,81.36869,83.8194,2011
12853,Slough,Female,All ages,82.4,81.22,83.58,2012
13159,Slough,Female,All ages,82.18,81.08,83.28,2013
13465,Slough,Female,All ages,83.55,82.35,84.75,2014
13771,Slough,Female,All ages,82.51,81.39,83.63,2015
14077,Slough,Female,All ages,81.95,80.82,83.08,2016
14383,Slough,Female,All ages,82.61,81.52,83.7,2017
14687,Slough,Female,All ages,82.22,81.15,83.29,2018
14989,Slough,Female,All ages,82.83,81.71,83.95,2019
15291,Slough,Female,All ages,81.88,80.8,82.95,2020
15593,Slough,Female,All ages,80.96,79.92,82.0,2021
15895,Slough,Female,All ages,82.35,81.16,83.53,2022
