,Area Name,Sex,Age,Value,Lower CI 95.0 limit,Upper CI 95.0 limit,Time period Sortable
9359,North East Lincolnshire,Male,All ages,74.02009,72.95827,75.08192,2001
9661,North East Lincolnshire,Male,All ages,74.80192,73.82355,75.7803,2002
9963,North East Lincolnshire,Male,All ages,74.88894,73.91471,75.86316,2003
10265,North East Lincolnshire,Male,All ages,75.43851,74.46607,76.41095,2004
10567,North East Lincolnshire,Male,All ages,75.65604,74.64858,76.6635,2005
10869,North East Lincolnshire,Male,All ages,76.36719,75.39379,77.34059,2006
11171,North East Lincolnshire,Male,All ages,75.75082,74.7559,76.74575,2007
11473,North East Lincolnshire,Male,All ages,75.34839,74.35408,76.34271,2008
11775,North East Lincolnshire,Male,All ages,76.48705,75.43588,77.53822,2009
12077,North East Lincolnshire,Male,All ages,77.51738,76.60228,78.43248,2010
12379,North East Lincolnshire,Male,All ages,78.73299,77.74884,79.71714,2011
12677,North East Lincolnshire,Male,All ages,77.18,76.21,78.16,2012
12983,North East Lincolnshire,Male,All ages,77.79,76.9,78.69,2013
13289,North East Lincolnshire,Male,All ages,78.58,77.66,79.5,2014
13595,North East Lincolnshire,Male,All ages,77.23,76.23,78.23,2015
13901,North East Lincolnshire,Male,All ages,77.45,76.53,78.36,2016
14207,North East Lincolnshire,Male,All ages,76.86,75.82,77.9,2017
14513,North East Lincolnshire,Male,All ages,78.32,77.37,79.27,2018
14815,North East Lincolnshire,Male,All ages,78.1,77.14,79.06,2019
15117,North East Lincolnshire,Male,All ages,77.62,76.72,78.52,2020
15419,North East Lincolnshire,Male,All ages,78.21,77.18,79.25,2021
15721,North East Lincolnshire,Male,All ages,77.66,76.74,78.57,2022
