,Area Name,Sex,Age,Value,Lower CI 95.0 limit,Upper CI 95.0 limit,Time period Sortable
9489,Nottinghamshire,Male,All ages,76.23702,75.80545,76.66859,2001
9791,Nottinghamshire,Male,All ages,76.05697,75.62656,76.48738,2002
10093,Nottinghamshire,Male,All ages,76.37514,75.954,76.79628,2003
10395,Nottinghamshire,Male,All ages,77.4369,77.00836,77.86543,2004
10697,Nottinghamshire,Male,All ages,77.37382,76.95611,77.79153,2005
10999,Nottinghamshire,Male,All ages,77.41076,76.98276,77.83876,2006
11301,Nottinghamshire,Male,All ages,77.68667,77.25996,78.11338,2007
11603,Nottinghamshire,Male,All ages,77.83497,77.41049,78.25946,2008
11905,Nottinghamshire,Male,All ages,78.54974,78.12663,78.97286,2009
12207,Nottinghamshire,Male,All ages,78.42745,78.02628,78.82862,2010
12507,Nottinghamshire,Male,All ages,79.50858,79.10405,79.9131,2011
12809,Nottinghamshire,Male,All ages,79.52,79.12,79.92,2012
13115,Nottinghamshire,Male,All ages,79.5,79.08,79.92,2013
13421,Nottinghamshire,Male,All ages,79.18,78.75,79.6,2014
13727,Nottinghamshire,Male,All ages,79.39,78.99,79.79,2015
14033,Nottinghamshire,Male,All ages,79.82,79.42,80.21,2016
14339,Nottinghamshire,Male,All ages,79.17,78.76,79.59,2017
14643,Nottinghamshire,Male,All ages,79.67,79.28,80.06,2018
14945,Nottinghamshire,Male,All ages,79.86,79.45,80.28,2019
15247,Nottinghamshire,Male,All ages,78.96,78.57,79.35,2020
15549,Nottinghamshire,Male,All ages,78.61,78.21,79.0,2021
15851,Nottinghamshire,Male,All ages,78.92,78.5,79.33,2022
