,Area Name,Sex,Age,Value,Lower CI 95.0 limit,Upper CI 95.0 limit,Time period Sortable
9597,Bromley,Female,All ages,81.92418,81.30592,82.54244,2001
9899,Bromley,Female,All ages,82.28146,81.63323,82.92969,2002
10201,Bromley,Female,All ages,81.85235,81.2317,82.473,2003
10503,Bromley,Female,All ages,82.76877,82.11706,83.42048,2004
10805,Bromley,Female,All ages,83.27287,82.63772,83.90802,2005
11107,Bromley,Female,All ages,83.74691,83.1295,84.36431,2006
11409,Bromley,Female,All ages,83.09079,82.44565,83.73593,2007
11711,Bromley,Female,All ages,83.50132,82.88695,84.11568,2008
12013,Bromley,Female,All ages,84.03611,83.41157,84.66064,2009
12315,Bromley,Female,All ages,84.27011,83.65012,84.8901,2010
12613,Bromley,Female,All ages,84.41483,83.80846,85.02121,2011
12919,Bromley,Female,All ages,84.41,83.83,84.99,2012
13225,Bromley,Female,All ages,85.39,84.78,86.0,2013
13531,Bromley,Female,All ages,84.35,83.73,84.97,2014
13837,Bromley,Female,All ages,85.45,84.86,86.04,2015
14143,Bromley,Female,All ages,84.91,84.31,85.51,2016
14449,Bromley,Female,All ages,85.41,84.85,85.97,2017
14751,Bromley,Female,All ages,84.66,84.09,85.24,2018
15053,Bromley,Female,All ages,85.11,84.47,85.75,2019
15355,Bromley,Female,All ages,84.6,84.05,85.16,2020
15657,Bromley,Female,All ages,84.64,84.05,85.23,2021
15959,Bromley,Female,All ages,85.86,85.26,86.46,2022
