,Area Name,Sex,Age,Value,Lower CI 95.0 limit,Upper CI 95.0 limit,Time period Sortable
9360,North Lincolnshire,Male,All ages,75.70147,74.72197,76.68097,2001
9662,North Lincolnshire,Male,All ages,75.50571,74.52166,76.48976,2002
9964,North Lincolnshire,Male,All ages,75.27556,74.31894,76.23219,2003
10266,North Lincolnshire,Male,All ages,76.97399,75.99627,77.95172,2004
10568,North Lincolnshire,Male,All ages,76.37639,75.39224,77.36054,2005
10870,North Lincolnshire,Male,All ages,77.02024,76.06618,77.9743,2006
11172,North Lincolnshire,Male,All ages,77.8657,76.9205,78.81089,2007
11474,North Lincolnshire,Male,All ages,76.82774,75.84717,77.80831,2008
11776,North Lincolnshire,Male,All ages,77.84363,76.9773,78.70996,2009
12078,North Lincolnshire,Male,All ages,78.80653,77.86882,79.74424,2010
12380,North Lincolnshire,Male,All ages,78.64177,77.75355,79.52999,2011
12678,North Lincolnshire,Male,All ages,77.36,76.42,78.29,2012
12984,North Lincolnshire,Male,All ages,78.15,77.24,79.06,2013
13290,North Lincolnshire,Male,All ages,79.18,78.29,80.07,2014
13596,North Lincolnshire,Male,All ages,78.82,77.95,79.69,2015
13902,North Lincolnshire,Male,All ages,78.92,78.06,79.79,2016
14208,North Lincolnshire,Male,All ages,79.22,78.36,80.09,2017
14514,North Lincolnshire,Male,All ages,78.87,77.98,79.76,2018
14816,North Lincolnshire,Male,All ages,78.79,77.91,79.68,2019
15118,North Lincolnshire,Male,All ages,78.55,77.76,79.35,2020
15420,North Lincolnshire,Male,All ages,78.87,77.98,79.76,2021
15722,North Lincolnshire,Male,All ages,77.86,76.87,78.86,2022
