,Area Name,Sex,Age,Value,Lower CI 95.0 limit,Upper CI 95.0 limit,Time period Sortable
9355,Blackburn with Darwen,Male,All ages,74.52678,73.44789,75.60568,2001
9657,Blackburn with Darwen,Male,All ages,72.9815,71.94371,74.0193,2002
9959,Blackburn with Darwen,Male,All ages,74.78346,73.75504,75.81188,2003
10261,Blackburn with Darwen,Male,All ages,74.30904,73.23354,75.38455,2004
10563,Blackburn with Darwen,Male,All ages,74.30386,73.20571,75.40201,2005
10865,Blackburn with Darwen,Male,All ages,74.56453,73.49891,75.63015,2006
11167,Blackburn with Darwen,Male,All ages,74.25931,73.18195,75.33666,2007
11469,Blackburn with Darwen,Male,All ages,75.09694,74.03083,76.16304,2008
11771,Blackburn with Darwen,Male,All ages,75.1059,74.07459,76.1372,2009
12073,Blackburn with Darwen,Male,All ages,75.71785,74.60536,76.83035,2010
12375,Blackburn with Darwen,Male,All ages,76.26238,75.16722,77.35753,2011
12673,Blackburn with Darwen,Male,All ages,77.3,76.3,78.3,2012
12979,Blackburn with Darwen,Male,All ages,76.76,75.76,77.77,2013
13285,Blackburn with Darwen,Male,All ages,76.38,75.32,77.43,2014
13591,Blackburn with Darwen,Male,All ages,76.75,75.7,77.8,2015
13897,Blackburn with Darwen,Male,All ages,76.06,75.07,77.05,2016
14203,Blackburn with Darwen,Male,All ages,77.68,76.69,78.66,2017
14509,Blackburn with Darwen,Male,All ages,77.74,76.75,78.73,2018
14811,Blackburn with Darwen,Male,All ages,77.17,76.21,78.14,2019
15113,Blackburn with Darwen,Male,All ages,75.05,74.09,76.0,2020
15415,Blackburn with Darwen,Male,All ages,74.33,73.33,75.32,2021
15717,Blackburn with Darwen,Male,All ages,76.17,75.17,77.17,2022
