,Area Name,Sex,Age,Value,Lower CI 95.0 limit,Upper CI 95.0 limit,Time period Sortable
9606,Harrow,Female,All ages,82.834,81.97655,83.69145,2001
9908,Harrow,Female,All ages,83.42024,82.59748,84.243,2002
10210,Harrow,Female,All ages,82.37334,81.55647,83.19021,2003
10512,Harrow,Female,All ages,82.8012,81.97042,83.63199,2004
10814,Harrow,Female,All ages,82.82852,81.98459,83.67245,2005
11116,Harrow,Female,All ages,83.89011,83.06595,84.71427,2006
11418,Harrow,Female,All ages,84.17583,83.37443,84.97723,2007
11720,Harrow,Female,All ages,84.34624,83.55876,85.13373,2008
12022,Harrow,Female,All ages,84.4966,83.67478,85.31843,2009
12324,Harrow,Female,All ages,84.61312,83.72462,85.50161,2010
12622,Harrow,Female,All ages,85.8029,84.94603,86.65976,2011
12928,Harrow,Female,All ages,84.94,84.1,85.77,2012
13234,Harrow,Female,All ages,85.87,85.07,86.67,2013
13540,Harrow,Female,All ages,86.25,85.47,87.04,2014
13846,Harrow,Female,All ages,85.66,84.88,86.44,2015
14152,Harrow,Female,All ages,85.75,84.94,86.56,2016
14458,Harrow,Female,All ages,86.12,85.34,86.89,2017
14760,Harrow,Female,All ages,85.81,85.03,86.6,2018
15062,Harrow,Female,All ages,86.33,85.54,87.12,2019
15364,Harrow,Female,All ages,84.57,83.84,85.3,2020
15666,Harrow,Female,All ages,84.8,84.07,85.54,2021
15968,Harrow,Female,All ages,85.42,84.64,86.19,2022
