,Area Name,Sex,Age,Value,Lower CI 95.0 limit,Upper CI 95.0 limit,Time period Sortable
9529,Medway,Female,All ages,79.999,79.26982,80.72819,2001
9831,Medway,Female,All ages,80.18588,79.46879,80.90296,2002
10133,Medway,Female,All ages,79.80673,79.08051,80.53295,2003
10435,Medway,Female,All ages,80.54644,79.7955,81.29738,2004
10737,Medway,Female,All ages,80.87474,80.16788,81.5816,2005
11039,Medway,Female,All ages,80.92758,80.24457,81.61058,2006
11341,Medway,Female,All ages,81.16154,80.39768,81.92539,2007
11643,Medway,Female,All ages,81.48126,80.79465,82.16787,2008
11945,Medway,Female,All ages,81.88684,81.16458,82.6091,2009
12247,Medway,Female,All ages,81.56299,80.84436,82.28162,2010
12547,Medway,Female,All ages,82.38681,81.69366,83.07997,2011
12849,Medway,Female,All ages,82.35,81.68,83.02,2012
13155,Medway,Female,All ages,82.6,81.89,83.31,2013
13461,Medway,Female,All ages,81.64,80.94,82.34,2014
13767,Medway,Female,All ages,81.92,81.26,82.59,2015
14073,Medway,Female,All ages,83.2,82.5,83.89,2016
14379,Medway,Female,All ages,82.55,81.89,83.21,2017
14683,Medway,Female,All ages,82.56,81.91,83.21,2018
14985,Medway,Female,All ages,83.01,82.35,83.68,2019
15287,Medway,Female,All ages,82.08,81.43,82.72,2020
15589,Medway,Female,All ages,81.26,80.58,81.95,2021
15891,Medway,Female,All ages,82.51,81.83,83.2,2022
