,Area Name,Sex,Age,Value,Lower CI 95.0 limit,Upper CI 95.0 limit,Time period Sortable
9565,Trafford,Female,All ages,80.43417,79.6371,81.23124,2001
9867,Trafford,Female,All ages,80.51027,79.70557,81.31498,2002
10169,Trafford,Female,All ages,80.69064,79.92485,81.45643,2003
10471,Trafford,Female,All ages,81.14331,80.39035,81.89627,2004
10773,Trafford,Female,All ages,81.29671,80.51359,82.07983,2005
11075,Trafford,Female,All ages,81.75095,81.02307,82.47884,2006
11377,Trafford,Female,All ages,82.89718,82.13788,83.65649,2007
11679,Trafford,Female,All ages,82.54571,81.83117,83.26025,2008
11981,Trafford,Female,All ages,83.18145,82.42397,83.93893,2009
12283,Trafford,Female,All ages,83.04043,82.22845,83.8524,2010
12581,Trafford,Female,All ages,83.14761,82.3799,83.91532,2011
12887,Trafford,Female,All ages,84.07,83.31,84.84,2012
13193,Trafford,Female,All ages,82.75,81.99,83.52,2013
13499,Trafford,Female,All ages,83.65,82.88,84.42,2014
13805,Trafford,Female,All ages,83.79,83.07,84.51,2015
14111,Trafford,Female,All ages,83.54,82.78,84.29,2016
14417,Trafford,Female,All ages,83.48,82.74,84.22,2017
14719,Trafford,Female,All ages,84.32,83.59,85.06,2018
15021,Trafford,Female,All ages,83.51,82.79,84.23,2019
15323,Trafford,Female,All ages,83.14,82.5,83.78,2020
15625,Trafford,Female,All ages,83.68,82.97,84.38,2021
15927,Trafford,Female,All ages,83.15,82.4,83.9,2022
