,Area Name,Sex,Age,Value,Lower CI 95.0 limit,Upper CI 95.0 limit,Time period Sortable
9365,Nottingham,Male,All ages,72.66514,71.8624,73.46787,2001
9667,Nottingham,Male,All ages,73.54868,72.74575,74.35161,2002
9969,Nottingham,Male,All ages,72.64584,71.87665,73.41504,2003
10271,Nottingham,Male,All ages,73.8713,73.03899,74.70361,2004
10573,Nottingham,Male,All ages,74.33783,73.54942,75.12624,2005
10875,Nottingham,Male,All ages,75.01312,74.22559,75.80066,2006
11177,Nottingham,Male,All ages,74.79059,74.03691,75.54427,2007
11479,Nottingham,Male,All ages,75.85988,75.12515,76.59461,2008
11781,Nottingham,Male,All ages,75.38529,74.61357,76.157,2009
12083,Nottingham,Male,All ages,76.42547,75.70116,77.14977,2010
12385,Nottingham,Male,All ages,76.68259,75.93614,77.42904,2011
12683,Nottingham,Male,All ages,77.4,76.69,78.12,2012
12989,Nottingham,Male,All ages,76.85,76.14,77.57,2013
13295,Nottingham,Male,All ages,76.95,76.19,77.72,2014
13601,Nottingham,Male,All ages,76.43,75.73,77.14,2015
13907,Nottingham,Male,All ages,77.34,76.63,78.05,2016
14213,Nottingham,Male,All ages,77.03,76.31,77.75,2017
14519,Nottingham,Male,All ages,76.82,76.06,77.58,2018
14821,Nottingham,Male,All ages,77.1,76.36,77.84,2019
15123,Nottingham,Male,All ages,75.37,74.7,76.05,2020
15425,Nottingham,Male,All ages,75.38,74.66,76.09,2021
15727,Nottingham,Male,All ages,76.77,76.04,77.51,2022
