,Area Name,Sex,Age,Value,Lower CI 95.0 limit,Upper CI 95.0 limit,Time period Sortable
9562,Salford,Female,All ages,77.55007,76.71923,78.3809,2001
9864,Salford,Female,All ages,78.72916,78.00615,79.45217,2002
10166,Salford,Female,All ages,77.6555,76.85959,78.4514,2003
10468,Salford,Female,All ages,78.69947,77.95594,79.44299,2004
10770,Salford,Female,All ages,78.89343,78.07303,79.71384,2005
11072,Salford,Female,All ages,78.44234,77.62958,79.25511,2006
11374,Salford,Female,All ages,79.58282,78.78831,80.37732,2007
11676,Salford,Female,All ages,78.83073,78.07593,79.58554,2008
11978,Salford,Female,All ages,80.01544,79.25969,80.77118,2009
12280,Salford,Female,All ages,80.53866,79.7695,81.30783,2010
12578,Salford,Female,All ages,80.2829,79.50467,81.06113,2011
12884,Salford,Female,All ages,80.39,79.66,81.13,2012
13190,Salford,Female,All ages,80.46,79.74,81.18,2013
13496,Salford,Female,All ages,81.11,80.38,81.84,2014
13802,Salford,Female,All ages,80.81,80.09,81.54,2015
14108,Salford,Female,All ages,80.8,80.05,81.55,2016
14414,Salford,Female,All ages,81.01,80.3,81.73,2017
14716,Salford,Female,All ages,80.48,79.74,81.21,2018
15018,Salford,Female,All ages,81.6,80.87,82.34,2019
15320,Salford,Female,All ages,79.21,78.51,79.91,2020
15622,Salford,Female,All ages,80.8,80.08,81.53,2021
15924,Salford,Female,All ages,80.33,79.61,81.04,2022
