,Area Name,Sex,Age,Value,Lower CI 95.0 limit,Upper CI 95.0 limit,Time period Sortable
9480,Essex,Male,All ages,77.33414,77.01086,77.65741,2001
9782,Essex,Male,All ages,77.42722,77.10002,77.75441,2002
10084,Essex,Male,All ages,77.76742,77.4472,78.08763,2003
10386,Essex,Male,All ages,77.93054,77.60538,78.25571,2004
10688,Essex,Male,All ages,78.27043,77.95138,78.58948,2005
10990,Essex,Male,All ages,78.47785,78.16093,78.79476,2006
11292,Essex,Male,All ages,78.95844,78.6346,79.28228,2007
11594,Essex,Male,All ages,78.96782,78.65392,79.28172,2008
11896,Essex,Male,All ages,80.05529,79.75493,80.35564,2009
12198,Essex,Male,All ages,79.39767,79.08097,79.71437,2010
12498,Essex,Male,All ages,79.88049,79.56193,80.19905,2011
12800,Essex,Male,All ages,80.1,79.8,80.41,2012
13106,Essex,Male,All ages,80.35,80.04,80.65,2013
13412,Essex,Male,All ages,80.2,79.89,80.51,2014
13718,Essex,Male,All ages,80.09,79.8,80.38,2015
14024,Essex,Male,All ages,80.15,79.85,80.45,2016
14330,Essex,Male,All ages,80.23,79.94,80.51,2017
14634,Essex,Male,All ages,80.33,80.03,80.62,2018
14936,Essex,Male,All ages,80.49,80.2,80.79,2019
15238,Essex,Male,All ages,79.5,79.21,79.79,2020
15540,Essex,Male,All ages,79.46,79.18,79.74,2021
15842,Essex,Male,All ages,80.29,80.01,80.58,2022
