,Area Name,Sex,Age,Value,Lower CI 95.0 limit,Upper CI 95.0 limit,Time period Sortable
9517,Stoke-on-Trent,Female,All ages,79.29547,78.57681,80.01413,2001
9819,Stoke-on-Trent,Female,All ages,78.55024,77.77132,79.32917,2002
10121,Stoke-on-Trent,Female,All ages,78.7264,77.97354,79.47926,2003
10423,Stoke-on-Trent,Female,All ages,78.70176,77.89744,79.50607,2004
10725,Stoke-on-Trent,Female,All ages,79.8393,79.07863,80.59997,2005
11027,Stoke-on-Trent,Female,All ages,79.76412,79.01751,80.51073,2006
11329,Stoke-on-Trent,Female,All ages,79.67458,78.94534,80.40382,2007
11631,Stoke-on-Trent,Female,All ages,79.18669,78.48269,79.89068,2008
11933,Stoke-on-Trent,Female,All ages,80.09179,79.37092,80.81265,2009
12235,Stoke-on-Trent,Female,All ages,80.45833,79.69999,81.21667,2010
12535,Stoke-on-Trent,Female,All ages,80.45148,79.67221,81.23075,2011
12837,Stoke-on-Trent,Female,All ages,80.29,79.52,81.05,2012
13143,Stoke-on-Trent,Female,All ages,80.68,79.93,81.44,2013
13449,Stoke-on-Trent,Female,All ages,81.7,80.96,82.45,2014
13755,Stoke-on-Trent,Female,All ages,80.71,79.96,81.45,2015
14061,Stoke-on-Trent,Female,All ages,81.32,80.6,82.05,2016
14367,Stoke-on-Trent,Female,All ages,80.63,79.93,81.32,2017
14671,Stoke-on-Trent,Female,All ages,79.29,78.53,80.06,2018
14973,Stoke-on-Trent,Female,All ages,81.01,80.26,81.77,2019
15275,Stoke-on-Trent,Female,All ages,79.49,78.81,80.17,2020
15577,Stoke-on-Trent,Female,All ages,79.2,78.38,80.02,2021
15879,Stoke-on-Trent,Female,All ages,80.96,80.24,81.68,2022
