,Area Name,Sex,Age,Value,Lower CI 95.0 limit,Upper CI 95.0 limit,Time period Sortable
9584,Solihull,Female,All ages,81.99054,81.2271,82.75397,2001
9886,Solihull,Female,All ages,81.88229,81.07555,82.68904,2002
10188,Solihull,Female,All ages,81.9706,81.30883,82.63236,2003
10490,Solihull,Female,All ages,82.36568,81.54775,83.18362,2004
10792,Solihull,Female,All ages,83.30722,82.55393,84.06052,2005
11094,Solihull,Female,All ages,83.2638,82.40685,84.12075,2006
11396,Solihull,Female,All ages,83.63437,82.79009,84.47865,2007
11698,Solihull,Female,All ages,82.6152,81.74047,83.48994,2008
12000,Solihull,Female,All ages,84.18895,83.42143,84.95646,2009
12302,Solihull,Female,All ages,83.74966,82.95026,84.54906,2010
12600,Solihull,Female,All ages,84.59148,83.70525,85.4777,2011
12906,Solihull,Female,All ages,84.46,83.75,85.17,2012
13212,Solihull,Female,All ages,84.35,83.53,85.17,2013
13518,Solihull,Female,All ages,83.94,83.13,84.74,2014
13824,Solihull,Female,All ages,84.24,83.49,85.0,2015
14130,Solihull,Female,All ages,84.34,83.5,85.17,2016
14436,Solihull,Female,All ages,84.1,83.31,84.89,2017
14738,Solihull,Female,All ages,83.9,83.12,84.68,2018
15040,Solihull,Female,All ages,84.94,84.23,85.65,2019
15342,Solihull,Female,All ages,83.05,82.36,83.74,2020
15644,Solihull,Female,All ages,83.87,83.07,84.67,2021
15946,Solihull,Female,All ages,84.01,83.28,84.74,2022
