,Area Name,Sex,Age,Value,Lower CI 95.0 limit,Upper CI 95.0 limit,Time period Sortable
9628,East Sussex,Female,All ages,81.82808,81.34654,82.30961,2001
9930,East Sussex,Female,All ages,81.93455,81.44641,82.4227,2002
10232,East Sussex,Female,All ages,81.67086,81.16992,82.1718,2003
10534,East Sussex,Female,All ages,82.07893,81.58199,82.57586,2004
10836,East Sussex,Female,All ages,82.48441,82.00308,82.96573,2005
11138,East Sussex,Female,All ages,82.4968,81.9817,83.0119,2006
11440,East Sussex,Female,All ages,82.96661,82.46994,83.46329,2007
11742,East Sussex,Female,All ages,82.91299,82.41812,83.40787,2008
12044,East Sussex,Female,All ages,83.67781,83.18664,84.16899,2009
12346,East Sussex,Female,All ages,83.17317,82.68245,83.66389,2010
12644,East Sussex,Female,All ages,83.67346,83.20542,84.14151,2011
12950,East Sussex,Female,All ages,83.83,83.37,84.3,2012
13256,East Sussex,Female,All ages,83.94,83.48,84.4,2013
13562,East Sussex,Female,All ages,84.2,83.73,84.68,2014
13868,East Sussex,Female,All ages,83.67,83.2,84.13,2015
14174,East Sussex,Female,All ages,83.99,83.53,84.45,2016
14480,East Sussex,Female,All ages,83.65,83.18,84.13,2017
14782,East Sussex,Female,All ages,83.79,83.31,84.27,2018
15084,East Sussex,Female,All ages,84.14,83.67,84.61,2019
15386,East Sussex,Female,All ages,83.76,83.31,84.2,2020
15688,East Sussex,Female,All ages,82.91,82.45,83.37,2021
15990,East Sussex,Female,All ages,83.67,83.19,84.14,2022
