,Area Name,Sex,Age,Value,Lower CI 95.0 limit,Upper CI 95.0 limit,Time period Sortable
9378,Southend-on-Sea,Male,All ages,75.46685,74.4894,76.4443,2001
9680,Southend-on-Sea,Male,All ages,75.69791,74.69423,76.7016,2002
9982,Southend-on-Sea,Male,All ages,75.73271,74.77191,76.69352,2003
10284,Southend-on-Sea,Male,All ages,77.70773,76.78777,78.62769,2004
10586,Southend-on-Sea,Male,All ages,76.87809,75.90891,77.84728,2005
10888,Southend-on-Sea,Male,All ages,77.53913,76.66771,78.41055,2006
11190,Southend-on-Sea,Male,All ages,77.24698,76.30593,78.18804,2007
11492,Southend-on-Sea,Male,All ages,78.33057,77.45548,79.20566,2008
11794,Southend-on-Sea,Male,All ages,77.65469,76.73758,78.5718,2009
12096,Southend-on-Sea,Male,All ages,78.56827,77.68456,79.45199,2010
12398,Southend-on-Sea,Male,All ages,79.66022,78.77268,80.54777,2011
12696,Southend-on-Sea,Male,All ages,80.77,79.95,81.6,2012
13002,Southend-on-Sea,Male,All ages,78.6,77.68,79.52,2013
13308,Southend-on-Sea,Male,All ages,79.01,78.08,79.94,2014
13614,Southend-on-Sea,Male,All ages,77.92,77.04,78.79,2015
13920,Southend-on-Sea,Male,All ages,78.68,77.81,79.54,2016
14226,Southend-on-Sea,Male,All ages,79.16,78.34,79.98,2017
14532,Southend-on-Sea,Male,All ages,78.88,78.05,79.71,2018
14834,Southend-on-Sea,Male,All ages,78.61,77.7,79.52,2019
15136,Southend-on-Sea,Male,All ages,77.15,76.31,77.99,2020
15438,Southend-on-Sea,Male,All ages,78.0,77.23,78.78,2021
15740,Southend-on-Sea,Male,All ages,78.98,78.17,79.79,2022
