,Area Name,Sex,Age,Value,Lower CI 95.0 limit,Upper CI 95.0 limit,Time period Sortable
9351,Stockton-on-Tees,Male,All ages,74.54767,73.61875,75.4766,2001
9653,Stockton-on-Tees,Male,All ages,76.0063,75.13829,76.87431,2002
9955,Stockton-on-Tees,Male,All ages,75.27331,74.39805,76.14856,2003
10257,Stockton-on-Tees,Male,All ages,74.95902,73.9617,75.95633,2004
10559,Stockton-on-Tees,Male,All ages,76.46307,75.61121,77.31494,2005
10861,Stockton-on-Tees,Male,All ages,75.86638,74.91724,76.81552,2006
11163,Stockton-on-Tees,Male,All ages,76.22724,75.36487,77.08962,2007
11465,Stockton-on-Tees,Male,All ages,76.16244,75.2471,77.07777,2008
11767,Stockton-on-Tees,Male,All ages,77.50388,76.66847,78.33928,2009
12069,Stockton-on-Tees,Male,All ages,77.94896,77.10661,78.7913,2010
12371,Stockton-on-Tees,Male,All ages,78.31615,77.40876,79.22354,2011
12669,Stockton-on-Tees,Male,All ages,78.28,77.4,79.17,2012
12975,Stockton-on-Tees,Male,All ages,78.33,77.44,79.22,2013
13281,Stockton-on-Tees,Male,All ages,78.24,77.38,79.1,2014
13587,Stockton-on-Tees,Male,All ages,77.83,76.94,78.72,2015
13893,Stockton-on-Tees,Male,All ages,78.12,77.3,78.93,2016
14199,Stockton-on-Tees,Male,All ages,78.51,77.63,79.39,2017
14505,Stockton-on-Tees,Male,All ages,77.72,76.85,78.59,2018
14807,Stockton-on-Tees,Male,All ages,79.23,78.41,80.05,2019
15109,Stockton-on-Tees,Male,All ages,77.25,76.41,78.08,2020
15411,Stockton-on-Tees,Male,All ages,77.97,77.1,78.84,2021
15713,Stockton-on-Tees,Male,All ages,77.93,77.03,78.83,2022
