,Area Name,Sex,Age,Value,Lower CI 95.0 limit,Upper CI 95.0 limit,Time period Sortable
9555,North Yorkshire UA,Female,All ages,81.91476,81.45853,82.371,2001
9857,North Yorkshire UA,Female,All ages,81.81772,81.37197,82.26347,2002
10159,North Yorkshire UA,Female,All ages,81.6301,81.1726,82.08761,2003
10461,North Yorkshire UA,Female,All ages,82.15098,81.68361,82.61836,2004
10763,North Yorkshire UA,Female,All ages,82.35454,81.87576,82.83331,2005
11065,North Yorkshire UA,Female,All ages,82.55203,82.10808,82.99598,2006
11367,North Yorkshire UA,Female,All ages,82.36994,81.91144,82.82844,2007
11669,North Yorkshire UA,Female,All ages,82.9235,82.50504,83.34196,2008
11971,North Yorkshire UA,Female,All ages,83.29576,82.83615,83.75538,2009
12273,North Yorkshire UA,Female,All ages,83.56359,83.13565,83.99153,2010
12877,North Yorkshire UA,Female,All ages,83.56,83.14,83.99,2012
13183,North Yorkshire UA,Female,All ages,83.92,83.49,84.36,2013
13489,North Yorkshire UA,Female,All ages,84.25,83.81,84.69,2014
13795,North Yorkshire UA,Female,All ages,84.15,83.73,84.56,2015
14101,North Yorkshire UA,Female,All ages,84.09,83.67,84.51,2016
14407,North Yorkshire UA,Female,All ages,84.0,83.57,84.43,2017
14709,North Yorkshire UA,Female,All ages,83.91,83.49,84.33,2018
15011,North Yorkshire UA,Female,All ages,84.55,84.11,84.99,2019
15313,North Yorkshire UA,Female,All ages,83.83,83.45,84.21,2020
15615,North Yorkshire UA,Female,All ages,84.14,83.7,84.59,2021
15917,North Yorkshire UA,Female,All ages,84.02,83.6,84.45,2022
