,Area Name,Sex,Age,Value,Lower CI 95.0 limit,Upper CI 95.0 limit,Time period Sortable
9443,Gateshead,Male,All ages,73.98886,73.17659,74.80114,2001
9745,Gateshead,Male,All ages,73.9258,73.04777,74.80383,2002
10047,Gateshead,Male,All ages,74.66829,73.8523,75.48428,2003
10349,Gateshead,Male,All ages,75.17046,74.30775,76.03317,2004
10651,Gateshead,Male,All ages,75.38208,74.46432,76.29985,2005
10953,Gateshead,Male,All ages,75.65516,74.751,76.55933,2006
11255,Gateshead,Male,All ages,76.51184,75.6254,77.39828,2007
11557,Gateshead,Male,All ages,76.68498,75.85611,77.51384,2008
11859,Gateshead,Male,All ages,76.439,75.59651,77.28149,2009
12161,Gateshead,Male,All ages,77.66901,76.79844,78.53958,2010
12461,Gateshead,Male,All ages,76.39596,75.49204,77.29988,2011
12763,Gateshead,Male,All ages,77.37,76.49,78.25,2012
13069,Gateshead,Male,All ages,78.07,77.24,78.9,2013
13375,Gateshead,Male,All ages,77.57,76.73,78.41,2014
13681,Gateshead,Male,All ages,77.47,76.61,78.32,2015
13987,Gateshead,Male,All ages,77.45,76.63,78.26,2016
14293,Gateshead,Male,All ages,77.49,76.61,78.37,2017
14597,Gateshead,Male,All ages,77.23,76.38,78.08,2018
14899,Gateshead,Male,All ages,78.28,77.42,79.14,2019
15201,Gateshead,Male,All ages,76.33,75.51,77.16,2020
15503,Gateshead,Male,All ages,77.13,76.27,77.98,2021
15805,Gateshead,Male,All ages,76.47,75.52,77.42,2022
