,Area Name,Sex,Age,Value,Lower CI 95.0 limit,Upper CI 95.0 limit,Time period Sortable
9633,Kent,Female,All ages,81.17315,80.87436,81.47194,2001
9935,Kent,Female,All ages,81.21936,80.92093,81.51779,2002
10237,Kent,Female,All ages,81.08451,80.78026,81.38876,2003
10539,Kent,Female,All ages,81.79971,81.50358,82.09583,2004
10841,Kent,Female,All ages,81.63917,81.34119,81.93715,2005
11143,Kent,Female,All ages,82.01313,81.71928,82.30698,2006
11445,Kent,Female,All ages,82.32906,82.0432,82.61493,2007
11747,Kent,Female,All ages,82.47023,82.1857,82.75475,2008
12049,Kent,Female,All ages,82.67551,82.38183,82.96919,2009
12351,Kent,Female,All ages,82.7981,82.51029,83.08591,2010
12649,Kent,Female,All ages,83.5919,83.31006,83.87374,2011
12955,Kent,Female,All ages,83.5,83.22,83.77,2012
13261,Kent,Female,All ages,83.52,83.24,83.79,2013
13567,Kent,Female,All ages,83.47,83.18,83.75,2014
13873,Kent,Female,All ages,83.3,83.02,83.57,2015
14179,Kent,Female,All ages,83.24,82.96,83.52,2016
14485,Kent,Female,All ages,83.44,83.16,83.71,2017
14787,Kent,Female,All ages,83.33,83.06,83.6,2018
15089,Kent,Female,All ages,83.49,83.2,83.77,2019
15391,Kent,Female,All ages,82.67,82.41,82.94,2020
15693,Kent,Female,All ages,82.99,82.71,83.27,2021
15995,Kent,Female,All ages,83.27,83.0,83.55,2022
