,Area Name,Sex,Age,Value,Lower CI 95.0 limit,Upper CI 95.0 limit,Time period Sortable
9550,"Bournemouth, Christchurch and Poole",Female,All ages,81.83095,81.18095,82.48094,2001
9852,"Bournemouth, Christchurch and Poole",Female,All ages,82.16717,81.59711,82.73722,2002
10154,"Bournemouth, Christchurch and Poole",Female,All ages,82.11254,81.55161,82.67346,2003
10456,"Bournemouth, Christchurch and Poole",Female,All ages,82.55164,81.96079,83.1425,2004
10758,"Bournemouth, Christchurch and Poole",Female,All ages,82.54934,81.94205,83.15664,2005
11060,"Bournemouth, Christchurch and Poole",Female,All ages,82.89163,82.27729,83.50597,2006
11362,"Bournemouth, Christchurch and Poole",Female,All ages,83.34885,82.78364,83.91407,2007
11664,"Bournemouth, Christchurch and Poole",Female,All ages,82.58202,82.00419,83.15984,2008
11966,"Bournemouth, Christchurch and Poole",Female,All ages,83.91869,83.38231,84.45508,2009
12268,"Bournemouth, Christchurch and Poole",Female,All ages,83.39711,82.84099,83.95322,2010
12568,"Bournemouth, Christchurch and Poole",Female,All ages,84.02228,83.45961,84.58494,2011
12870,"Bournemouth, Christchurch and Poole",Female,All ages,83.87,83.37,84.38,2012
13176,"Bournemouth, Christchurch and Poole",Female,All ages,83.48,82.92,84.04,2013
13482,"Bournemouth, Christchurch and Poole",Female,All ages,84.32,83.81,84.84,2014
13788,"Bournemouth, Christchurch and Poole",Female,All ages,83.1,82.57,83.62,2015
14094,"Bournemouth, Christchurch and Poole",Female,All ages,83.47,82.93,84.01,2016
14400,"Bournemouth, Christchurch and Poole",Female,All ages,83.3,82.73,83.87,2017
14704,"Bournemouth, Christchurch and Poole",Female,All ages,83.95,83.41,84.49,2018
15006,"Bournemouth, Christchurch and Poole",Female,All ages,84.06,83.5,84.61,2019
15308,"Bournemouth, Christchurch and Poole",Female,All ages,83.53,83.01,84.04,2020
15610,"Bournemouth, Christchurch and Poole",Female,All ages,83.31,82.79,83.83,2021
15912,"Bournemouth, Christchurch and Poole",Female,All ages,83.78,83.22,84.33,2022
