,Area Name,Sex,Age,Value,Lower CI 95.0 limit,Upper CI 95.0 limit,Time period Sortable
9537,Brighton and Hove,Female,All ages,80.84487,80.0901,81.59964,2001
9839,Brighton and Hove,Female,All ages,81.21109,80.44852,81.97365,2002
10141,Brighton and Hove,Female,All ages,80.39844,79.6528,81.14407,2003
10443,Brighton and Hove,Female,All ages,81.68769,80.88855,82.48683,2004
10745,Brighton and Hove,Female,All ages,81.43586,80.69124,82.18049,2005
11047,Brighton and Hove,Female,All ages,81.63269,80.84096,82.42442,2006
11349,Brighton and Hove,Female,All ages,81.34446,80.55477,82.13415,2007
11651,Brighton and Hove,Female,All ages,83.18485,82.45232,83.91738,2008
11953,Brighton and Hove,Female,All ages,81.78961,81.00025,82.57898,2009
12255,Brighton and Hove,Female,All ages,82.8891,82.1069,83.67129,2010
12555,Brighton and Hove,Female,All ages,82.74499,81.9881,83.50189,2011
12857,Brighton and Hove,Female,All ages,83.06,82.32,83.81,2012
13163,Brighton and Hove,Female,All ages,83.19,82.46,83.93,2013
13469,Brighton and Hove,Female,All ages,83.98,83.24,84.72,2014
13775,Brighton and Hove,Female,All ages,83.37,82.69,84.05,2015
14081,Brighton and Hove,Female,All ages,82.8,82.09,83.51,2016
14387,Brighton and Hove,Female,All ages,83.04,82.35,83.73,2017
14691,Brighton and Hove,Female,All ages,83.12,82.43,83.81,2018
14993,Brighton and Hove,Female,All ages,83.5,82.78,84.21,2019
15295,Brighton and Hove,Female,All ages,83.21,82.53,83.9,2020
15597,Brighton and Hove,Female,All ages,83.0,82.31,83.68,2021
15899,Brighton and Hove,Female,All ages,83.04,82.29,83.78,2022
