,Area Name,Sex,Age,Value,Lower CI 95.0 limit,Upper CI 95.0 limit,Time period Sortable
9509,North Lincolnshire,Female,All ages,79.81134,78.83235,80.79033,2001
9811,North Lincolnshire,Female,All ages,81.45336,80.55077,82.35594,2002
10113,North Lincolnshire,Female,All ages,80.92505,80.06555,81.78455,2003
10415,North Lincolnshire,Female,All ages,80.85142,79.91481,81.78802,2004
10717,North Lincolnshire,Female,All ages,81.31015,80.38055,82.23974,2005
11019,North Lincolnshire,Female,All ages,80.3565,79.3733,81.33969,2006
11321,North Lincolnshire,Female,All ages,81.234,80.41672,82.05128,2007
11623,North Lincolnshire,Female,All ages,81.06689,80.18936,81.94441,2008
11925,North Lincolnshire,Female,All ages,81.3392,80.48343,82.19497,2009
12227,North Lincolnshire,Female,All ages,82.99352,82.11724,83.8698,2010
12527,North Lincolnshire,Female,All ages,81.76424,80.85084,82.67763,2011
12829,North Lincolnshire,Female,All ages,82.94,82.05,83.84,2012
13135,North Lincolnshire,Female,All ages,82.45,81.62,83.29,2013
13441,North Lincolnshire,Female,All ages,82.54,81.66,83.42,2014
13747,North Lincolnshire,Female,All ages,82.31,81.45,83.16,2015
14053,North Lincolnshire,Female,All ages,82.76,81.95,83.57,2016
14359,North Lincolnshire,Female,All ages,82.41,81.56,83.25,2017
14663,North Lincolnshire,Female,All ages,81.83,80.91,82.76,2018
14965,North Lincolnshire,Female,All ages,83.26,82.46,84.07,2019
15267,North Lincolnshire,Female,All ages,82.45,81.56,83.34,2020
15569,North Lincolnshire,Female,All ages,83.3,82.49,84.11,2021
15871,North Lincolnshire,Female,All ages,83.09,82.31,83.88,2022
