,Area Name,Sex,Age,Value,Lower CI 95.0 limit,Upper CI 95.0 limit,Time period Sortable
9570,Sefton,Female,All ages,79.76826,79.10593,80.43059,2001
9872,Sefton,Female,All ages,80.02899,79.36638,80.6916,2002
10174,Sefton,Female,All ages,79.98474,79.2897,80.67978,2003
10476,Sefton,Female,All ages,80.49222,79.82289,81.16155,2004
10778,Sefton,Female,All ages,80.65279,79.99129,81.31428,2005
11080,Sefton,Female,All ages,81.86985,81.18619,82.55351,2006
11382,Sefton,Female,All ages,81.50628,80.93165,82.0809,2007
11684,Sefton,Female,All ages,81.04607,80.40171,81.69043,2008
11986,Sefton,Female,All ages,82.16417,81.50174,82.8266,2009
12288,Sefton,Female,All ages,82.52234,81.86239,83.18229,2010
12586,Sefton,Female,All ages,83.24978,82.61945,83.88011,2011
12892,Sefton,Female,All ages,82.07,81.38,82.75,2012
13198,Sefton,Female,All ages,81.81,81.11,82.51,2013
13504,Sefton,Female,All ages,82.67,82.05,83.3,2014
13810,Sefton,Female,All ages,82.1,81.38,82.81,2015
14116,Sefton,Female,All ages,82.0,81.3,82.71,2016
14422,Sefton,Female,All ages,82.89,82.22,83.55,2017
14724,Sefton,Female,All ages,82.48,81.82,83.14,2018
15026,Sefton,Female,All ages,83.0,82.33,83.66,2019
15328,Sefton,Female,All ages,81.22,80.59,81.85,2020
15630,Sefton,Female,All ages,81.63,80.91,82.35,2021
15932,Sefton,Female,All ages,81.41,80.72,82.09,2022
