,Area Name,Sex,Age,Value,Lower CI 95.0 limit,Upper CI 95.0 limit,Time period Sortable
9494,Warwickshire,Male,All ages,76.80337,76.29736,77.30939,2001
9796,Warwickshire,Male,All ages,77.07581,76.56596,77.58567,2002
10098,Warwickshire,Male,All ages,77.15376,76.63975,77.66776,2003
10400,Warwickshire,Male,All ages,77.13733,76.60654,77.66812,2004
10702,Warwickshire,Male,All ages,77.29313,76.76635,77.8199,2005
11004,Warwickshire,Male,All ages,78.57303,78.08397,79.06209,2006
11306,Warwickshire,Male,All ages,78.20379,77.67546,78.73211,2007
11608,Warwickshire,Male,All ages,78.38206,77.86306,78.90107,2008
11910,Warwickshire,Male,All ages,78.68528,78.17938,79.19118,2009
12212,Warwickshire,Male,All ages,79.70587,79.19145,80.22029,2010
12512,Warwickshire,Male,All ages,79.76046,79.26647,80.25445,2011
12814,Warwickshire,Male,All ages,79.67,79.19,80.16,2012
13120,Warwickshire,Male,All ages,80.23,79.75,80.71,2013
13426,Warwickshire,Male,All ages,80.26,79.76,80.76,2014
13732,Warwickshire,Male,All ages,79.76,79.25,80.27,2015
14038,Warwickshire,Male,All ages,79.96,79.45,80.46,2016
14344,Warwickshire,Male,All ages,79.9,79.4,80.39,2017
14648,Warwickshire,Male,All ages,79.97,79.48,80.45,2018
14950,Warwickshire,Male,All ages,80.48,79.99,80.96,2019
15252,Warwickshire,Male,All ages,78.9,78.44,79.37,2020
15554,Warwickshire,Male,All ages,79.35,78.84,79.85,2021
15856,Warwickshire,Male,All ages,79.92,79.47,80.38,2022
