,Area Name,Sex,Age,Value,Lower CI 95.0 limit,Upper CI 95.0 limit,Time period Sortable
9367,Telford and Wrekin,Male,All ages,75.38872,74.39124,76.38621,2001
9669,Telford and Wrekin,Male,All ages,76.04598,75.08071,77.01125,2002
9971,Telford and Wrekin,Male,All ages,75.90359,74.8842,76.92299,2003
10273,Telford and Wrekin,Male,All ages,76.98572,76.08881,77.88264,2004
10575,Telford and Wrekin,Male,All ages,76.33848,75.38977,77.2872,2005
10877,Telford and Wrekin,Male,All ages,77.25492,76.24731,78.26254,2006
11179,Telford and Wrekin,Male,All ages,76.83124,75.9503,77.71218,2007
11481,Telford and Wrekin,Male,All ages,77.48367,76.48561,78.48173,2008
11783,Telford and Wrekin,Male,All ages,77.19714,76.28417,78.11012,2009
12085,Telford and Wrekin,Male,All ages,77.13825,76.16691,78.1096,2010
12387,Telford and Wrekin,Male,All ages,77.79995,76.8371,78.7628,2011
12685,Telford and Wrekin,Male,All ages,78.47,77.53,79.41,2012
12991,Telford and Wrekin,Male,All ages,78.23,77.31,79.14,2013
13297,Telford and Wrekin,Male,All ages,79.18,78.28,80.08,2014
13603,Telford and Wrekin,Male,All ages,77.86,76.86,78.86,2015
13909,Telford and Wrekin,Male,All ages,79.18,78.34,80.01,2016
14215,Telford and Wrekin,Male,All ages,78.84,77.95,79.72,2017
14521,Telford and Wrekin,Male,All ages,78.32,77.39,79.24,2018
14823,Telford and Wrekin,Male,All ages,79.08,78.2,79.96,2019
15125,Telford and Wrekin,Male,All ages,77.89,77.03,78.75,2020
15427,Telford and Wrekin,Male,All ages,78.3,77.43,79.16,2021
15729,Telford and Wrekin,Male,All ages,77.75,76.82,78.67,2022
