,Area Name,Sex,Age,Value,Lower CI 95.0 limit,Upper CI 95.0 limit,Time period Sortable
9618,Richmond upon Thames,Female,All ages,82.27399,81.43698,83.111,2001
9920,Richmond upon Thames,Female,All ages,82.37394,81.53429,83.21359,2002
10222,Richmond upon Thames,Female,All ages,82.10405,81.24774,82.96037,2003
10524,Richmond upon Thames,Female,All ages,82.71363,81.78871,83.63854,2004
10826,Richmond upon Thames,Female,All ages,83.39572,82.49478,84.29665,2005
11128,Richmond upon Thames,Female,All ages,82.89875,82.03392,83.76357,2006
11430,Richmond upon Thames,Female,All ages,84.57072,83.6465,85.49494,2007
11732,Richmond upon Thames,Female,All ages,84.65577,83.76285,85.54868,2008
12034,Richmond upon Thames,Female,All ages,85.62576,84.68819,86.56334,2009
12336,Richmond upon Thames,Female,All ages,85.16439,84.23169,86.09709,2010
12634,Richmond upon Thames,Female,All ages,85.90434,85.02659,86.78209,2011
12940,Richmond upon Thames,Female,All ages,85.5,84.6,86.4,2012
13246,Richmond upon Thames,Female,All ages,85.28,84.44,86.11,2013
13552,Richmond upon Thames,Female,All ages,86.08,85.16,87.01,2014
13858,Richmond upon Thames,Female,All ages,84.68,83.78,85.57,2015
14164,Richmond upon Thames,Female,All ages,86.64,85.78,87.5,2016
14470,Richmond upon Thames,Female,All ages,85.28,84.44,86.12,2017
14772,Richmond upon Thames,Female,All ages,86.72,85.88,87.56,2018
15074,Richmond upon Thames,Female,All ages,85.99,85.13,86.84,2019
15376,Richmond upon Thames,Female,All ages,85.54,84.72,86.35,2020
15678,Richmond upon Thames,Female,All ages,85.87,85.04,86.71,2021
15980,Richmond upon Thames,Female,All ages,86.1,85.34,86.87,2022
