,Area Name,Sex,Age,Value,Lower CI 95.0 limit,Upper CI 95.0 limit,Time period Sortable
9406,North Yorkshire UA,Male,All ages,77.42953,76.95349,77.90557,2001
9708,North Yorkshire UA,Male,All ages,77.29372,76.77765,77.80978,2002
10010,North Yorkshire UA,Male,All ages,77.63806,77.15437,78.12174,2003
10312,North Yorkshire UA,Male,All ages,77.70421,77.20812,78.20031,2004
10614,North Yorkshire UA,Male,All ages,78.41851,77.92633,78.91068,2005
10916,North Yorkshire UA,Male,All ages,78.62797,78.14228,79.11367,2006
11218,North Yorkshire UA,Male,All ages,78.6736,78.19006,79.15713,2007
11520,North Yorkshire UA,Male,All ages,79.17015,78.68678,79.65352,2008
11822,North Yorkshire UA,Male,All ages,79.34897,78.85845,79.83948,2009
12124,North Yorkshire UA,Male,All ages,79.79935,79.3208,80.27789,2010
12726,North Yorkshire UA,Male,All ages,79.94,79.45,80.42,2012
13032,North Yorkshire UA,Male,All ages,80.17,79.7,80.63,2013
13338,North Yorkshire UA,Male,All ages,80.72,80.26,81.19,2014
13644,North Yorkshire UA,Male,All ages,80.26,79.78,80.73,2015
13950,North Yorkshire UA,Male,All ages,80.68,80.24,81.11,2016
14256,North Yorkshire UA,Male,All ages,80.74,80.3,81.18,2017
14560,North Yorkshire UA,Male,All ages,80.28,79.8,80.76,2018
14862,North Yorkshire UA,Male,All ages,80.52,80.04,81.0,2019
15164,North Yorkshire UA,Male,All ages,79.95,79.47,80.43,2020
15466,North Yorkshire UA,Male,All ages,80.47,80.01,80.93,2021
15768,North Yorkshire UA,Male,All ages,80.25,79.77,80.73,2022
