,Area Name,Sex,Age,Value,Lower CI 95.0 limit,Upper CI 95.0 limit,Time period Sortable
9428,North Tyneside,Male,All ages,75.46505,74.59141,76.3387,2001
9730,North Tyneside,Male,All ages,74.73121,73.89366,75.56877,2002
10032,North Tyneside,Male,All ages,75.35255,74.50386,76.20125,2003
10334,North Tyneside,Male,All ages,74.8997,74.03059,75.76881,2004
10636,North Tyneside,Male,All ages,76.53579,75.69384,77.37773,2005
10938,North Tyneside,Male,All ages,76.81284,76.01265,77.61302,2006
11240,North Tyneside,Male,All ages,76.30466,75.46097,77.14835,2007
11542,North Tyneside,Male,All ages,76.2242,75.40198,77.04642,2008
11844,North Tyneside,Male,All ages,77.49745,76.63753,78.35737,2009
12146,North Tyneside,Male,All ages,77.61733,76.80238,78.43229,2010
12446,North Tyneside,Male,All ages,78.06515,77.26074,78.86956,2011
12748,North Tyneside,Male,All ages,78.49,77.7,79.27,2012
13054,North Tyneside,Male,All ages,77.4,76.57,78.23,2013
13360,North Tyneside,Male,All ages,77.57,76.73,78.41,2014
13666,North Tyneside,Male,All ages,78.16,77.4,78.92,2015
13972,North Tyneside,Male,All ages,78.07,77.25,78.89,2016
14278,North Tyneside,Male,All ages,78.03,77.2,78.86,2017
14582,North Tyneside,Male,All ages,78.2,77.34,79.07,2018
14884,North Tyneside,Male,All ages,78.59,77.79,79.4,2019
15186,North Tyneside,Male,All ages,78.46,77.72,79.2,2020
15488,North Tyneside,Male,All ages,77.04,76.15,77.93,2021
15790,North Tyneside,Male,All ages,78.1,77.33,78.87,2022
