,Area Name,Sex,Age,Value,Lower CI 95.0 limit,Upper CI 95.0 limit,Time period Sortable
9505,Blackpool,Female,All ages,78.59383,77.61117,79.57649,2001
9807,Blackpool,Female,All ages,78.26902,77.27163,79.26641,2002
10109,Blackpool,Female,All ages,78.35664,77.43329,79.27999,2003
10411,Blackpool,Female,All ages,78.64192,77.71648,79.56736,2004
10713,Blackpool,Female,All ages,79.55293,78.65948,80.44637,2005
11015,Blackpool,Female,All ages,78.20988,77.14379,79.27597,2006
11317,Blackpool,Female,All ages,79.46125,78.53815,80.38436,2007
11619,Blackpool,Female,All ages,78.90576,77.90046,79.91106,2008
11921,Blackpool,Female,All ages,80.18443,79.15497,81.21388,2009
12223,Blackpool,Female,All ages,79.40692,78.3682,80.44565,2010
12523,Blackpool,Female,All ages,79.97402,78.98957,80.95846,2011
12825,Blackpool,Female,All ages,80.38,79.48,81.29,2012
13131,Blackpool,Female,All ages,79.99,78.97,81.0,2013
13437,Blackpool,Female,All ages,79.47,78.4,80.54,2014
13743,Blackpool,Female,All ages,79.1,78.14,80.07,2015
14049,Blackpool,Female,All ages,80.11,79.16,81.06,2016
14355,Blackpool,Female,All ages,79.77,78.85,80.68,2017
14659,Blackpool,Female,All ages,79.05,78.08,80.02,2018
14961,Blackpool,Female,All ages,80.35,79.41,81.3,2019
15263,Blackpool,Female,All ages,78.3,77.32,79.27,2020
15565,Blackpool,Female,All ages,79.28,78.3,80.26,2021
15867,Blackpool,Female,All ages,79.36,78.32,80.39,2022
