,Area Name,Sex,Age,Value,Lower CI 95.0 limit,Upper CI 95.0 limit,Time period Sortable
9623,Wandsworth,Female,All ages,79.92472,79.13648,80.71297,2001
9925,Wandsworth,Female,All ages,80.19742,79.44529,80.94954,2002
10227,Wandsworth,Female,All ages,80.53197,79.75111,81.31282,2003
10529,Wandsworth,Female,All ages,80.88339,80.09997,81.66682,2004
10831,Wandsworth,Female,All ages,81.09859,80.32643,81.87076,2005
11133,Wandsworth,Female,All ages,81.41207,80.6107,82.21343,2006
11435,Wandsworth,Female,All ages,81.51636,80.71462,82.31809,2007
11737,Wandsworth,Female,All ages,81.17527,80.39232,81.95823,2008
12039,Wandsworth,Female,All ages,82.93114,82.1251,83.73718,2009
12341,Wandsworth,Female,All ages,83.1487,82.40525,83.89214,2010
12639,Wandsworth,Female,All ages,82.96289,82.19603,83.72975,2011
12945,Wandsworth,Female,All ages,83.35,82.6,84.1,2012
13251,Wandsworth,Female,All ages,83.37,82.59,84.15,2013
13557,Wandsworth,Female,All ages,84.18,83.41,84.95,2014
13863,Wandsworth,Female,All ages,83.39,82.68,84.1,2015
14169,Wandsworth,Female,All ages,83.93,83.2,84.67,2016
14475,Wandsworth,Female,All ages,83.53,82.78,84.28,2017
14777,Wandsworth,Female,All ages,84.45,83.72,85.18,2018
15079,Wandsworth,Female,All ages,84.39,83.67,85.11,2019
15381,Wandsworth,Female,All ages,83.87,83.18,84.56,2020
15683,Wandsworth,Female,All ages,83.96,83.22,84.71,2021
15985,Wandsworth,Female,All ages,84.75,84.0,85.5,2022
