,Area Name,Sex,Age,Value,Lower CI 95.0 limit,Upper CI 95.0 limit,Time period Sortable
9578,South Tyneside,Female,All ages,80.46164,79.55341,81.36988,2001
9880,South Tyneside,Female,All ages,79.1956,78.27891,80.11229,2002
10182,South Tyneside,Female,All ages,79.60105,78.75516,80.44695,2003
10484,South Tyneside,Female,All ages,79.40178,78.51589,80.28767,2004
10786,South Tyneside,Female,All ages,80.51499,79.67674,81.35325,2005
11088,South Tyneside,Female,All ages,80.1442,79.15024,81.13815,2006
11390,South Tyneside,Female,All ages,80.21965,79.26339,81.17591,2007
11692,South Tyneside,Female,All ages,79.82113,78.92601,80.71625,2008
11994,South Tyneside,Female,All ages,81.2896,80.35638,82.22281,2009
12296,South Tyneside,Female,All ages,80.45926,79.50707,81.41144,2010
12594,South Tyneside,Female,All ages,81.38547,80.50315,82.2678,2011
12900,South Tyneside,Female,All ages,81.25,80.38,82.12,2012
13206,South Tyneside,Female,All ages,81.63,80.71,82.55,2013
13512,South Tyneside,Female,All ages,81.33,80.38,82.28,2014
13818,South Tyneside,Female,All ages,81.51,80.65,82.37,2015
14124,South Tyneside,Female,All ages,81.63,80.84,82.42,2016
14430,South Tyneside,Female,All ages,81.76,80.89,82.64,2017
14732,South Tyneside,Female,All ages,80.82,79.94,81.69,2018
15034,South Tyneside,Female,All ages,82.31,81.49,83.14,2019
15336,South Tyneside,Female,All ages,80.19,79.36,81.01,2020
15638,South Tyneside,Female,All ages,80.62,79.67,81.57,2021
15940,South Tyneside,Female,All ages,81.57,80.7,82.44,2022
