,Area Name,Sex,Age,Value,Lower CI 95.0 limit,Upper CI 95.0 limit,Time period Sortable
9559,Manchester,Female,All ages,77.76998,77.13653,78.40343,2001
9861,Manchester,Female,All ages,77.32508,76.6878,77.96236,2002
10163,Manchester,Female,All ages,78.14988,77.54485,78.75492,2003
10465,Manchester,Female,All ages,78.14659,77.51826,78.77491,2004
10767,Manchester,Female,All ages,78.40773,77.77651,79.03894,2005
11069,Manchester,Female,All ages,78.65229,78.05394,79.25065,2006
11371,Manchester,Female,All ages,78.94896,78.33663,79.56128,2007
11673,Manchester,Female,All ages,78.3166,77.73331,78.89989,2008
11975,Manchester,Female,All ages,79.05364,78.44468,79.6626,2009
12277,Manchester,Female,All ages,78.98838,78.37996,79.59681,2010
12575,Manchester,Female,All ages,79.67341,79.04342,80.30339,2011
12881,Manchester,Female,All ages,79.79,79.21,80.38,2012
13187,Manchester,Female,All ages,80.33,79.76,80.9,2013
13493,Manchester,Female,All ages,79.51,78.92,80.11,2014
13799,Manchester,Female,All ages,79.53,78.96,80.1,2015
14105,Manchester,Female,All ages,79.18,78.58,79.78,2016
14411,Manchester,Female,All ages,79.73,79.16,80.31,2017
14713,Manchester,Female,All ages,80.38,79.81,80.96,2018
15015,Manchester,Female,All ages,80.53,79.97,81.09,2019
15317,Manchester,Female,All ages,78.63,78.1,79.17,2020
15619,Manchester,Female,All ages,79.21,78.65,79.78,2021
15921,Manchester,Female,All ages,79.86,79.3,80.41,2022
