,Area Name,Sex,Age,Value,Lower CI 95.0 limit,Upper CI 95.0 limit,Time period Sortable
9527,Southend-on-Sea,Female,All ages,79.47147,78.60762,80.33533,2001
9829,Southend-on-Sea,Female,All ages,80.38247,79.51512,81.24982,2002
10131,Southend-on-Sea,Female,All ages,80.99716,80.16386,81.83046,2003
10433,Southend-on-Sea,Female,All ages,80.39386,79.46314,81.32458,2004
10735,Southend-on-Sea,Female,All ages,81.26272,80.44405,82.0814,2005
11037,Southend-on-Sea,Female,All ages,81.20892,80.31438,82.10346,2006
11339,Southend-on-Sea,Female,All ages,82.25353,81.44395,83.06311,2007
11641,Southend-on-Sea,Female,All ages,81.89149,81.1238,82.65919,2008
11943,Southend-on-Sea,Female,All ages,82.75434,81.97455,83.53413,2009
12245,Southend-on-Sea,Female,All ages,81.58327,80.72251,82.44404,2010
12545,Southend-on-Sea,Female,All ages,82.75509,81.92347,83.58671,2011
12847,Southend-on-Sea,Female,All ages,83.15,82.33,83.97,2012
13153,Southend-on-Sea,Female,All ages,82.7,81.91,83.48,2013
13459,Southend-on-Sea,Female,All ages,83.53,82.72,84.33,2014
13765,Southend-on-Sea,Female,All ages,82.84,82.05,83.63,2015
14071,Southend-on-Sea,Female,All ages,82.28,81.45,83.11,2016
14377,Southend-on-Sea,Female,All ages,81.78,80.99,82.56,2017
14681,Southend-on-Sea,Female,All ages,82.06,81.29,82.82,2018
14983,Southend-on-Sea,Female,All ages,83.44,82.68,84.2,2019
15285,Southend-on-Sea,Female,All ages,82.25,81.47,83.04,2020
15587,Southend-on-Sea,Female,All ages,81.65,80.84,82.47,2021
15889,Southend-on-Sea,Female,All ages,83.21,82.44,83.98,2022
