,Area Name,Sex,Age,Value,Lower CI 95.0 limit,Upper CI 95.0 limit,Time period Sortable
9441,Leeds,Male,All ages,75.6146,75.14982,76.07939,2001
9743,Leeds,Male,All ages,75.38477,74.91296,75.85658,2002
10045,Leeds,Male,All ages,75.42381,74.93541,75.91221,2003
10347,Leeds,Male,All ages,76.43372,75.9641,76.90335,2004
10649,Leeds,Male,All ages,76.38906,75.9087,76.86943,2005
10951,Leeds,Male,All ages,76.59574,76.11978,77.07169,2006
11253,Leeds,Male,All ages,76.89478,76.4285,77.36105,2007
11555,Leeds,Male,All ages,76.85376,76.39251,77.31501,2008
11857,Leeds,Male,All ages,77.84066,77.38958,78.29175,2009
12159,Leeds,Male,All ages,77.48263,77.02391,77.94136,2010
12459,Leeds,Male,All ages,78.17528,77.7395,78.61106,2011
12761,Leeds,Male,All ages,78.1,77.68,78.53,2012
13067,Leeds,Male,All ages,78.5,78.08,78.92,2013
13373,Leeds,Male,All ages,78.51,78.07,78.95,2014
13679,Leeds,Male,All ages,78.07,77.64,78.5,2015
13985,Leeds,Male,All ages,78.41,77.97,78.84,2016
14291,Leeds,Male,All ages,78.6,78.18,79.02,2017
14595,Leeds,Male,All ages,78.4,77.96,78.84,2018
14897,Leeds,Male,All ages,78.35,77.91,78.8,2019
15199,Leeds,Male,All ages,77.74,77.33,78.16,2020
15501,Leeds,Male,All ages,77.73,77.29,78.17,2021
15803,Leeds,Male,All ages,78.67,78.24,79.09,2022
