,Area Name,Sex,Age,Value,Lower CI 95.0 limit,Upper CI 95.0 limit,Time period Sortable
9487,Lincolnshire,Male,All ages,76.5062,76.05033,76.96206,2001
9789,Lincolnshire,Male,All ages,76.28059,75.77142,76.78976,2002
10091,Lincolnshire,Male,All ages,76.76549,76.2781,77.25289,2003
10393,Lincolnshire,Male,All ages,76.63446,76.14231,77.12661,2004
10695,Lincolnshire,Male,All ages,77.66108,77.18688,78.13528,2005
10997,Lincolnshire,Male,All ages,77.41856,76.95751,77.87961,2006
11299,Lincolnshire,Male,All ages,77.89416,77.42653,78.36179,2007
11601,Lincolnshire,Male,All ages,77.95297,77.50615,78.39979,2008
11903,Lincolnshire,Male,All ages,78.45215,78.00854,78.89577,2009
12205,Lincolnshire,Male,All ages,78.95329,78.50938,79.3972,2010
12505,Lincolnshire,Male,All ages,79.07924,78.65576,79.50271,2011
12807,Lincolnshire,Male,All ages,79.07,78.62,79.52,2012
13113,Lincolnshire,Male,All ages,79.24,78.8,79.68,2013
13419,Lincolnshire,Male,All ages,80.23,79.81,80.65,2014
13725,Lincolnshire,Male,All ages,79.41,78.98,79.83,2015
14031,Lincolnshire,Male,All ages,79.26,78.83,79.69,2016
14337,Lincolnshire,Male,All ages,79.43,79.02,79.85,2017
14641,Lincolnshire,Male,All ages,78.88,78.46,79.3,2018
14943,Lincolnshire,Male,All ages,79.65,79.23,80.07,2019
15245,Lincolnshire,Male,All ages,78.49,78.08,78.91,2020
15547,Lincolnshire,Male,All ages,78.33,77.88,78.79,2021
15849,Lincolnshire,Male,All ages,78.74,78.29,79.18,2022
