,Area Name,Sex,Age,Value,Lower CI 95.0 limit,Upper CI 95.0 limit,Time period Sortable
9437,Wolverhampton,Male,All ages,74.88746,74.08988,75.68505,2001
9739,Wolverhampton,Male,All ages,74.25935,73.40364,75.11507,2002
10041,Wolverhampton,Male,All ages,74.05164,73.22268,74.8806,2003
10343,Wolverhampton,Male,All ages,75.23024,74.40819,76.05229,2004
10645,Wolverhampton,Male,All ages,75.67342,74.89612,76.45073,2005
10947,Wolverhampton,Male,All ages,75.13532,74.31926,75.95138,2006
11249,Wolverhampton,Male,All ages,75.9929,75.21165,76.77414,2007
11551,Wolverhampton,Male,All ages,75.86839,75.04539,76.69138,2008
11853,Wolverhampton,Male,All ages,76.93133,76.11034,77.75232,2009
12155,Wolverhampton,Male,All ages,77.21332,76.44246,77.98419,2010
12455,Wolverhampton,Male,All ages,77.33578,76.53404,78.13752,2011
12757,Wolverhampton,Male,All ages,77.31,76.52,78.1,2012
13063,Wolverhampton,Male,All ages,77.57,76.79,78.35,2013
13369,Wolverhampton,Male,All ages,77.72,76.96,78.48,2014
13675,Wolverhampton,Male,All ages,76.96,76.22,77.7,2015
13981,Wolverhampton,Male,All ages,77.04,76.26,77.82,2016
14287,Wolverhampton,Male,All ages,77.59,76.86,78.32,2017
14591,Wolverhampton,Male,All ages,76.82,76.07,77.57,2018
14893,Wolverhampton,Male,All ages,77.45,76.69,78.2,2019
15195,Wolverhampton,Male,All ages,75.37,74.62,76.12,2020
15497,Wolverhampton,Male,All ages,76.34,75.65,77.03,2021
15799,Wolverhampton,Male,All ages,77.39,76.63,78.16,2022
