,Area Name,Sex,Age,Value,Lower CI 95.0 limit,Upper CI 95.0 limit,Time period Sortable
9631,Hampshire,Female,All ages,81.96458,81.64629,82.28286,2001
9933,Hampshire,Female,All ages,82.03582,81.73316,82.33848,2002
10235,Hampshire,Female,All ages,82.04092,81.73666,82.34519,2003
10537,Hampshire,Female,All ages,82.40508,82.09292,82.71725,2004
10839,Hampshire,Female,All ages,82.92081,82.61262,83.22901,2005
11141,Hampshire,Female,All ages,83.05938,82.75413,83.36463,2006
11443,Hampshire,Female,All ages,83.10916,82.79857,83.41976,2007
11745,Hampshire,Female,All ages,83.23665,82.93258,83.54073,2008
12047,Hampshire,Female,All ages,83.69838,83.38791,84.00885,2009
12349,Hampshire,Female,All ages,84.02076,83.72175,84.31978,2010
12647,Hampshire,Female,All ages,84.1106,83.80129,84.41992,2011
12953,Hampshire,Female,All ages,84.22,83.93,84.5,2012
13259,Hampshire,Female,All ages,83.97,83.67,84.27,2013
13565,Hampshire,Female,All ages,84.44,84.13,84.74,2014
13871,Hampshire,Female,All ages,84.35,84.06,84.63,2015
14177,Hampshire,Female,All ages,84.29,84.0,84.58,2016
14483,Hampshire,Female,All ages,84.35,84.05,84.64,2017
14785,Hampshire,Female,All ages,84.5,84.21,84.8,2018
15087,Hampshire,Female,All ages,85.04,84.75,85.33,2019
15389,Hampshire,Female,All ages,84.09,83.8,84.37,2020
15691,Hampshire,Female,All ages,84.56,84.28,84.84,2021
15993,Hampshire,Female,All ages,84.65,84.37,84.94,2022
