,Area Name,Sex,Age,Value,Lower CI 95.0 limit,Upper CI 95.0 limit,Time period Sortable
9438,Bradford,Male,All ages,74.11804,73.52028,74.71581,2001
9740,Bradford,Male,All ages,74.18065,73.59952,74.76179,2002
10042,Bradford,Male,All ages,75.48545,74.91324,76.05766,2003
10344,Bradford,Male,All ages,75.05184,74.48804,75.61563,2004
10646,Bradford,Male,All ages,75.61773,75.02561,76.20984,2005
10948,Bradford,Male,All ages,75.84705,75.27565,76.41845,2006
11250,Bradford,Male,All ages,76.21727,75.65588,76.77866,2007
11552,Bradford,Male,All ages,75.97389,75.39963,76.54815,2008
11854,Bradford,Male,All ages,77.00991,76.44508,77.57474,2009
12156,Bradford,Male,All ages,76.76699,76.19615,77.33784,2010
12456,Bradford,Male,All ages,77.57172,77.01556,78.12787,2011
12758,Bradford,Male,All ages,77.79,77.25,78.33,2012
13064,Bradford,Male,All ages,77.52,76.99,78.05,2013
13370,Bradford,Male,All ages,77.46,76.9,78.01,2014
13676,Bradford,Male,All ages,77.76,77.22,78.29,2015
13982,Bradford,Male,All ages,77.41,76.87,77.95,2016
14288,Bradford,Male,All ages,78.21,77.69,78.73,2017
14592,Bradford,Male,All ages,77.92,77.38,78.46,2018
14894,Bradford,Male,All ages,78.14,77.6,78.68,2019
15196,Bradford,Male,All ages,76.26,75.76,76.76,2020
15498,Bradford,Male,All ages,76.57,76.0,77.14,2021
15800,Bradford,Male,All ages,76.88,76.32,77.43,2022
