,Area Name,Sex,Age,Value,Lower CI 95.0 limit,Upper CI 95.0 limit,Time period Sortable
9589,Kirklees,Female,All ages,79.56791,78.97235,80.16347,2001
9891,Kirklees,Female,All ages,79.11059,78.49676,79.72442,2002
10193,Kirklees,Female,All ages,79.45229,78.86431,80.04028,2003
10495,Kirklees,Female,All ages,80.30094,79.71219,80.88968,2004
10797,Kirklees,Female,All ages,80.66344,80.10188,81.22499,2005
11099,Kirklees,Female,All ages,80.81953,80.24103,81.39802,2006
11401,Kirklees,Female,All ages,80.41644,79.86312,80.96976,2007
11703,Kirklees,Female,All ages,80.97939,80.42446,81.53432,2008
12005,Kirklees,Female,All ages,81.47622,80.89225,82.0602,2009
12307,Kirklees,Female,All ages,81.57745,81.0201,82.1348,2010
12605,Kirklees,Female,All ages,82.0646,81.50074,82.62845,2011
12911,Kirklees,Female,All ages,82.08,81.55,82.62,2012
13217,Kirklees,Female,All ages,82.7,82.15,83.24,2013
13523,Kirklees,Female,All ages,82.07,81.52,82.62,2014
13829,Kirklees,Female,All ages,82.23,81.69,82.78,2015
14135,Kirklees,Female,All ages,82.47,81.94,82.99,2016
14441,Kirklees,Female,All ages,82.37,81.84,82.9,2017
14743,Kirklees,Female,All ages,82.13,81.59,82.67,2018
15045,Kirklees,Female,All ages,82.36,81.82,82.91,2019
15347,Kirklees,Female,All ages,81.38,80.84,81.91,2020
15649,Kirklees,Female,All ages,81.21,80.63,81.79,2021
15951,Kirklees,Female,All ages,82.08,81.5,82.67,2022
