,Area Name,Sex,Age,Value,Lower CI 95.0 limit,Upper CI 95.0 limit,Time period Sortable
9422,Wirral,Male,All ages,74.74521,74.04981,75.4406,2001
9724,Wirral,Male,All ages,75.61693,74.94016,76.29371,2002
10026,Wirral,Male,All ages,75.27618,74.56563,75.98674,2003
10328,Wirral,Male,All ages,75.33489,74.61782,76.05197,2004
10630,Wirral,Male,All ages,76.04643,75.33904,76.75382,2005
10932,Wirral,Male,All ages,75.94558,75.24903,76.64214,2006
11234,Wirral,Male,All ages,75.62073,74.93872,76.30274,2007
11536,Wirral,Male,All ages,76.88554,76.20167,77.56941,2008
11838,Wirral,Male,All ages,77.09485,76.42942,77.76028,2009
12140,Wirral,Male,All ages,77.75447,77.09058,78.41836,2010
12440,Wirral,Male,All ages,77.58134,76.84306,78.31962,2011
12742,Wirral,Male,All ages,78.18,77.51,78.86,2012
13048,Wirral,Male,All ages,77.51,76.85,78.17,2013
13354,Wirral,Male,All ages,78.18,77.52,78.83,2014
13660,Wirral,Male,All ages,78.1,77.43,78.76,2015
13966,Wirral,Male,All ages,77.84,77.18,78.5,2016
14272,Wirral,Male,All ages,78.72,78.05,79.39,2017
14576,Wirral,Male,All ages,77.81,77.14,78.48,2018
14878,Wirral,Male,All ages,78.78,78.16,79.4,2019
15180,Wirral,Male,All ages,76.64,75.96,77.32,2020
15482,Wirral,Male,All ages,76.46,75.75,77.17,2021
15784,Wirral,Male,All ages,77.88,77.23,78.53,2022
