,Area Name,Sex,Age,Value,Lower CI 95.0 limit,Upper CI 95.0 limit,Time period Sortable
9471,Sutton,Male,All ages,76.64163,75.79837,77.48488,2001
9773,Sutton,Male,All ages,78.05049,77.15366,78.94733,2002
10075,Sutton,Male,All ages,77.10107,76.19108,78.01105,2003
10377,Sutton,Male,All ages,78.98815,78.13005,79.84626,2004
10679,Sutton,Male,All ages,77.93325,77.0069,78.85961,2005
10981,Sutton,Male,All ages,78.55939,77.61736,79.50143,2006
11283,Sutton,Male,All ages,79.27361,78.42779,80.11942,2007
11585,Sutton,Male,All ages,78.79676,77.84494,79.74858,2008
11887,Sutton,Male,All ages,79.28722,78.38772,80.18671,2009
12189,Sutton,Male,All ages,79.6864,78.79918,80.57362,2010
12489,Sutton,Male,All ages,80.28718,79.45817,81.11618,2011
12791,Sutton,Male,All ages,81.02,80.18,81.87,2012
13097,Sutton,Male,All ages,80.66,79.8,81.52,2013
13403,Sutton,Male,All ages,80.39,79.54,81.23,2014
13709,Sutton,Male,All ages,81.04,80.23,81.84,2015
14015,Sutton,Male,All ages,80.12,79.24,81.01,2016
14321,Sutton,Male,All ages,80.83,79.94,81.72,2017
14625,Sutton,Male,All ages,80.3,79.45,81.14,2018
14927,Sutton,Male,All ages,81.06,80.21,81.91,2019
15229,Sutton,Male,All ages,78.89,78.06,79.73,2020
15531,Sutton,Male,All ages,79.81,79.05,80.57,2021
15833,Sutton,Male,All ages,80.72,79.92,81.52,2022
