,Area Name,Sex,Age,Value,Lower CI 95.0 limit,Upper CI 95.0 limit,Time period Sortable
9363,Leicester,Male,All ages,74.54668,73.83905,75.25431,2001
9665,Leicester,Male,All ages,74.68621,73.94842,75.424,2002
9967,Leicester,Male,All ages,73.53212,72.78741,74.27684,2003
10269,Leicester,Male,All ages,75.58146,74.83004,76.33289,2004
10571,Leicester,Male,All ages,75.23261,74.50175,75.96348,2005
10873,Leicester,Male,All ages,75.62031,74.88927,76.35134,2006
11175,Leicester,Male,All ages,75.88969,75.13502,76.64437,2007
11477,Leicester,Male,All ages,75.7185,74.99867,76.43833,2008
11779,Leicester,Male,All ages,75.25201,74.48118,76.02285,2009
12081,Leicester,Male,All ages,76.17017,75.45557,76.88477,2010
12383,Leicester,Male,All ages,77.16509,76.42858,77.9016,2011
12681,Leicester,Male,All ages,77.52,76.8,78.24,2012
12987,Leicester,Male,All ages,77.0,76.33,77.67,2013
13293,Leicester,Male,All ages,77.72,77.06,78.37,2014
13599,Leicester,Male,All ages,76.91,76.26,77.56,2015
13905,Leicester,Male,All ages,77.38,76.69,78.06,2016
14211,Leicester,Male,All ages,77.05,76.39,77.71,2017
14517,Leicester,Male,All ages,77.47,76.79,78.15,2018
14819,Leicester,Male,All ages,78.5,77.83,79.17,2019
15121,Leicester,Male,All ages,75.31,74.65,75.98,2020
15423,Leicester,Male,All ages,75.64,74.97,76.31,2021
15725,Leicester,Male,All ages,76.65,75.98,77.31,2022
