,Area Name,Sex,Age,Value,Lower CI 95.0 limit,Upper CI 95.0 limit,Time period Sortable
9639,Oxfordshire,Female,All ages,82.2805,81.81657,82.74443,2001
9941,Oxfordshire,Female,All ages,81.85923,81.38436,82.33409,2002
10243,Oxfordshire,Female,All ages,81.8484,81.38417,82.31263,2003
10545,Oxfordshire,Female,All ages,82.52243,82.03958,83.00528,2004
10847,Oxfordshire,Female,All ages,82.70191,82.26301,83.14081,2005
11149,Oxfordshire,Female,All ages,82.72419,82.24563,83.20274,2006
11451,Oxfordshire,Female,All ages,83.81651,83.37328,84.25974,2007
11753,Oxfordshire,Female,All ages,83.57501,83.1285,84.02151,2008
12055,Oxfordshire,Female,All ages,83.85892,83.39229,84.32554,2009
12357,Oxfordshire,Female,All ages,83.71574,83.2809,84.15057,2010
12655,Oxfordshire,Female,All ages,84.07888,83.62584,84.53191,2011
12961,Oxfordshire,Female,All ages,83.63,83.17,84.08,2012
13267,Oxfordshire,Female,All ages,83.92,83.5,84.35,2013
13573,Oxfordshire,Female,All ages,84.43,84.02,84.85,2014
13879,Oxfordshire,Female,All ages,84.45,84.03,84.88,2015
14185,Oxfordshire,Female,All ages,84.71,84.3,85.11,2016
14491,Oxfordshire,Female,All ages,84.54,84.12,84.96,2017
14793,Oxfordshire,Female,All ages,84.83,84.43,85.23,2018
15095,Oxfordshire,Female,All ages,85.35,84.93,85.77,2019
15397,Oxfordshire,Female,All ages,84.32,83.92,84.72,2020
15699,Oxfordshire,Female,All ages,85.06,84.65,85.47,2021
16001,Oxfordshire,Female,All ages,85.08,84.68,85.48,2022
