,Area Name,Sex,Age,Value,Lower CI 95.0 limit,Upper CI 95.0 limit,Time period Sortable
9643,Warwickshire,Female,All ages,80.78993,80.28478,81.29508,2001
9945,Warwickshire,Female,All ages,81.19896,80.7417,81.65622,2002
10247,Warwickshire,Female,All ages,80.7349,80.24254,81.22726,2003
10549,Warwickshire,Female,All ages,81.57274,81.08202,82.06346,2004
10851,Warwickshire,Female,All ages,81.4915,81.02041,81.9626,2005
11153,Warwickshire,Female,All ages,81.4434,80.96509,81.9217,2006
11455,Warwickshire,Female,All ages,82.26508,81.78632,82.74384,2007
11757,Warwickshire,Female,All ages,82.50294,82.01725,82.98863,2008
12059,Warwickshire,Female,All ages,82.90353,82.41849,83.38857,2009
12361,Warwickshire,Female,All ages,83.28539,82.79792,83.77286,2010
12659,Warwickshire,Female,All ages,83.64472,83.14866,84.14078,2011
12965,Warwickshire,Female,All ages,83.87,83.41,84.34,2012
13271,Warwickshire,Female,All ages,83.59,83.11,84.06,2013
13577,Warwickshire,Female,All ages,83.88,83.41,84.36,2014
13883,Warwickshire,Female,All ages,83.36,82.91,83.81,2015
14189,Warwickshire,Female,All ages,83.48,83.03,83.93,2016
14495,Warwickshire,Female,All ages,84.19,83.75,84.63,2017
14797,Warwickshire,Female,All ages,83.31,82.85,83.77,2018
15099,Warwickshire,Female,All ages,84.01,83.56,84.46,2019
15401,Warwickshire,Female,All ages,82.99,82.55,83.43,2020
15703,Warwickshire,Female,All ages,83.13,82.66,83.59,2021
16005,Warwickshire,Female,All ages,83.27,82.82,83.73,2022
