,Area Name,Sex,Age,Value,Lower CI 95.0 limit,Upper CI 95.0 limit,Time period Sortable
9561,Rochdale,Female,All ages,78.2916,77.47999,79.10322,2001
9863,Rochdale,Female,All ages,79.46822,78.68354,80.25291,2002
10165,Rochdale,Female,All ages,78.83975,78.04149,79.638,2003
10467,Rochdale,Female,All ages,78.57409,77.74943,79.39875,2004
10769,Rochdale,Female,All ages,79.1381,78.34752,79.92868,2005
11071,Rochdale,Female,All ages,79.8071,78.94567,80.66854,2006
11373,Rochdale,Female,All ages,79.63895,78.81511,80.46279,2007
11675,Rochdale,Female,All ages,79.74798,78.93212,80.56383,2008
11977,Rochdale,Female,All ages,81.15645,80.38773,81.92518,2009
12279,Rochdale,Female,All ages,80.42241,79.63989,81.20492,2010
12577,Rochdale,Female,All ages,81.31963,80.50396,82.1353,2011
12883,Rochdale,Female,All ages,80.38,79.55,81.21,2012
13189,Rochdale,Female,All ages,81.13,80.37,81.89,2013
13495,Rochdale,Female,All ages,80.63,79.81,81.45,2014
13801,Rochdale,Female,All ages,80.29,79.48,81.1,2015
14107,Rochdale,Female,All ages,80.63,79.87,81.39,2016
14413,Rochdale,Female,All ages,80.72,79.91,81.54,2017
14715,Rochdale,Female,All ages,81.33,80.56,82.09,2018
15017,Rochdale,Female,All ages,81.49,80.72,82.27,2019
15319,Rochdale,Female,All ages,79.77,79.03,80.5,2020
15621,Rochdale,Female,All ages,80.35,79.55,81.16,2021
15923,Rochdale,Female,All ages,81.19,80.46,81.92,2022
