,Area Name,Sex,Age,Value,Lower CI 95.0 limit,Upper CI 95.0 limit,Time period Sortable
9448,Bromley,Male,All ages,77.17435,76.47445,77.87424,2001
9750,Bromley,Male,All ages,77.84614,77.12594,78.56635,2002
10052,Bromley,Male,All ages,77.97959,77.26796,78.69121,2003
10354,Bromley,Male,All ages,78.5035,77.81762,79.18938,2004
10656,Bromley,Male,All ages,78.97752,78.28691,79.66813,2005
10958,Bromley,Male,All ages,79.64086,78.94259,80.33913,2006
11260,Bromley,Male,All ages,79.36966,78.69967,80.03964,2007
11562,Bromley,Male,All ages,79.60568,78.91996,80.2914,2008
11864,Bromley,Male,All ages,80.0846,79.4232,80.74599,2009
12166,Bromley,Male,All ages,80.37228,79.66977,81.07479,2010
12466,Bromley,Male,All ages,81.03268,80.36262,81.70274,2011
12768,Bromley,Male,All ages,81.03,80.34,81.73,2012
13074,Bromley,Male,All ages,81.17,80.53,81.82,2013
13380,Bromley,Male,All ages,81.46,80.81,82.11,2014
13686,Bromley,Male,All ages,81.35,80.71,81.99,2015
13992,Bromley,Male,All ages,81.13,80.48,81.77,2016
14298,Bromley,Male,All ages,81.62,80.97,82.27,2017
14602,Bromley,Male,All ages,81.35,80.72,81.97,2018
14904,Bromley,Male,All ages,81.94,81.3,82.58,2019
15206,Bromley,Male,All ages,80.87,80.24,81.49,2020
15508,Bromley,Male,All ages,81.22,80.61,81.83,2021
15810,Bromley,Male,All ages,81.78,81.14,82.43,2022
