,Area Name,Sex,Age,Value,Lower CI 95.0 limit,Upper CI 95.0 limit,Time period Sortable
9450,Croydon,Male,All ages,77.29617,76.61581,77.97654,2001
9752,Croydon,Male,All ages,76.62887,75.89726,77.36047,2002
10054,Croydon,Male,All ages,76.48154,75.76991,77.19317,2003
10356,Croydon,Male,All ages,77.31194,76.61546,78.00841,2004
10658,Croydon,Male,All ages,77.57819,76.83499,78.32139,2005
10960,Croydon,Male,All ages,77.41721,76.69287,78.14155,2006
11262,Croydon,Male,All ages,78.35377,77.64307,79.06447,2007
11564,Croydon,Male,All ages,78.95718,78.25633,79.65802,2008
11866,Croydon,Male,All ages,79.33935,78.62423,80.05448,2009
12168,Croydon,Male,All ages,78.6379,77.96895,79.30686,2010
12468,Croydon,Male,All ages,79.41243,78.7349,80.08995,2011
12770,Croydon,Male,All ages,79.34,78.71,79.98,2012
13076,Croydon,Male,All ages,80.63,79.91,81.34,2013
13382,Croydon,Male,All ages,80.3,79.61,80.98,2014
13688,Croydon,Male,All ages,80.03,79.41,80.66,2015
13994,Croydon,Male,All ages,80.19,79.54,80.85,2016
14300,Croydon,Male,All ages,80.26,79.6,80.93,2017
14604,Croydon,Male,All ages,79.65,78.98,80.31,2018
14906,Croydon,Male,All ages,80.5,79.84,81.16,2019
15208,Croydon,Male,All ages,78.2,77.61,78.79,2020
15510,Croydon,Male,All ages,78.47,77.81,79.14,2021
15812,Croydon,Male,All ages,80.24,79.62,80.86,2022
