,Area Name,Sex,Age,Value,Lower CI 95.0 limit,Upper CI 95.0 limit,Time period Sortable
9455,Hammersmith and Fulham,Male,All ages,76.03989,74.95758,77.12219,2001
9757,Hammersmith and Fulham,Male,All ages,75.71389,74.61394,76.81383,2002
10059,Hammersmith and Fulham,Male,All ages,75.19722,74.21117,76.18328,2003
10361,Hammersmith and Fulham,Male,All ages,77.20425,76.03437,78.37414,2004
10663,Hammersmith and Fulham,Male,All ages,76.75141,75.60072,77.90209,2005
10965,Hammersmith and Fulham,Male,All ages,78.48393,77.16693,79.80093,2006
11267,Hammersmith and Fulham,Male,All ages,76.63927,75.60991,77.66863,2007
11569,Hammersmith and Fulham,Male,All ages,76.96203,75.93784,77.98622,2008
11871,Hammersmith and Fulham,Male,All ages,78.17573,77.10919,79.24227,2009
12173,Hammersmith and Fulham,Male,All ages,79.31705,77.86399,80.77011,2010
12473,Hammersmith and Fulham,Male,All ages,78.00209,76.93934,79.06484,2011
12775,Hammersmith and Fulham,Male,All ages,79.39,78.31,80.47,2012
13081,Hammersmith and Fulham,Male,All ages,79.02,77.92,80.13,2013
13387,Hammersmith and Fulham,Male,All ages,79.88,78.89,80.87,2014
13693,Hammersmith and Fulham,Male,All ages,78.34,77.37,79.32,2015
13999,Hammersmith and Fulham,Male,All ages,79.95,78.85,81.04,2016
14305,Hammersmith and Fulham,Male,All ages,79.09,78.11,80.07,2017
14609,Hammersmith and Fulham,Male,All ages,78.64,77.63,79.65,2018
14911,Hammersmith and Fulham,Male,All ages,79.64,78.59,80.69,2019
15213,Hammersmith and Fulham,Male,All ages,76.64,75.72,77.56,2020
15515,Hammersmith and Fulham,Male,All ages,76.54,75.49,77.58,2021
15817,Hammersmith and Fulham,Male,All ages,79.71,78.7,80.71,2022
