,Area Name,Sex,Age,Value,Lower CI 95.0 limit,Upper CI 95.0 limit,Time period Sortable
9624,Westminster,Female,All ages,82.19433,81.17869,83.20997,2001
9926,Westminster,Female,All ages,82.98867,82.06351,83.91383,2002
10228,Westminster,Female,All ages,81.8861,80.95678,82.81541,2003
10530,Westminster,Female,All ages,83.07687,82.1494,84.00434,2004
10832,Westminster,Female,All ages,82.9392,82.00675,83.87165,2005
11134,Westminster,Female,All ages,84.29733,83.31296,85.2817,2006
11436,Westminster,Female,All ages,84.22572,83.27452,85.17692,2007
11738,Westminster,Female,All ages,85.30986,84.32636,86.29335,2008
12040,Westminster,Female,All ages,85.08518,83.96461,86.20575,2009
12342,Westminster,Female,All ages,84.22421,83.31102,85.1374,2010
12640,Westminster,Female,All ages,84.78818,83.81195,85.76442,2011
12946,Westminster,Female,All ages,84.66,83.68,85.64,2012
13252,Westminster,Female,All ages,85.82,84.84,86.79,2013
13558,Westminster,Female,All ages,85.41,84.48,86.35,2014
13864,Westminster,Female,All ages,84.75,83.9,85.59,2015
14170,Westminster,Female,All ages,84.85,83.91,85.8,2016
14476,Westminster,Female,All ages,84.69,83.79,85.59,2017
14778,Westminster,Female,All ages,85.29,84.45,86.12,2018
15080,Westminster,Female,All ages,85.91,84.97,86.86,2019
15382,Westminster,Female,All ages,83.36,82.51,84.2,2020
15684,Westminster,Female,All ages,84.66,83.8,85.51,2021
15986,Westminster,Female,All ages,86.39,85.38,87.41,2022
