,Area Name,Sex,Age,Value,Lower CI 95.0 limit,Upper CI 95.0 limit,Time period Sortable
9535,Wokingham,Female,All ages,82.76783,81.83445,83.70121,2001
9837,Wokingham,Female,All ages,82.27366,81.37733,83.17,2002
10139,Wokingham,Female,All ages,82.53446,81.51823,83.55069,2003
10441,Wokingham,Female,All ages,83.24362,82.32463,84.16262,2004
10743,Wokingham,Female,All ages,83.52661,82.5989,84.45432,2005
11045,Wokingham,Female,All ages,83.17932,82.26239,84.09626,2006
11347,Wokingham,Female,All ages,83.76555,82.83888,84.69221,2007
11649,Wokingham,Female,All ages,83.88531,82.94949,84.82112,2008
11951,Wokingham,Female,All ages,84.25644,83.29237,85.22052,2009
12253,Wokingham,Female,All ages,84.02926,83.11137,84.94715,2010
12553,Wokingham,Female,All ages,84.47884,83.5893,85.36839,2011
12855,Wokingham,Female,All ages,84.82,84.03,85.61,2012
13161,Wokingham,Female,All ages,84.54,83.64,85.44,2013
13467,Wokingham,Female,All ages,84.52,83.59,85.44,2014
13773,Wokingham,Female,All ages,85.36,84.51,86.21,2015
14079,Wokingham,Female,All ages,85.23,84.41,86.06,2016
14385,Wokingham,Female,All ages,85.92,84.96,86.88,2017
14689,Wokingham,Female,All ages,85.81,84.99,86.63,2018
14991,Wokingham,Female,All ages,85.25,84.33,86.17,2019
15293,Wokingham,Female,All ages,84.74,83.95,85.54,2020
15595,Wokingham,Female,All ages,86.01,85.14,86.87,2021
15897,Wokingham,Female,All ages,85.14,84.31,85.97,2022
