,Area Name,Sex,Age,Value,Lower CI 95.0 limit,Upper CI 95.0 limit,Time period Sortable
9366,Herefordshire,Male,All ages,77.40431,76.48637,78.32226,2001
9668,Herefordshire,Male,All ages,77.1455,76.20378,78.08722,2002
9970,Herefordshire,Male,All ages,76.8913,75.97607,77.80652,2003
10272,Herefordshire,Male,All ages,78.09695,77.13379,79.06011,2004
10574,Herefordshire,Male,All ages,77.52355,76.57618,78.47091,2005
10876,Herefordshire,Male,All ages,77.5725,76.63823,78.50677,2006
11178,Herefordshire,Male,All ages,78.81996,77.99465,79.64527,2007
11480,Herefordshire,Male,All ages,78.60091,77.71711,79.48471,2008
11782,Herefordshire,Male,All ages,79.21022,78.33426,80.08618,2009
12084,Herefordshire,Male,All ages,79.32174,78.45668,80.1868,2010
12386,Herefordshire,Male,All ages,79.46551,78.60001,80.33101,2011
12684,Herefordshire,Male,All ages,80.07,79.24,80.9,2012
12990,Herefordshire,Male,All ages,80.43,79.52,81.34,2013
13296,Herefordshire,Male,All ages,80.94,80.09,81.8,2014
13602,Herefordshire,Male,All ages,79.87,79.01,80.73,2015
13908,Herefordshire,Male,All ages,79.27,78.32,80.22,2016
14214,Herefordshire,Male,All ages,79.89,79.02,80.76,2017
14520,Herefordshire,Male,All ages,79.53,78.56,80.49,2018
14822,Herefordshire,Male,All ages,80.02,79.04,81.0,2019
15124,Herefordshire,Male,All ages,79.55,78.66,80.44,2020
15426,Herefordshire,Male,All ages,79.57,78.68,80.47,2021
15728,Herefordshire,Male,All ages,80.76,79.95,81.56,2022
