,Area Name,Sex,Age,Value,Lower CI 95.0 limit,Upper CI 95.0 limit,Time period Sortable
9532,Reading,Female,All ages,81.03736,79.98215,82.09257,2001
9834,Reading,Female,All ages,81.19911,80.15679,82.24142,2002
10136,Reading,Female,All ages,80.57356,79.41484,81.73229,2003
10438,Reading,Female,All ages,81.42654,80.36235,82.49072,2004
10740,Reading,Female,All ages,81.25448,80.20169,82.30727,2005
11042,Reading,Female,All ages,81.8827,80.83106,82.93435,2006
11344,Reading,Female,All ages,81.73534,80.63796,82.83272,2007
11646,Reading,Female,All ages,81.83467,80.80751,82.86183,2008
11948,Reading,Female,All ages,83.00747,81.99461,84.02033,2009
12250,Reading,Female,All ages,82.35799,81.29415,83.42182,2010
12550,Reading,Female,All ages,83.01111,82.02233,83.99989,2011
12852,Reading,Female,All ages,82.63,81.67,83.59,2012
13158,Reading,Female,All ages,83.23,82.3,84.15,2013
13464,Reading,Female,All ages,83.05,82.02,84.08,2014
13770,Reading,Female,All ages,83.7,82.78,84.62,2015
14076,Reading,Female,All ages,83.26,82.28,84.24,2016
14382,Reading,Female,All ages,83.23,82.37,84.08,2017
14686,Reading,Female,All ages,83.64,82.7,84.58,2018
14988,Reading,Female,All ages,83.04,82.08,84.0,2019
15290,Reading,Female,All ages,81.48,80.6,82.36,2020
15592,Reading,Female,All ages,83.18,82.25,84.1,2021
15894,Reading,Female,All ages,83.49,82.6,84.38,2022
