,Area Name,Sex,Age,Value,Lower CI 95.0 limit,Upper CI 95.0 limit,Time period Sortable
9573,Doncaster,Female,All ages,79.55896,78.88869,80.22923,2001
9875,Doncaster,Female,All ages,79.45518,78.75789,80.15247,2002
10177,Doncaster,Female,All ages,79.74496,79.05293,80.437,2003
10479,Doncaster,Female,All ages,80.20115,79.56412,80.83817,2004
10781,Doncaster,Female,All ages,80.26048,79.61643,80.90454,2005
11083,Doncaster,Female,All ages,80.67772,79.95815,81.39728,2006
11385,Doncaster,Female,All ages,80.89506,80.28041,81.50971,2007
11687,Doncaster,Female,All ages,80.79031,80.11488,81.46575,2008
11989,Doncaster,Female,All ages,81.64859,80.98454,82.31264,2009
12291,Doncaster,Female,All ages,81.29128,80.61069,81.97187,2010
12589,Doncaster,Female,All ages,81.91727,81.23282,82.60172,2011
12895,Doncaster,Female,All ages,81.43,80.79,82.07,2012
13201,Doncaster,Female,All ages,81.42,80.76,82.08,2013
13507,Doncaster,Female,All ages,81.71,81.04,82.37,2014
13813,Doncaster,Female,All ages,81.71,81.08,82.35,2015
14119,Doncaster,Female,All ages,81.14,80.49,81.79,2016
14425,Doncaster,Female,All ages,81.94,81.31,82.58,2017
14727,Doncaster,Female,All ages,81.59,80.97,82.22,2018
15029,Doncaster,Female,All ages,81.22,80.54,81.91,2019
15331,Doncaster,Female,All ages,80.07,79.45,80.68,2020
15633,Doncaster,Female,All ages,81.02,80.33,81.71,2021
15935,Doncaster,Female,All ages,80.68,80.02,81.33,2022
