,Area Name,Sex,Age,Value,Lower CI 95.0 limit,Upper CI 95.0 limit,Time period Sortable
9610,Islington,Female,All ages,79.19403,78.17994,80.20812,2001
9912,Islington,Female,All ages,79.72612,78.7176,80.73463,2002
10214,Islington,Female,All ages,79.5254,78.56355,80.48726,2003
10516,Islington,Female,All ages,79.0899,78.06107,80.11872,2004
10818,Islington,Female,All ages,80.71605,79.73171,81.70038,2005
11120,Islington,Female,All ages,80.62237,79.58026,81.66447,2006
11422,Islington,Female,All ages,81.41312,80.44995,82.37628,2007
11724,Islington,Female,All ages,81.18438,80.22999,82.13877,2008
12026,Islington,Female,All ages,81.43171,80.46393,82.39948,2009
12328,Islington,Female,All ages,82.3259,81.25967,83.39213,2010
12626,Islington,Female,All ages,83.04703,82.09212,84.00193,2011
12932,Islington,Female,All ages,83.28,82.3,84.25,2012
13238,Islington,Female,All ages,82.97,82.06,83.88,2013
13544,Islington,Female,All ages,83.17,82.11,84.23,2014
13850,Islington,Female,All ages,82.58,81.67,83.49,2015
14156,Islington,Female,All ages,83.61,82.57,84.64,2016
14462,Islington,Female,All ages,82.67,81.77,83.58,2017
14764,Islington,Female,All ages,82.62,81.7,83.54,2018
15066,Islington,Female,All ages,83.67,82.76,84.58,2019
15368,Islington,Female,All ages,82.08,81.26,82.89,2020
15670,Islington,Female,All ages,82.57,81.68,83.47,2021
15972,Islington,Female,All ages,83.28,82.39,84.17,2022
