,Area Name,Sex,Age,Value,Lower CI 95.0 limit,Upper CI 95.0 limit,Time period Sortable
9376,Peterborough,Male,All ages,75.56963,74.62366,76.5156,2001
9678,Peterborough,Male,All ages,74.87332,73.89331,75.85333,2002
9980,Peterborough,Male,All ages,75.49483,74.52832,76.46133,2003
10282,Peterborough,Male,All ages,77.29207,76.38748,78.19667,2004
10584,Peterborough,Male,All ages,76.06188,75.059,77.06476,2005
10886,Peterborough,Male,All ages,76.88709,75.94942,77.82475,2006
11188,Peterborough,Male,All ages,76.4921,75.5137,77.4705,2007
11490,Peterborough,Male,All ages,77.53777,76.61317,78.46238,2008
11792,Peterborough,Male,All ages,77.5904,76.66011,78.5207,2009
12094,Peterborough,Male,All ages,77.82199,76.89787,78.74611,2010
12396,Peterborough,Male,All ages,77.3233,76.37994,78.26666,2011
12694,Peterborough,Male,All ages,78.43,77.5,79.35,2012
13000,Peterborough,Male,All ages,78.37,77.45,79.28,2013
13306,Peterborough,Male,All ages,78.72,77.81,79.63,2014
13612,Peterborough,Male,All ages,78.98,78.11,79.85,2015
13918,Peterborough,Male,All ages,78.28,77.42,79.13,2016
14224,Peterborough,Male,All ages,77.91,77.05,78.76,2017
14530,Peterborough,Male,All ages,78.71,77.82,79.61,2018
14832,Peterborough,Male,All ages,79.51,78.63,80.39,2019
15134,Peterborough,Male,All ages,78.05,77.22,78.88,2020
15436,Peterborough,Male,All ages,78.01,77.18,78.84,2021
15738,Peterborough,Male,All ages,77.84,76.98,78.69,2022
