,Area Name,Sex,Age,Value,Lower CI 95.0 limit,Upper CI 95.0 limit,Time period Sortable
9605,Haringey,Female,All ages,79.24181,78.30103,80.18259,2001
9907,Haringey,Female,All ages,80.71934,79.8292,81.60948,2002
10209,Haringey,Female,All ages,79.33803,78.41684,80.25922,2003
10511,Haringey,Female,All ages,80.55373,79.61427,81.4932,2004
10813,Haringey,Female,All ages,82.90341,81.92719,83.87963,2005
11115,Haringey,Female,All ages,82.55834,81.60239,83.5143,2006
11417,Haringey,Female,All ages,82.4852,81.5176,83.4528,2007
11719,Haringey,Female,All ages,83.91467,82.94751,84.88184,2008
12021,Haringey,Female,All ages,84.11975,83.11341,85.1261,2009
12323,Haringey,Female,All ages,82.54443,81.61699,83.47186,2010
12621,Haringey,Female,All ages,83.89777,82.92257,84.87297,2011
12927,Haringey,Female,All ages,84.17,83.3,85.05,2012
13233,Haringey,Female,All ages,84.69,83.7,85.67,2013
13539,Haringey,Female,All ages,84.42,83.43,85.41,2014
13845,Haringey,Female,All ages,84.04,83.21,84.88,2015
14151,Haringey,Female,All ages,84.79,83.89,85.69,2016
14457,Haringey,Female,All ages,84.73,83.81,85.65,2017
14759,Haringey,Female,All ages,84.69,83.83,85.54,2018
15061,Haringey,Female,All ages,84.43,83.61,85.25,2019
15363,Haringey,Female,All ages,83.44,82.7,84.19,2020
15665,Haringey,Female,All ages,83.34,82.51,84.17,2021
15967,Haringey,Female,All ages,85.15,84.34,85.95,2022
