,Area Name,Sex,Age,Value,Lower CI 95.0 limit,Upper CI 95.0 limit,Time period Sortable
9602,Greenwich,Female,All ages,79.38243,78.54436,80.22051,2001
9904,Greenwich,Female,All ages,80.478,79.66118,81.29482,2002
10206,Greenwich,Female,All ages,79.93769,79.15132,80.72405,2003
10508,Greenwich,Female,All ages,79.67125,78.80314,80.53937,2004
10810,Greenwich,Female,All ages,80.606,79.80234,81.40965,2005
11112,Greenwich,Female,All ages,81.37816,80.55172,82.20461,2006
11414,Greenwich,Female,All ages,81.48136,80.67758,82.28515,2007
11716,Greenwich,Female,All ages,81.3931,80.6189,82.1673,2008
12018,Greenwich,Female,All ages,81.88557,81.09872,82.67243,2009
12320,Greenwich,Female,All ages,81.18403,80.38347,81.9846,2010
12618,Greenwich,Female,All ages,82.98317,82.18156,83.78479,2011
12924,Greenwich,Female,All ages,82.19,81.39,82.99,2012
13230,Greenwich,Female,All ages,82.79,81.97,83.62,2013
13536,Greenwich,Female,All ages,82.39,81.64,83.14,2014
13842,Greenwich,Female,All ages,82.47,81.71,83.24,2015
14148,Greenwich,Female,All ages,82.09,81.33,82.86,2016
14454,Greenwich,Female,All ages,83.43,82.69,84.17,2017
14756,Greenwich,Female,All ages,83.1,82.32,83.87,2018
15058,Greenwich,Female,All ages,83.44,82.63,84.25,2019
15360,Greenwich,Female,All ages,81.62,80.89,82.35,2020
15662,Greenwich,Female,All ages,81.85,81.11,82.59,2021
15964,Greenwich,Female,All ages,83.03,82.27,83.79,2022
