,Area Name,Sex,Age,Value,Lower CI 95.0 limit,Upper CI 95.0 limit,Time period Sortable
9493,Surrey,Male,All ages,78.13906,77.78304,78.49509,2001
9795,Surrey,Male,All ages,77.83009,77.45779,78.2024,2002
10097,Surrey,Male,All ages,78.62461,78.27354,78.97569,2003
10399,Surrey,Male,All ages,79.24674,78.89918,79.59429,2004
10701,Surrey,Male,All ages,79.21797,78.859,79.57695,2005
11003,Surrey,Male,All ages,80.02149,79.66667,80.37631,2006
11305,Surrey,Male,All ages,79.80242,79.44678,80.15806,2007
11607,Surrey,Male,All ages,80.56047,80.2031,80.91784,2008
11909,Surrey,Male,All ages,80.74314,80.38081,81.10547,2009
12211,Surrey,Male,All ages,80.69503,80.34322,81.04684,2010
12511,Surrey,Male,All ages,81.20909,80.86686,81.55133,2011
12813,Surrey,Male,All ages,81.41,81.07,81.75,2012
13119,Surrey,Male,All ages,81.48,81.14,81.83,2013
13425,Surrey,Male,All ages,81.65,81.31,81.99,2014
13731,Surrey,Male,All ages,81.3,80.97,81.62,2015
14037,Surrey,Male,All ages,81.22,80.88,81.56,2016
14343,Surrey,Male,All ages,81.7,81.37,82.03,2017
14647,Surrey,Male,All ages,81.97,81.63,82.32,2018
14949,Surrey,Male,All ages,82.22,81.88,82.56,2019
15251,Surrey,Male,All ages,80.42,80.09,80.74,2020
15553,Surrey,Male,All ages,81.29,80.97,81.62,2021
15855,Surrey,Male,All ages,81.73,81.41,82.05,2022
