,Area Name,Sex,Age,Value,Lower CI 95.0 limit,Upper CI 95.0 limit,Time period Sortable
9593,Barking and Dagenham,Female,All ages,80.02113,79.14878,80.89348,2001
9895,Barking and Dagenham,Female,All ages,79.45085,78.5558,80.3459,2002
10197,Barking and Dagenham,Female,All ages,78.54814,77.63471,79.46157,2003
10499,Barking and Dagenham,Female,All ages,79.66132,78.7094,80.61324,2004
10801,Barking and Dagenham,Female,All ages,79.94789,79.04359,80.85219,2005
11103,Barking and Dagenham,Female,All ages,79.71177,78.75788,80.66567,2006
11405,Barking and Dagenham,Female,All ages,80.95267,80.01444,81.8909,2007
11707,Barking and Dagenham,Female,All ages,80.25434,79.33185,81.17682,2008
12009,Barking and Dagenham,Female,All ages,80.63923,79.72223,81.55624,2009
12311,Barking and Dagenham,Female,All ages,81.35878,80.41657,82.30099,2010
12609,Barking and Dagenham,Female,All ages,82.26297,81.30378,83.22217,2011
12915,Barking and Dagenham,Female,All ages,81.64,80.74,82.54,2012
13221,Barking and Dagenham,Female,All ages,82.58,81.66,83.49,2013
13527,Barking and Dagenham,Female,All ages,81.72,80.81,82.64,2014
13833,Barking and Dagenham,Female,All ages,80.87,79.97,81.77,2015
14139,Barking and Dagenham,Female,All ages,82.96,81.98,83.93,2016
14445,Barking and Dagenham,Female,All ages,82.29,81.37,83.2,2017
14747,Barking and Dagenham,Female,All ages,82.23,81.38,83.07,2018
15049,Barking and Dagenham,Female,All ages,81.91,81.05,82.78,2019
15351,Barking and Dagenham,Female,All ages,80.3,79.47,81.13,2020
15653,Barking and Dagenham,Female,All ages,80.29,79.44,81.14,2021
15955,Barking and Dagenham,Female,All ages,80.75,79.89,81.62,2022
