,Area Name,Sex,Age,Value,Lower CI 95.0 limit,Upper CI 95.0 limit,Time period Sortable
9615,Merton,Female,All ages,81.66828,80.81033,82.52623,2001
9917,Merton,Female,All ages,82.08347,81.22688,82.94006,2002
10219,Merton,Female,All ages,81.33283,80.41109,82.25457,2003
10521,Merton,Female,All ages,82.76449,81.87583,83.65315,2004
10823,Merton,Female,All ages,82.64857,81.74865,83.54848,2005
11125,Merton,Female,All ages,82.5639,81.6617,83.4661,2006
11427,Merton,Female,All ages,82.41538,81.52405,83.30671,2007
11729,Merton,Female,All ages,83.37083,82.55313,84.18853,2008
12031,Merton,Female,All ages,83.13798,82.25369,84.02227,2009
12333,Merton,Female,All ages,84.37197,83.42909,85.31485,2010
12631,Merton,Female,All ages,83.76274,82.80041,84.72507,2011
12937,Merton,Female,All ages,83.93,83.1,84.75,2012
13243,Merton,Female,All ages,84.22,83.42,85.01,2013
13549,Merton,Female,All ages,84.22,83.35,85.09,2014
13855,Merton,Female,All ages,84.26,83.45,85.08,2015
14161,Merton,Female,All ages,84.27,83.44,85.11,2016
14467,Merton,Female,All ages,84.62,83.78,85.47,2017
14769,Merton,Female,All ages,84.48,83.66,85.31,2018
15071,Merton,Female,All ages,84.88,84.06,85.71,2019
15373,Merton,Female,All ages,83.7,82.96,84.44,2020
15675,Merton,Female,All ages,84.36,83.56,85.17,2021
15977,Merton,Female,All ages,85.32,84.5,86.14,2022
