,Area Name,Sex,Age,Value,Lower CI 95.0 limit,Upper CI 95.0 limit,Time period Sortable
9389,Portsmouth,Male,All ages,75.52098,74.59688,76.44509,2001
9691,Portsmouth,Male,All ages,74.72156,73.78552,75.6576,2002
9993,Portsmouth,Male,All ages,75.41084,74.51007,76.31162,2003
10295,Portsmouth,Male,All ages,76.07757,75.16159,76.99354,2004
10597,Portsmouth,Male,All ages,76.84827,75.94026,77.75627,2005
10899,Portsmouth,Male,All ages,75.83279,74.91667,76.74891,2006
11201,Portsmouth,Male,All ages,76.80952,75.90929,77.70976,2007
11503,Portsmouth,Male,All ages,76.86142,75.92253,77.8003,2008
11805,Portsmouth,Male,All ages,77.69219,76.78963,78.59474,2009
12107,Portsmouth,Male,All ages,77.70193,76.82087,78.58298,2010
12409,Portsmouth,Male,All ages,77.47922,76.63931,78.31914,2011
12707,Portsmouth,Male,All ages,79.13,78.31,79.96,2012
13013,Portsmouth,Male,All ages,77.75,76.9,78.6,2013
13319,Portsmouth,Male,All ages,77.54,76.69,78.39,2014
13625,Portsmouth,Male,All ages,77.76,76.94,78.58,2015
13931,Portsmouth,Male,All ages,78.13,77.34,78.92,2016
14237,Portsmouth,Male,All ages,78.11,77.27,78.96,2017
14543,Portsmouth,Male,All ages,78.84,78.03,79.65,2018
14845,Portsmouth,Male,All ages,77.91,77.03,78.8,2019
15147,Portsmouth,Male,All ages,78.41,77.69,79.12,2020
15449,Portsmouth,Male,All ages,76.6,75.8,77.4,2021
15751,Portsmouth,Male,All ages,77.99,77.13,78.85,2022
