,Area Name,Sex,Age,Value,Lower CI 95.0 limit,Upper CI 95.0 limit,Time period Sortable
9484,Kent,Male,All ages,76.88335,76.55551,77.2112,2001
9786,Kent,Male,All ages,76.88021,76.55147,77.20895,2002
10088,Kent,Male,All ages,76.75452,76.43024,77.07879,2003
10390,Kent,Male,All ages,77.48423,77.16426,77.80421,2004
10692,Kent,Male,All ages,77.77425,77.45235,78.09615,2005
10994,Kent,Male,All ages,78.53552,78.21795,78.85308,2006
11296,Kent,Male,All ages,78.41919,78.09856,78.73981,2007
11598,Kent,Male,All ages,78.98503,78.67135,79.2987,2008
11900,Kent,Male,All ages,78.64701,78.33297,78.96104,2009
12202,Kent,Male,All ages,79.49649,79.19172,79.80127,2010
12502,Kent,Male,All ages,79.65628,79.35431,79.95825,2011
12804,Kent,Male,All ages,80.17,79.87,80.47,2012
13110,Kent,Male,All ages,79.66,79.35,79.96,2013
13416,Kent,Male,All ages,80.05,79.75,80.35,2014
13722,Kent,Male,All ages,79.65,79.36,79.95,2015
14028,Kent,Male,All ages,79.87,79.57,80.16,2016
14334,Kent,Male,All ages,79.77,79.47,80.06,2017
14638,Kent,Male,All ages,79.61,79.32,79.91,2018
14940,Kent,Male,All ages,80.02,79.72,80.31,2019
15242,Kent,Male,All ages,78.78,78.5,79.07,2020
15544,Kent,Male,All ages,78.77,78.48,79.07,2021
15846,Kent,Male,All ages,79.49,79.2,79.78,2022
