,Area Name,Sex,Age,Value,Lower CI 95.0 limit,Upper CI 95.0 limit,Time period Sortable
9556,Somerset UA,Female,All ages,82.21232,81.71188,82.71276,2001
9858,Somerset UA,Female,All ages,82.14579,81.6665,82.62508,2002
10160,Somerset UA,Female,All ages,81.96262,81.48649,82.43875,2003
10462,Somerset UA,Female,All ages,82.42485,81.93177,82.91794,2004
10764,Somerset UA,Female,All ages,82.51648,82.03286,83.0001,2005
11066,Somerset UA,Female,All ages,83.13124,82.64931,83.61318,2006
11368,Somerset UA,Female,All ages,82.98492,82.48687,83.48297,2007
11670,Somerset UA,Female,All ages,83.15883,82.68907,83.62859,2008
11972,Somerset UA,Female,All ages,83.31749,82.83818,83.79679,2009
12274,Somerset UA,Female,All ages,83.52149,83.06452,83.97846,2010
12878,Somerset UA,Female,All ages,84.22,83.77,84.68,2012
13184,Somerset UA,Female,All ages,83.79,83.32,84.27,2013
13490,Somerset UA,Female,All ages,84.58,84.11,85.06,2014
13796,Somerset UA,Female,All ages,83.93,83.48,84.37,2015
14102,Somerset UA,Female,All ages,83.84,83.37,84.32,2016
14408,Somerset UA,Female,All ages,84.41,83.99,84.83,2017
14710,Somerset UA,Female,All ages,84.1,83.62,84.58,2018
15012,Somerset UA,Female,All ages,84.79,84.37,85.21,2019
15314,Somerset UA,Female,All ages,83.6,83.12,84.08,2020
15616,Somerset UA,Female,All ages,83.77,83.33,84.22,2021
15918,Somerset UA,Female,All ages,84.23,83.82,84.65,2022
