,Area Name,Sex,Age,Value,Lower CI 95.0 limit,Upper CI 95.0 limit,Time period Sortable
9377,Luton,Male,All ages,75.00949,74.09028,75.92869,2001
9679,Luton,Male,All ages,75.62064,74.72419,76.51708,2002
9981,Luton,Male,All ages,74.81446,73.95525,75.67368,2003
10283,Luton,Male,All ages,75.82315,74.89593,76.75036,2004
10585,Luton,Male,All ages,76.08978,75.19277,76.98678,2005
10887,Luton,Male,All ages,75.71638,74.75459,76.67818,2006
11189,Luton,Male,All ages,76.97377,76.0661,77.88144,2007
11491,Luton,Male,All ages,76.36068,75.44154,77.27981,2008
11793,Luton,Male,All ages,77.05516,76.12385,77.98647,2009
12095,Luton,Male,All ages,77.813,76.86134,78.76466,2010
12397,Luton,Male,All ages,78.51199,77.53585,79.48814,2011
12695,Luton,Male,All ages,77.26,76.36,78.16,2012
13001,Luton,Male,All ages,78.93,78.02,79.83,2013
13307,Luton,Male,All ages,78.38,77.48,79.28,2014
13613,Luton,Male,All ages,78.89,77.98,79.81,2015
13919,Luton,Male,All ages,77.9,77.02,78.77,2016
14225,Luton,Male,All ages,77.92,77.06,78.78,2017
14531,Luton,Male,All ages,78.2,77.35,79.06,2018
14833,Luton,Male,All ages,79.66,78.8,80.52,2019
15135,Luton,Male,All ages,76.38,75.57,77.19,2020
15437,Luton,Male,All ages,76.12,75.26,76.98,2021
15739,Luton,Male,All ages,78.48,77.62,79.33,2022
