,Area Name,Sex,Age,Value,Lower CI 95.0 limit,Upper CI 95.0 limit,Time period Sortable
9630,Gloucestershire,Female,All ages,81.70411,81.24567,82.16256,2001
9932,Gloucestershire,Female,All ages,81.68581,81.2241,82.14752,2002
10234,Gloucestershire,Female,All ages,81.51574,81.05402,81.97746,2003
10536,Gloucestershire,Female,All ages,82.37712,81.91107,82.84317,2004
10838,Gloucestershire,Female,All ages,82.51611,82.06736,82.96487,2005
11140,Gloucestershire,Female,All ages,82.47661,82.01064,82.94258,2006
11442,Gloucestershire,Female,All ages,82.86478,82.4016,83.32796,2007
11744,Gloucestershire,Female,All ages,82.4537,81.9948,82.9126,2008
12046,Gloucestershire,Female,All ages,83.43538,82.97764,83.89311,2009
12348,Gloucestershire,Female,All ages,83.72056,83.2846,84.15653,2010
12646,Gloucestershire,Female,All ages,84.02837,83.57779,84.47896,2011
12952,Gloucestershire,Female,All ages,83.94,83.49,84.39,2012
13258,Gloucestershire,Female,All ages,83.18,82.74,83.62,2013
13564,Gloucestershire,Female,All ages,83.7,83.25,84.14,2014
13870,Gloucestershire,Female,All ages,83.6,83.16,84.05,2015
14176,Gloucestershire,Female,All ages,83.48,83.06,83.9,2016
14482,Gloucestershire,Female,All ages,83.85,83.44,84.27,2017
14784,Gloucestershire,Female,All ages,83.86,83.44,84.29,2018
15086,Gloucestershire,Female,All ages,84.3,83.89,84.71,2019
15388,Gloucestershire,Female,All ages,83.38,82.96,83.8,2020
15690,Gloucestershire,Female,All ages,83.83,83.4,84.27,2021
15992,Gloucestershire,Female,All ages,83.56,83.14,83.97,2022
