,Area Name,Sex,Age,Value,Lower CI 95.0 limit,Upper CI 95.0 limit,Time period Sortable
9507,East Riding of Yorkshire,Female,All ages,81.18935,80.55649,81.8222,2001
9809,East Riding of Yorkshire,Female,All ages,81.41345,80.77556,82.05134,2002
10111,East Riding of Yorkshire,Female,All ages,80.77702,80.14064,81.4134,2003
10413,East Riding of Yorkshire,Female,All ages,81.24349,80.5976,81.88937,2004
10715,East Riding of Yorkshire,Female,All ages,81.46253,80.81959,82.10547,2005
11017,East Riding of Yorkshire,Female,All ages,82.44626,81.86261,83.02991,2006
11319,East Riding of Yorkshire,Female,All ages,81.73004,81.13426,82.32583,2007
11621,East Riding of Yorkshire,Female,All ages,82.51735,81.91944,83.11526,2008
11923,East Riding of Yorkshire,Female,All ages,82.666,82.06026,83.27173,2009
12225,East Riding of Yorkshire,Female,All ages,82.82165,82.2403,83.403,2010
12525,East Riding of Yorkshire,Female,All ages,83.04989,82.45106,83.64871,2011
12827,East Riding of Yorkshire,Female,All ages,82.77,82.19,83.35,2012
13133,East Riding of Yorkshire,Female,All ages,83.01,82.45,83.56,2013
13439,East Riding of Yorkshire,Female,All ages,83.81,83.25,84.36,2014
13745,East Riding of Yorkshire,Female,All ages,83.08,82.49,83.67,2015
14051,East Riding of Yorkshire,Female,All ages,83.57,83.0,84.13,2016
14357,East Riding of Yorkshire,Female,All ages,83.92,83.42,84.43,2017
14661,East Riding of Yorkshire,Female,All ages,83.69,83.15,84.23,2018
14963,East Riding of Yorkshire,Female,All ages,83.68,83.06,84.31,2019
15265,East Riding of Yorkshire,Female,All ages,83.06,82.5,83.62,2020
15567,East Riding of Yorkshire,Female,All ages,83.47,82.88,84.05,2021
15869,East Riding of Yorkshire,Female,All ages,83.37,82.82,83.93,2022
