,Area Name,Sex,Age,Value,Lower CI 95.0 limit,Upper CI 95.0 limit,Time period Sortable
9540,Isle of Wight,Female,All ages,82.25177,81.42273,83.08082,2001
9842,Isle of Wight,Female,All ages,81.03594,80.05256,82.01932,2002
10144,Isle of Wight,Female,All ages,81.65257,80.75534,82.54979,2003
10446,Isle of Wight,Female,All ages,82.69454,81.74977,83.63931,2004
10748,Isle of Wight,Female,All ages,83.15799,82.3299,83.98609,2005
11050,Isle of Wight,Female,All ages,82.86667,81.92225,83.81108,2006
11352,Isle of Wight,Female,All ages,82.44952,81.4674,83.43163,2007
11654,Isle of Wight,Female,All ages,82.14864,81.12568,83.17161,2008
11956,Isle of Wight,Female,All ages,83.57722,82.66249,84.49195,2009
12258,Isle of Wight,Female,All ages,83.55658,82.73541,84.37775,2010
12558,Isle of Wight,Female,All ages,83.51187,82.50778,84.51596,2011
12860,Isle of Wight,Female,All ages,83.33,82.51,84.14,2012
13166,Isle of Wight,Female,All ages,83.23,82.29,84.16,2013
13472,Isle of Wight,Female,All ages,84.02,83.04,85.0,2014
13778,Isle of Wight,Female,All ages,84.3,83.46,85.15,2015
14084,Isle of Wight,Female,All ages,83.65,82.75,84.54,2016
14390,Isle of Wight,Female,All ages,83.07,82.14,84.0,2017
14694,Isle of Wight,Female,All ages,83.94,83.1,84.78,2018
14996,Isle of Wight,Female,All ages,83.62,82.66,84.59,2019
15298,Isle of Wight,Female,All ages,82.87,81.89,83.85,2020
15600,Isle of Wight,Female,All ages,82.93,82.06,83.79,2021
15902,Isle of Wight,Female,All ages,83.94,83.17,84.72,2022
