,Area Name,Sex,Age,Value,Lower CI 95.0 limit,Upper CI 95.0 limit,Time period Sortable
9349,Middlesbrough,Male,All ages,72.89203,71.72591,74.05815,2001
9651,Middlesbrough,Male,All ages,74.44657,73.37046,75.52269,2002
9953,Middlesbrough,Male,All ages,73.70982,72.63709,74.78255,2003
10255,Middlesbrough,Male,All ages,73.66032,72.58445,74.7362,2004
10557,Middlesbrough,Male,All ages,74.54808,73.51024,75.58592,2005
10859,Middlesbrough,Male,All ages,74.90227,73.90155,75.90298,2006
11161,Middlesbrough,Male,All ages,74.81123,73.71194,75.91051,2007
11463,Middlesbrough,Male,All ages,75.66609,74.59447,76.73772,2008
11765,Middlesbrough,Male,All ages,75.45836,74.40179,76.51492,2009
12067,Middlesbrough,Male,All ages,75.86954,74.83736,76.90172,2010
12369,Middlesbrough,Male,All ages,76.02217,75.00902,77.03532,2011
12667,Middlesbrough,Male,All ages,76.93,75.94,77.92,2012
12973,Middlesbrough,Male,All ages,76.94,75.93,77.95,2013
13279,Middlesbrough,Male,All ages,74.7,73.62,75.78,2014
13585,Middlesbrough,Male,All ages,76.84,75.84,77.84,2015
13891,Middlesbrough,Male,All ages,76.01,74.99,77.03,2016
14197,Middlesbrough,Male,All ages,74.76,73.7,75.81,2017
14503,Middlesbrough,Male,All ages,75.68,74.62,76.73,2018
14805,Middlesbrough,Male,All ages,76.67,75.68,77.66,2019
15107,Middlesbrough,Male,All ages,74.89,73.85,75.93,2020
15409,Middlesbrough,Male,All ages,75.55,74.53,76.57,2021
15711,Middlesbrough,Male,All ages,75.88,74.89,76.88,2022
