,Area Name,Sex,Age,Value,Lower CI 95.0 limit,Upper CI 95.0 limit,Time period Sortable
9549,Northumberland,Female,All ages,80.31061,79.67622,80.945,2001
9851,Northumberland,Female,All ages,80.70543,80.06299,81.34788,2002
10153,Northumberland,Female,All ages,80.91582,80.35118,81.48046,2003
10455,Northumberland,Female,All ages,80.76758,80.19379,81.34136,2004
10757,Northumberland,Female,All ages,81.15857,80.57116,81.74599,2005
11059,Northumberland,Female,All ages,81.38982,80.78248,81.99715,2006
11361,Northumberland,Female,All ages,81.09604,80.44103,81.75106,2007
11663,Northumberland,Female,All ages,81.64684,81.02643,82.26724,2008
11965,Northumberland,Female,All ages,81.87606,81.24946,82.50267,2009
12267,Northumberland,Female,All ages,82.46381,81.84945,83.07818,2010
12567,Northumberland,Female,All ages,82.48367,81.86004,83.10729,2011
12869,Northumberland,Female,All ages,82.25,81.68,82.83,2012
13175,Northumberland,Female,All ages,82.57,81.98,83.15,2013
13481,Northumberland,Female,All ages,82.55,81.91,83.2,2014
13787,Northumberland,Female,All ages,82.64,82.06,83.22,2015
14093,Northumberland,Female,All ages,82.62,82.04,83.2,2016
14399,Northumberland,Female,All ages,82.64,82.06,83.22,2017
14703,Northumberland,Female,All ages,82.61,82.02,83.2,2018
15005,Northumberland,Female,All ages,82.9,82.27,83.54,2019
15307,Northumberland,Female,All ages,82.75,82.17,83.32,2020
15609,Northumberland,Female,All ages,82.84,82.27,83.42,2021
15911,Northumberland,Female,All ages,83.2,82.56,83.83,2022
