,Area Name,Sex,Age,Value,Lower CI 95.0 limit,Upper CI 95.0 limit,Time period Sortable
9403,Buckinghamshire UA,Male,All ages,77.10875,76.53564,77.68185,2001
9705,Buckinghamshire UA,Male,All ages,78.3467,77.83697,78.85643,2002
10007,Buckinghamshire UA,Male,All ages,78.65452,78.11608,79.19297,2003
10309,Buckinghamshire UA,Male,All ages,78.90398,78.34341,79.46454,2004
10611,Buckinghamshire UA,Male,All ages,78.54468,78.00715,79.0822,2005
10913,Buckinghamshire UA,Male,All ages,79.52217,78.97846,80.06589,2006
11215,Buckinghamshire UA,Male,All ages,80.3663,79.77679,80.9558,2007
11517,Buckinghamshire UA,Male,All ages,80.42452,79.87602,80.97302,2008
11819,Buckinghamshire UA,Male,All ages,79.96085,79.40977,80.51194,2009
12121,Buckinghamshire UA,Male,All ages,80.48452,79.94233,81.0267,2010
12423,Buckinghamshire UA,Male,All ages,80.84248,80.30341,81.38155,2011
12721,Buckinghamshire UA,Male,All ages,81.07,80.54,81.6,2012
13027,Buckinghamshire UA,Male,All ages,81.2,80.66,81.74,2013
13333,Buckinghamshire UA,Male,All ages,81.66,81.16,82.16,2014
13639,Buckinghamshire UA,Male,All ages,81.68,81.19,82.16,2015
13945,Buckinghamshire UA,Male,All ages,82.24,81.73,82.75,2016
14251,Buckinghamshire UA,Male,All ages,81.4,80.9,81.9,2017
14557,Buckinghamshire UA,Male,All ages,81.57,81.05,82.09,2018
14859,Buckinghamshire UA,Male,All ages,82.02,81.52,82.52,2019
15161,Buckinghamshire UA,Male,All ages,80.95,80.46,81.44,2020
15463,Buckinghamshire UA,Male,All ages,80.88,80.41,81.35,2021
15765,Buckinghamshire UA,Male,All ages,81.31,80.8,81.81,2022
