,Area Name,Sex,Age,Value,Lower CI 95.0 limit,Upper CI 95.0 limit,Time period Sortable
9397,Wiltshire,Male,All ages,77.61285,77.03999,78.18572,2001
9699,Wiltshire,Male,All ages,77.5284,76.95648,78.10031,2002
10001,Wiltshire,Male,All ages,78.81968,78.29531,79.34405,2003
10303,Wiltshire,Male,All ages,78.74358,78.19999,79.28718,2004
10605,Wiltshire,Male,All ages,78.9073,78.34692,79.46768,2005
10907,Wiltshire,Male,All ages,79.21231,78.65625,79.76837,2006
11209,Wiltshire,Male,All ages,79.49866,78.97639,80.02092,2007
11511,Wiltshire,Male,All ages,79.09757,78.53724,79.6579,2008
11813,Wiltshire,Male,All ages,79.73253,79.17066,80.29441,2009
12115,Wiltshire,Male,All ages,79.77465,79.21143,80.33788,2010
12417,Wiltshire,Male,All ages,80.49526,79.95775,81.03278,2011
12715,Wiltshire,Male,All ages,80.4,79.83,80.96,2012
13021,Wiltshire,Male,All ages,80.64,80.1,81.19,2013
13327,Wiltshire,Male,All ages,81.12,80.59,81.65,2014
13633,Wiltshire,Male,All ages,80.54,80.02,81.06,2015
13939,Wiltshire,Male,All ages,81.35,80.85,81.85,2016
14245,Wiltshire,Male,All ages,80.62,80.13,81.12,2017
14551,Wiltshire,Male,All ages,81.01,80.5,81.52,2018
14853,Wiltshire,Male,All ages,81.25,80.72,81.78,2019
15155,Wiltshire,Male,All ages,80.61,80.09,81.12,2020
15457,Wiltshire,Male,All ages,80.84,80.34,81.35,2021
15759,Wiltshire,Male,All ages,81.19,80.72,81.67,2022
