,Area Name,Sex,Age,Value,Lower CI 95.0 limit,Upper CI 95.0 limit,Time period Sortable
9625,Cambridgeshire,Female,All ages,82.00945,81.53907,82.47984,2001
9927,Cambridgeshire,Female,All ages,81.86969,81.37194,82.36745,2002
10229,Cambridgeshire,Female,All ages,81.65006,81.17308,82.12705,2003
10531,Cambridgeshire,Female,All ages,82.56745,82.09314,83.04175,2004
10833,Cambridgeshire,Female,All ages,82.63151,82.16543,83.0976,2005
11135,Cambridgeshire,Female,All ages,82.64733,82.17713,83.11753,2006
11437,Cambridgeshire,Female,All ages,83.30076,82.85196,83.74957,2007
11739,Cambridgeshire,Female,All ages,82.98934,82.49857,83.48011,2008
12041,Cambridgeshire,Female,All ages,83.58694,83.12144,84.05245,2009
12343,Cambridgeshire,Female,All ages,84.28004,83.82091,84.73917,2010
12641,Cambridgeshire,Female,All ages,84.7081,84.2338,85.18239,2011
12947,Cambridgeshire,Female,All ages,84.09,83.64,84.53,2012
13253,Cambridgeshire,Female,All ages,84.47,84.05,84.9,2013
13559,Cambridgeshire,Female,All ages,84.36,83.89,84.83,2014
13865,Cambridgeshire,Female,All ages,84.24,83.82,84.67,2015
14171,Cambridgeshire,Female,All ages,84.28,83.85,84.71,2016
14477,Cambridgeshire,Female,All ages,84.14,83.7,84.58,2017
14779,Cambridgeshire,Female,All ages,84.19,83.75,84.62,2018
15081,Cambridgeshire,Female,All ages,84.63,84.19,85.06,2019
15383,Cambridgeshire,Female,All ages,84.19,83.78,84.61,2020
15685,Cambridgeshire,Female,All ages,84.03,83.61,84.46,2021
15987,Cambridgeshire,Female,All ages,83.85,83.44,84.26,2022
