,Area Name,Sex,Age,Value,Lower CI 95.0 limit,Upper CI 95.0 limit,Time period Sortable
9640,Staffordshire,Female,All ages,80.19743,79.79195,80.6029,2001
9942,Staffordshire,Female,All ages,80.96773,80.59134,81.34412,2002
10244,Staffordshire,Female,All ages,80.569,80.17067,80.96732,2003
10546,Staffordshire,Female,All ages,81.09898,80.70866,81.4893,2004
10848,Staffordshire,Female,All ages,81.11142,80.72327,81.49957,2005
11150,Staffordshire,Female,All ages,81.43564,81.0461,81.82518,2006
11452,Staffordshire,Female,All ages,81.27797,80.89078,81.66516,2007
11754,Staffordshire,Female,All ages,81.6926,81.32898,82.05622,2008
12056,Staffordshire,Female,All ages,82.49175,82.10064,82.88285,2009
12358,Staffordshire,Female,All ages,82.71777,82.34069,83.09485,2010
12656,Staffordshire,Female,All ages,82.90919,82.51618,83.3022,2011
12962,Staffordshire,Female,All ages,83.15,82.78,83.52,2012
13268,Staffordshire,Female,All ages,82.96,82.59,83.33,2013
13574,Staffordshire,Female,All ages,83.28,82.91,83.64,2014
13880,Staffordshire,Female,All ages,82.68,82.3,83.06,2015
14186,Staffordshire,Female,All ages,82.7,82.29,83.11,2016
14492,Staffordshire,Female,All ages,83.27,82.9,83.63,2017
14794,Staffordshire,Female,All ages,83.19,82.81,83.56,2018
15096,Staffordshire,Female,All ages,83.72,83.34,84.09,2019
15398,Staffordshire,Female,All ages,82.27,81.9,82.65,2020
15700,Staffordshire,Female,All ages,82.93,82.56,83.3,2021
16002,Staffordshire,Female,All ages,83.16,82.78,83.54,2022
