,Area Name,Sex,Age,Value,Lower CI 95.0 limit,Upper CI 95.0 limit,Time period Sortable
9626,Derbyshire,Female,All ages,80.50944,80.11466,80.90422,2001
9928,Derbyshire,Female,All ages,80.34149,79.92245,80.76053,2002
10230,Derbyshire,Female,All ages,80.27791,79.87339,80.68244,2003
10532,Derbyshire,Female,All ages,80.66909,80.2339,81.10428,2004
10834,Derbyshire,Female,All ages,81.05404,80.65526,81.45283,2005
11136,Derbyshire,Female,All ages,81.22582,80.81187,81.63976,2006
11438,Derbyshire,Female,All ages,82.05975,81.66461,82.45489,2007
11740,Derbyshire,Female,All ages,81.66911,81.26724,82.07099,2008
12042,Derbyshire,Female,All ages,82.38913,82.00667,82.77159,2009
12344,Derbyshire,Female,All ages,82.97189,82.58805,83.35574,2010
12642,Derbyshire,Female,All ages,83.18752,82.81706,83.55798,2011
12948,Derbyshire,Female,All ages,82.95,82.57,83.34,2012
13254,Derbyshire,Female,All ages,83.13,82.77,83.49,2013
13560,Derbyshire,Female,All ages,82.92,82.52,83.32,2014
13866,Derbyshire,Female,All ages,82.24,81.87,82.61,2015
14172,Derbyshire,Female,All ages,83.07,82.71,83.44,2016
14478,Derbyshire,Female,All ages,82.86,82.48,83.25,2017
14780,Derbyshire,Female,All ages,82.61,82.22,83.0,2018
15082,Derbyshire,Female,All ages,83.08,82.69,83.46,2019
15384,Derbyshire,Female,All ages,82.22,81.84,82.6,2020
15686,Derbyshire,Female,All ages,82.27,81.9,82.64,2021
15988,Derbyshire,Female,All ages,82.43,82.07,82.8,2022
