,Area Name,Sex,Age,Value,Lower CI 95.0 limit,Upper CI 95.0 limit,Time period Sortable
9468,Redbridge,Male,All ages,76.4647,75.64907,77.28032,2001
9770,Redbridge,Male,All ages,76.88653,76.1048,77.66825,2002
10072,Redbridge,Male,All ages,77.47943,76.72915,78.2297,2003
10374,Redbridge,Male,All ages,77.48766,76.67421,78.30112,2004
10676,Redbridge,Male,All ages,77.39024,76.61,78.17047,2005
10978,Redbridge,Male,All ages,78.51947,77.72214,79.3168,2006
11280,Redbridge,Male,All ages,78.76663,77.95015,79.5831,2007
11582,Redbridge,Male,All ages,78.98855,78.21088,79.76622,2008
11884,Redbridge,Male,All ages,79.49823,78.71573,80.28072,2009
12186,Redbridge,Male,All ages,79.07339,78.27828,79.8685,2010
12486,Redbridge,Male,All ages,80.56564,79.83454,81.29675,2011
12788,Redbridge,Male,All ages,80.68,79.9,81.45,2012
13094,Redbridge,Male,All ages,80.39,79.65,81.14,2013
13400,Redbridge,Male,All ages,80.98,80.23,81.72,2014
13706,Redbridge,Male,All ages,80.09,79.39,80.79,2015
14012,Redbridge,Male,All ages,81.44,80.7,82.19,2016
14318,Redbridge,Male,All ages,80.93,80.18,81.67,2017
14622,Redbridge,Male,All ages,81.21,80.44,81.98,2018
14924,Redbridge,Male,All ages,81.45,80.7,82.2,2019
15226,Redbridge,Male,All ages,78.36,77.72,79.0,2020
15528,Redbridge,Male,All ages,78.91,78.19,79.63,2021
15830,Redbridge,Male,All ages,80.03,79.3,80.76,2022
