,Area Name,Sex,Age,Value,Lower CI 95.0 limit,Upper CI 95.0 limit,Time period Sortable
9607,Havering,Female,All ages,81.4121,80.72698,82.09722,2001
9909,Havering,Female,All ages,80.43036,79.70658,81.15414,2002
10211,Havering,Female,All ages,80.93336,80.25423,81.6125,2003
10513,Havering,Female,All ages,81.94002,81.20283,82.67721,2004
10815,Havering,Female,All ages,81.41404,80.73403,82.09404,2005
11117,Havering,Female,All ages,82.45193,81.74007,83.16379,2006
11419,Havering,Female,All ages,82.12862,81.40707,82.85018,2007
11721,Havering,Female,All ages,82.44934,81.73387,83.16481,2008
12023,Havering,Female,All ages,83.52136,82.82316,84.21956,2009
12325,Havering,Female,All ages,83.27814,82.53372,84.02256,2010
12623,Havering,Female,All ages,83.93426,83.1802,84.68832,2011
12929,Havering,Female,All ages,83.18,82.41,83.94,2012
13235,Havering,Female,All ages,83.64,82.97,84.31,2013
13541,Havering,Female,All ages,84.15,83.51,84.79,2014
13847,Havering,Female,All ages,84.48,83.83,85.13,2015
14153,Havering,Female,All ages,83.77,83.12,84.43,2016
14459,Havering,Female,All ages,84.01,83.41,84.62,2017
14761,Havering,Female,All ages,83.85,83.16,84.54,2018
15063,Havering,Female,All ages,83.85,83.22,84.48,2019
15365,Havering,Female,All ages,82.31,81.68,82.94,2020
15667,Havering,Female,All ages,82.88,82.23,83.54,2021
15969,Havering,Female,All ages,83.25,82.58,83.93,2022
