,Area Name,Sex,Age,Value,Lower CI 95.0 limit,Upper CI 95.0 limit,Time period Sortable
9485,Lancashire,Male,All ages,75.32906,74.96575,75.69237,2001
9787,Lancashire,Male,All ages,75.52231,75.1708,75.87382,2002
10089,Lancashire,Male,All ages,75.61709,75.25927,75.9749,2003
10391,Lancashire,Male,All ages,75.90165,75.53799,76.26531,2004
10693,Lancashire,Male,All ages,76.33757,75.9789,76.69624,2005
10995,Lancashire,Male,All ages,76.7582,76.39762,77.11878,2006
11297,Lancashire,Male,All ages,76.87,76.51044,77.22956,2007
11599,Lancashire,Male,All ages,76.6834,76.32084,77.04596,2008
11901,Lancashire,Male,All ages,77.28636,76.92602,77.6467,2009
12203,Lancashire,Male,All ages,77.91559,77.55858,78.27259,2010
12503,Lancashire,Male,All ages,77.83289,77.47321,78.19256,2011
12805,Lancashire,Male,All ages,78.35,78.0,78.7,2012
13111,Lancashire,Male,All ages,78.27,77.92,78.63,2013
13417,Lancashire,Male,All ages,78.56,78.22,78.91,2014
13723,Lancashire,Male,All ages,78.72,78.38,79.07,2015
14029,Lancashire,Male,All ages,78.82,78.47,79.16,2016
14335,Lancashire,Male,All ages,78.34,78.0,78.69,2017
14639,Lancashire,Male,All ages,78.44,78.09,78.78,2018
14941,Lancashire,Male,All ages,78.8,78.46,79.14,2019
15243,Lancashire,Male,All ages,77.6,77.27,77.92,2020
15545,Lancashire,Male,All ages,77.79,77.45,78.13,2021
15847,Lancashire,Male,All ages,78.11,77.76,78.45,2022
