,Area Name,Sex,Age,Value,Lower CI 95.0 limit,Upper CI 95.0 limit,Time period Sortable
9424,Doncaster,Male,All ages,75.32974,74.59775,76.06174,2001
9726,Doncaster,Male,All ages,74.94142,74.24941,75.63343,2002
10028,Doncaster,Male,All ages,74.89172,74.17958,75.60386,2003
10330,Doncaster,Male,All ages,75.53327,74.84292,76.22362,2004
10632,Doncaster,Male,All ages,75.71097,74.98817,76.43378,2005
10934,Doncaster,Male,All ages,76.09783,75.40877,76.78689,2006
11236,Doncaster,Male,All ages,76.07271,75.33049,76.81494,2007
11538,Doncaster,Male,All ages,76.06725,75.34424,76.79027,2008
11840,Doncaster,Male,All ages,77.17351,76.51575,77.83126,2009
12142,Doncaster,Male,All ages,77.46396,76.7488,78.17911,2010
12442,Doncaster,Male,All ages,77.8248,77.17189,78.47772,2011
12744,Doncaster,Male,All ages,77.01,76.32,77.7,2012
13050,Doncaster,Male,All ages,77.45,76.76,78.14,2013
13356,Doncaster,Male,All ages,77.69,76.99,78.39,2014
13662,Doncaster,Male,All ages,77.69,76.97,78.42,2015
13968,Doncaster,Male,All ages,77.86,77.2,78.53,2016
14274,Doncaster,Male,All ages,77.96,77.29,78.63,2017
14578,Doncaster,Male,All ages,78.06,77.39,78.73,2018
14880,Doncaster,Male,All ages,78.93,78.29,79.57,2019
15182,Doncaster,Male,All ages,76.43,75.74,77.11,2020
15484,Doncaster,Male,All ages,77.19,76.5,77.89,2021
15786,Doncaster,Male,All ages,76.76,76.05,77.48,2022
