,Area Name,Sex,Age,Value,Lower CI 95.0 limit,Upper CI 95.0 limit,Time period Sortable
9548,Central Bedfordshire,Female,All ages,80.94428,80.20082,81.68774,2001
9850,Central Bedfordshire,Female,All ages,81.65183,80.96863,82.33502,2002
10152,Central Bedfordshire,Female,All ages,81.59389,80.85935,82.32843,2003
10454,Central Bedfordshire,Female,All ages,81.62515,80.90268,82.34762,2004
10756,Central Bedfordshire,Female,All ages,81.676,80.91281,82.43918,2005
11058,Central Bedfordshire,Female,All ages,82.32889,81.62833,83.02944,2006
11360,Central Bedfordshire,Female,All ages,81.85393,81.12761,82.58026,2007
11662,Central Bedfordshire,Female,All ages,82.59248,81.90072,83.28423,2008
11964,Central Bedfordshire,Female,All ages,82.42502,81.70727,83.14278,2009
12266,Central Bedfordshire,Female,All ages,83.31832,82.64109,83.99556,2010
12566,Central Bedfordshire,Female,All ages,84.31519,83.58547,85.04492,2011
12868,Central Bedfordshire,Female,All ages,83.73,83.03,84.43,2012
13174,Central Bedfordshire,Female,All ages,83.25,82.57,83.94,2013
13480,Central Bedfordshire,Female,All ages,83.94,83.22,84.65,2014
13786,Central Bedfordshire,Female,All ages,83.79,83.16,84.43,2015
14092,Central Bedfordshire,Female,All ages,84.19,83.5,84.89,2016
14398,Central Bedfordshire,Female,All ages,85.04,84.37,85.71,2017
14702,Central Bedfordshire,Female,All ages,83.66,82.99,84.33,2018
15004,Central Bedfordshire,Female,All ages,84.77,84.09,85.44,2019
15306,Central Bedfordshire,Female,All ages,83.29,82.65,83.93,2020
15608,Central Bedfordshire,Female,All ages,83.56,82.92,84.2,2021
15910,Central Bedfordshire,Female,All ages,84.19,83.55,84.84,2022
