,Area Name,Sex,Age,Value,Lower CI 95.0 limit,Upper CI 95.0 limit,Time period Sortable
9452,Enfield,Male,All ages,76.77993,76.01479,77.54508,2001
9754,Enfield,Male,All ages,77.33964,76.6169,78.06238,2002
10056,Enfield,Male,All ages,75.76928,74.99942,76.53915,2003
10358,Enfield,Male,All ages,77.36201,76.62003,78.10398,2004
10660,Enfield,Male,All ages,77.8583,77.06267,78.65393,2005
10962,Enfield,Male,All ages,77.92073,77.15154,78.68991,2006
11264,Enfield,Male,All ages,78.97031,78.1965,79.74413,2007
11566,Enfield,Male,All ages,78.5237,77.78609,79.26131,2008
11868,Enfield,Male,All ages,78.81371,78.05502,79.5724,2009
12170,Enfield,Male,All ages,79.90972,79.16383,80.6556,2010
12470,Enfield,Male,All ages,80.27666,79.56429,80.98904,2011
12772,Enfield,Male,All ages,80.91,80.17,81.64,2012
13078,Enfield,Male,All ages,80.01,79.29,80.73,2013
13384,Enfield,Male,All ages,80.37,79.66,81.08,2014
13690,Enfield,Male,All ages,79.92,79.25,80.59,2015
13996,Enfield,Male,All ages,80.09,79.39,80.79,2016
14302,Enfield,Male,All ages,80.86,80.16,81.56,2017
14606,Enfield,Male,All ages,80.8,80.08,81.52,2018
14908,Enfield,Male,All ages,80.93,80.21,81.64,2019
15210,Enfield,Male,All ages,78.28,77.61,78.95,2020
15512,Enfield,Male,All ages,78.94,78.2,79.68,2021
15814,Enfield,Male,All ages,80.88,80.16,81.6,2022
