,Area Name,Sex,Age,Value,Lower CI 95.0 limit,Upper CI 95.0 limit,Time period Sortable
9594,Barnet,Female,All ages,82.03862,81.41462,82.66262,2001
9896,Barnet,Female,All ages,82.25704,81.62909,82.88499,2002
10198,Barnet,Female,All ages,82.3245,81.68584,82.96315,2003
10500,Barnet,Female,All ages,83.33022,82.71508,83.94536,2004
10802,Barnet,Female,All ages,83.1306,82.49964,83.76156,2005
11104,Barnet,Female,All ages,83.50562,82.89647,84.11476,2006
11406,Barnet,Female,All ages,83.74174,83.10171,84.38177,2007
11708,Barnet,Female,All ages,84.162,83.53378,84.79022,2008
12010,Barnet,Female,All ages,83.79778,83.15342,84.44214,2009
12312,Barnet,Female,All ages,83.84229,83.22945,84.45512,2010
12610,Barnet,Female,All ages,84.51604,83.88777,85.14431,2011
12916,Barnet,Female,All ages,84.88,84.26,85.49,2012
13222,Barnet,Female,All ages,85.22,84.62,85.82,2013
13528,Barnet,Female,All ages,84.93,84.31,85.55,2014
13834,Barnet,Female,All ages,84.77,84.17,85.37,2015
14140,Barnet,Female,All ages,85.53,84.93,86.13,2016
14446,Barnet,Female,All ages,85.69,85.11,86.26,2017
14748,Barnet,Female,All ages,85.65,85.07,86.23,2018
15050,Barnet,Female,All ages,86.09,85.48,86.7,2019
15352,Barnet,Female,All ages,84.32,83.76,84.87,2020
15654,Barnet,Female,All ages,85.46,84.89,86.03,2021
15956,Barnet,Female,All ages,85.09,84.5,85.68,2022
