,Area Name,Sex,Age,Value,Lower CI 95.0 limit,Upper CI 95.0 limit,Time period Sortable
9475,Westminster,Male,All ages,77.29231,76.29595,78.28866,2001
9777,Westminster,Male,All ages,77.26199,76.26707,78.25692,2002
10079,Westminster,Male,All ages,77.40035,76.50745,78.29324,2003
10381,Westminster,Male,All ages,78.18562,77.19528,79.17596,2004
10683,Westminster,Male,All ages,79.15887,77.98663,80.33112,2005
10985,Westminster,Male,All ages,80.89946,79.82125,81.97767,2006
11287,Westminster,Male,All ages,80.73853,79.66104,81.81601,2007
11589,Westminster,Male,All ages,81.9063,80.60843,83.20418,2008
11891,Westminster,Male,All ages,80.96416,79.83586,82.09246,2009
12193,Westminster,Male,All ages,80.76252,79.65764,81.86739,2010
12493,Westminster,Male,All ages,81.16424,80.12099,82.20748,2011
12795,Westminster,Male,All ages,80.42,79.42,81.42,2012
13101,Westminster,Male,All ages,81.78,80.63,82.93,2013
13407,Westminster,Male,All ages,81.74,80.64,82.84,2014
13713,Westminster,Male,All ages,80.34,79.4,81.29,2015
14019,Westminster,Male,All ages,81.01,80.03,81.99,2016
14325,Westminster,Male,All ages,81.16,80.22,82.11,2017
14629,Westminster,Male,All ages,82.26,81.27,83.24,2018
14931,Westminster,Male,All ages,81.98,80.94,83.01,2019
15233,Westminster,Male,All ages,79.11,78.26,79.97,2020
15535,Westminster,Male,All ages,80.5,79.58,81.42,2021
15837,Westminster,Male,All ages,81.38,80.43,82.34,2022
