,Area Name,Sex,Age,Value,Lower CI 95.0 limit,Upper CI 95.0 limit,Time period Sortable
9384,Slough,Male,All ages,73.93572,72.74506,75.12637,2001
9686,Slough,Male,All ages,75.50124,74.22579,76.77669,2002
9988,Slough,Male,All ages,76.54632,75.22274,77.86991,2003
10290,Slough,Male,All ages,76.04616,74.85078,77.24155,2004
10592,Slough,Male,All ages,78.62689,77.39873,79.85504,2005
10894,Slough,Male,All ages,76.5169,75.17835,77.85544,2006
11196,Slough,Male,All ages,76.67135,75.46933,77.87337,2007
11498,Slough,Male,All ages,77.39508,75.90848,78.88168,2008
11800,Slough,Male,All ages,77.88707,76.53703,79.2371,2009
12102,Slough,Male,All ages,78.45764,77.2488,79.66648,2010
12404,Slough,Male,All ages,77.82546,76.69438,78.95653,2011
12702,Slough,Male,All ages,78.83,77.67,79.99,2012
13008,Slough,Male,All ages,78.29,77.17,79.4,2013
13314,Slough,Male,All ages,78.56,77.41,79.71,2014
13620,Slough,Male,All ages,78.27,77.17,79.37,2015
13926,Slough,Male,All ages,77.62,76.53,78.72,2016
14232,Slough,Male,All ages,79.31,78.13,80.49,2017
14538,Slough,Male,All ages,78.74,77.63,79.85,2018
14840,Slough,Male,All ages,79.38,78.35,80.41,2019
15142,Slough,Male,All ages,77.16,76.11,78.21,2020
15444,Slough,Male,All ages,76.27,75.2,77.35,2021
15746,Slough,Male,All ages,77.17,76.1,78.24,2022
