,Area Name,Sex,Age,Value,Lower CI 95.0 limit,Upper CI 95.0 limit,Time period Sortable
9534,Windsor and Maidenhead,Female,All ages,81.68928,80.79366,82.58491,2001
9836,Windsor and Maidenhead,Female,All ages,81.50553,80.50243,82.50863,2002
10138,Windsor and Maidenhead,Female,All ages,82.24833,81.3359,83.16075,2003
10440,Windsor and Maidenhead,Female,All ages,82.95212,82.11583,83.7884,2004
10742,Windsor and Maidenhead,Female,All ages,82.71996,81.80076,83.63915,2005
11044,Windsor and Maidenhead,Female,All ages,82.65821,81.6985,83.61792,2006
11346,Windsor and Maidenhead,Female,All ages,83.04055,82.11995,83.96116,2007
11648,Windsor and Maidenhead,Female,All ages,83.13571,82.20655,84.06487,2008
11950,Windsor and Maidenhead,Female,All ages,83.56649,82.69432,84.43865,2009
12252,Windsor and Maidenhead,Female,All ages,84.22274,83.29902,85.14645,2010
12552,Windsor and Maidenhead,Female,All ages,84.59232,83.73035,85.45428,2011
12854,Windsor and Maidenhead,Female,All ages,84.54,83.68,85.4,2012
13160,Windsor and Maidenhead,Female,All ages,84.71,83.8,85.62,2013
13466,Windsor and Maidenhead,Female,All ages,84.88,83.92,85.84,2014
13772,Windsor and Maidenhead,Female,All ages,84.69,83.81,85.57,2015
14078,Windsor and Maidenhead,Female,All ages,84.11,83.16,85.06,2016
14384,Windsor and Maidenhead,Female,All ages,85.14,84.25,86.04,2017
14688,Windsor and Maidenhead,Female,All ages,84.42,83.52,85.31,2018
14990,Windsor and Maidenhead,Female,All ages,85.16,84.33,85.98,2019
15292,Windsor and Maidenhead,Female,All ages,84.34,83.52,85.15,2020
15594,Windsor and Maidenhead,Female,All ages,84.41,83.57,85.26,2021
15896,Windsor and Maidenhead,Female,All ages,85.69,84.88,86.51,2022
