,Area Name,Sex,Age,Value,Lower CI 95.0 limit,Upper CI 95.0 limit,Time period Sortable
9370,Bristol,Male,All ages,75.04934,74.41041,75.68827,2001
9672,Bristol,Male,All ages,75.49258,74.87244,76.11271,2002
9974,Bristol,Male,All ages,75.30298,74.69708,75.90887,2003
10276,Bristol,Male,All ages,76.79546,76.17898,77.41194,2004
10578,Bristol,Male,All ages,76.96598,76.36341,77.56855,2005
10880,Bristol,Male,All ages,76.85024,76.24322,77.45727,2006
11182,Bristol,Male,All ages,76.88067,76.25045,77.51089,2007
11484,Bristol,Male,All ages,76.5928,75.99213,77.19347,2008
11786,Bristol,Male,All ages,77.61684,77.02888,78.20481,2009
12088,Bristol,Male,All ages,77.7831,77.1791,78.3871,2010
12390,Bristol,Male,All ages,78.40807,77.81327,79.00287,2011
12688,Bristol,Male,All ages,78.5,77.9,79.1,2012
12994,Bristol,Male,All ages,77.72,77.14,78.3,2013
13300,Bristol,Male,All ages,78.9,78.29,79.51,2014
13606,Bristol,Male,All ages,78.97,78.41,79.53,2015
13912,Bristol,Male,All ages,78.8,78.21,79.39,2016
14218,Bristol,Male,All ages,78.82,78.22,79.42,2017
14524,Bristol,Male,All ages,78.27,77.71,78.83,2018
14826,Bristol,Male,All ages,79.08,78.5,79.67,2019
15128,Bristol,Male,All ages,78.94,78.39,79.48,2020
15430,Bristol,Male,All ages,77.72,77.15,78.29,2021
15732,Bristol,Male,All ages,77.85,77.27,78.43,2022
