,Area Name,Sex,Age,Value,Lower CI 95.0 limit,Upper CI 95.0 limit,Time period Sortable
9621,Tower Hamlets,Female,All ages,78.60844,77.59236,79.62452,2001
9923,Tower Hamlets,Female,All ages,78.60005,77.6033,79.59679,2002
10225,Tower Hamlets,Female,All ages,79.27967,78.34235,80.21698,2003
10527,Tower Hamlets,Female,All ages,79.63846,78.63061,80.64631,2004
10829,Tower Hamlets,Female,All ages,80.65354,79.66883,81.63825,2005
11131,Tower Hamlets,Female,All ages,80.12574,79.13161,81.11988,2006
11433,Tower Hamlets,Female,All ages,80.18694,79.21848,81.1554,2007
11735,Tower Hamlets,Female,All ages,80.45148,79.51172,81.39124,2008
12037,Tower Hamlets,Female,All ages,81.36765,80.33504,82.40026,2009
12339,Tower Hamlets,Female,All ages,81.40763,80.4379,82.37735,2010
12637,Tower Hamlets,Female,All ages,82.24456,81.20623,83.2829,2011
12943,Tower Hamlets,Female,All ages,81.59,80.54,82.63,2012
13249,Tower Hamlets,Female,All ages,82.87,81.83,83.91,2013
13555,Tower Hamlets,Female,All ages,81.37,80.41,82.33,2014
13861,Tower Hamlets,Female,All ages,81.52,80.56,82.48,2015
14167,Tower Hamlets,Female,All ages,81.97,80.99,82.94,2016
14473,Tower Hamlets,Female,All ages,82.51,81.51,83.51,2017
14775,Tower Hamlets,Female,All ages,81.78,80.86,82.71,2018
15077,Tower Hamlets,Female,All ages,82.58,81.65,83.51,2019
15379,Tower Hamlets,Female,All ages,80.83,79.95,81.71,2020
15681,Tower Hamlets,Female,All ages,80.0,79.14,80.87,2021
15983,Tower Hamlets,Female,All ages,82.7,81.82,83.58,2022
