,Area Name,Sex,Age,Value,Lower CI 95.0 limit,Upper CI 95.0 limit,Time period Sortable
9642,Surrey,Female,All ages,82.09715,81.7601,82.4342,2001
9944,Surrey,Female,All ages,82.6197,82.28624,82.95316,2002
10246,Surrey,Female,All ages,82.52816,82.19531,82.86101,2003
10548,Surrey,Female,All ages,82.75003,82.41268,83.08738,2004
10850,Surrey,Female,All ages,82.79904,82.47051,83.12756,2005
11152,Surrey,Female,All ages,83.29307,82.9705,83.61565,2006
11454,Surrey,Female,All ages,83.61603,83.2897,83.94236,2007
11756,Surrey,Female,All ages,83.63798,83.32496,83.951,2008
12058,Surrey,Female,All ages,84.34845,84.02028,84.67663,2009
12360,Surrey,Female,All ages,84.09291,83.77091,84.4149,2010
12658,Surrey,Female,All ages,84.56927,84.24328,84.89526,2011
12964,Surrey,Female,All ages,84.57,84.26,84.88,2012
13270,Surrey,Female,All ages,84.35,84.04,84.66,2013
13576,Surrey,Female,All ages,84.73,84.42,85.04,2014
13882,Surrey,Female,All ages,84.42,84.12,84.73,2015
14188,Surrey,Female,All ages,84.7,84.39,85.01,2016
14494,Surrey,Female,All ages,85.13,84.83,85.43,2017
14796,Surrey,Female,All ages,85.3,85.0,85.61,2018
15098,Surrey,Female,All ages,85.39,85.07,85.72,2019
15400,Surrey,Female,All ages,84.31,84.02,84.61,2020
15702,Surrey,Female,All ages,84.62,84.32,84.93,2021
16004,Surrey,Female,All ages,85.05,84.75,85.35,2022
