,Area Name,Sex,Age,Value,Lower CI 95.0 limit,Upper CI 95.0 limit,Time period Sortable
9519,Bristol,Female,All ages,80.41552,79.80743,81.02362,2001
9821,Bristol,Female,All ages,80.38365,79.77254,80.99476,2002
10123,Bristol,Female,All ages,80.60235,80.03337,81.17132,2003
10425,Bristol,Female,All ages,80.90481,80.29241,81.5172,2004
10727,Bristol,Female,All ages,81.014,80.40995,81.61804,2005
11029,Bristol,Female,All ages,81.50722,80.90761,82.10683,2006
11331,Bristol,Female,All ages,81.64249,81.06,82.22497,2007
11633,Bristol,Female,All ages,81.64526,81.0401,82.25043,2008
11935,Bristol,Female,All ages,82.21984,81.64506,82.79462,2009
12237,Bristol,Female,All ages,82.56154,82.00062,83.12246,2010
12537,Bristol,Female,All ages,82.58801,81.98795,83.18807,2011
12839,Bristol,Female,All ages,83.32,82.75,83.9,2012
13145,Bristol,Female,All ages,82.24,81.67,82.81,2013
13451,Bristol,Female,All ages,82.91,82.32,83.5,2014
13757,Bristol,Female,All ages,83.02,82.43,83.61,2015
14063,Bristol,Female,All ages,82.5,81.93,83.08,2016
14369,Bristol,Female,All ages,82.76,82.2,83.32,2017
14673,Bristol,Female,All ages,82.7,82.15,83.26,2018
14975,Bristol,Female,All ages,82.97,82.42,83.53,2019
15277,Bristol,Female,All ages,82.6,82.07,83.13,2020
15579,Bristol,Female,All ages,82.57,82.04,83.11,2021
15881,Bristol,Female,All ages,82.75,82.21,83.29,2022
