,Area Name,Sex,Age,Value,Lower CI 95.0 limit,Upper CI 95.0 limit,Time period Sortable
9483,Hertfordshire,Male,All ages,77.57911,77.21973,77.93848,2001
9785,Hertfordshire,Male,All ages,77.50861,77.14763,77.8696,2002
10087,Hertfordshire,Male,All ages,77.94769,77.58615,78.30923,2003
10389,Hertfordshire,Male,All ages,78.06793,77.70404,78.43182,2004
10691,Hertfordshire,Male,All ages,78.90349,78.54298,79.264,2005
10993,Hertfordshire,Male,All ages,78.90134,78.5455,79.25719,2006
11295,Hertfordshire,Male,All ages,79.2498,78.88613,79.61346,2007
11597,Hertfordshire,Male,All ages,79.21269,78.84675,79.57863,2008
11899,Hertfordshire,Male,All ages,79.83882,79.48121,80.19643,2009
12201,Hertfordshire,Male,All ages,80.07523,79.73202,80.41844,2010
12501,Hertfordshire,Male,All ages,80.37201,80.01972,80.72429,2011
12803,Hertfordshire,Male,All ages,80.43,80.09,80.77,2012
13109,Hertfordshire,Male,All ages,80.58,80.24,80.92,2013
13415,Hertfordshire,Male,All ages,80.8,80.46,81.15,2014
13721,Hertfordshire,Male,All ages,80.81,80.48,81.15,2015
14027,Hertfordshire,Male,All ages,81.3,80.97,81.63,2016
14333,Hertfordshire,Male,All ages,80.82,80.49,81.15,2017
14637,Hertfordshire,Male,All ages,80.63,80.29,80.97,2018
14939,Hertfordshire,Male,All ages,81.26,80.92,81.6,2019
15241,Hertfordshire,Male,All ages,80.06,79.74,80.38,2020
15543,Hertfordshire,Male,All ages,80.69,80.36,81.02,2021
15845,Hertfordshire,Male,All ages,80.93,80.59,81.26,2022
