,Area Name,Sex,Age,Value,Lower CI 95.0 limit,Upper CI 95.0 limit,Time period Sortable
9644,West Sussex,Female,All ages,81.80551,81.43449,82.17653,2001
9946,West Sussex,Female,All ages,81.59688,81.20402,81.98974,2002
10248,West Sussex,Female,All ages,82.09722,81.71866,82.47578,2003
10550,West Sussex,Female,All ages,82.53471,82.14018,82.92923,2004
10852,West Sussex,Female,All ages,81.89376,81.49527,82.29225,2005
11154,West Sussex,Female,All ages,82.39378,81.99299,82.79458,2006
11456,West Sussex,Female,All ages,82.83186,82.4465,83.21722,2007
11758,West Sussex,Female,All ages,82.89882,82.53258,83.26506,2008
12060,West Sussex,Female,All ages,83.72779,83.37169,84.08388,2009
12362,West Sussex,Female,All ages,83.37554,82.98962,83.76147,2010
12660,West Sussex,Female,All ages,83.8647,83.48998,84.23941,2011
12966,West Sussex,Female,All ages,83.97,83.6,84.33,2012
13272,West Sussex,Female,All ages,84.3,83.94,84.67,2013
13578,West Sussex,Female,All ages,84.27,83.88,84.66,2014
13884,West Sussex,Female,All ages,83.87,83.52,84.23,2015
14190,West Sussex,Female,All ages,84.36,84.01,84.71,2016
14496,West Sussex,Female,All ages,84.13,83.78,84.49,2017
14798,West Sussex,Female,All ages,84.09,83.71,84.46,2018
15100,West Sussex,Female,All ages,84.57,84.2,84.94,2019
15402,West Sussex,Female,All ages,83.95,83.6,84.3,2020
15704,West Sussex,Female,All ages,84.23,83.87,84.59,2021
16006,West Sussex,Female,All ages,84.29,83.93,84.65,2022
