,Area Name,Sex,Age,Value,Lower CI 95.0 limit,Upper CI 95.0 limit,Time period Sortable
9512,Leicester,Female,All ages,79.1325,78.39891,79.8661,2001
9814,Leicester,Female,All ages,79.22996,78.50357,79.95636,2002
10116,Leicester,Female,All ages,78.88517,78.16695,79.60339,2003
10418,Leicester,Female,All ages,79.23761,78.54074,79.93449,2004
10720,Leicester,Female,All ages,79.85652,79.17199,80.54104,2005
11022,Leicester,Female,All ages,79.96266,79.26519,80.66013,2006
11324,Leicester,Female,All ages,80.62741,79.93198,81.32283,2007
11626,Leicester,Female,All ages,79.97414,79.27836,80.66992,2008
11928,Leicester,Female,All ages,80.2404,79.49971,80.98109,2009
12230,Leicester,Female,All ages,81.14055,80.44576,81.83535,2010
12530,Leicester,Female,All ages,81.93428,81.23259,82.63596,2011
12832,Leicester,Female,All ages,81.91,81.22,82.61,2012
13138,Leicester,Female,All ages,81.34,80.67,82.02,2013
13444,Leicester,Female,All ages,81.84,81.17,82.5,2014
13750,Leicester,Female,All ages,81.63,80.99,82.26,2015
14056,Leicester,Female,All ages,81.52,80.86,82.18,2016
14362,Leicester,Female,All ages,82.36,81.75,82.98,2017
14666,Leicester,Female,All ages,81.85,81.2,82.5,2018
14968,Leicester,Female,All ages,82.37,81.74,83.01,2019
15270,Leicester,Female,All ages,80.49,79.9,81.08,2020
15572,Leicester,Female,All ages,79.72,79.03,80.42,2021
15874,Leicester,Female,All ages,80.93,80.28,81.57,2022
