,Area Name,Sex,Age,Value,Lower CI 95.0 limit,Upper CI 95.0 limit,Time period Sortable
9614,Lewisham,Female,All ages,78.69971,77.8711,79.52832,2001
9916,Lewisham,Female,All ages,79.17842,78.37748,79.97937,2002
10218,Lewisham,Female,All ages,79.31911,78.54002,80.0982,2003
10520,Lewisham,Female,All ages,80.41092,79.66977,81.15208,2004
10822,Lewisham,Female,All ages,79.82057,79.0278,80.61335,2005
11124,Lewisham,Female,All ages,81.27264,80.49709,82.04819,2006
11426,Lewisham,Female,All ages,81.71506,80.94572,82.48439,2007
11728,Lewisham,Female,All ages,80.41132,79.62195,81.20069,2008
12030,Lewisham,Female,All ages,82.45372,81.66396,83.24348,2009
12332,Lewisham,Female,All ages,81.99667,81.18634,82.807,2010
12630,Lewisham,Female,All ages,81.89951,81.1187,82.68032,2011
12936,Lewisham,Female,All ages,83.24,82.43,84.05,2012
13242,Lewisham,Female,All ages,83.16,82.37,83.95,2013
13548,Lewisham,Female,All ages,83.16,82.39,83.93,2014
13854,Lewisham,Female,All ages,82.87,82.12,83.63,2015
14160,Lewisham,Female,All ages,83.61,82.8,84.41,2016
14466,Lewisham,Female,All ages,84.22,83.47,84.96,2017
14768,Lewisham,Female,All ages,83.29,82.55,84.03,2018
15070,Lewisham,Female,All ages,83.5,82.7,84.3,2019
15372,Lewisham,Female,All ages,82.28,81.59,82.97,2020
15674,Lewisham,Female,All ages,82.15,81.43,82.88,2021
15976,Lewisham,Female,All ages,83.4,82.67,84.13,2022
