,Area Name,Sex,Age,Value,Lower CI 95.0 limit,Upper CI 95.0 limit,Time period Sortable
9419,Liverpool,Male,All ages,72.62131,72.04732,73.1953,2001
9721,Liverpool,Male,All ages,72.99467,72.42613,73.56322,2002
10023,Liverpool,Male,All ages,72.57893,71.9883,73.16956,2003
10325,Liverpool,Male,All ages,74.01598,73.45166,74.58031,2004
10627,Liverpool,Male,All ages,73.70016,73.0979,74.30243,2005
10929,Liverpool,Male,All ages,74.25048,73.67146,74.82951,2006
11231,Liverpool,Male,All ages,74.39117,73.82682,74.95552,2007
11533,Liverpool,Male,All ages,74.90366,74.33079,75.47654,2008
11835,Liverpool,Male,All ages,75.08531,74.49434,75.67628,2009
12137,Liverpool,Male,All ages,75.50343,74.95394,76.05291,2010
12437,Liverpool,Male,All ages,76.31289,75.73474,76.89105,2011
12739,Liverpool,Male,All ages,76.07,75.49,76.65,2012
13045,Liverpool,Male,All ages,76.09,75.53,76.66,2013
13351,Liverpool,Male,All ages,76.66,76.09,77.22,2014
13657,Liverpool,Male,All ages,76.15,75.59,76.7,2015
13963,Liverpool,Male,All ages,76.19,75.61,76.76,2016
14269,Liverpool,Male,All ages,75.77,75.19,76.34,2017
14573,Liverpool,Male,All ages,76.52,75.99,77.05,2018
14875,Liverpool,Male,All ages,77.13,76.58,77.67,2019
15177,Liverpool,Male,All ages,74.43,73.9,74.95,2020
15479,Liverpool,Male,All ages,75.83,75.27,76.39,2021
15781,Liverpool,Male,All ages,75.82,75.26,76.37,2022
