,Area Name,Sex,Age,Value,Lower CI 95.0 limit,Upper CI 95.0 limit,Time period Sortable
9371,North Somerset,Male,All ages,76.89417,75.93918,77.84917,2001
9673,North Somerset,Male,All ages,77.3239,76.42479,78.22301,2002
9975,North Somerset,Male,All ages,77.56983,76.71428,78.42537,2003
10277,North Somerset,Male,All ages,78.22267,77.38174,79.0636,2004
10579,North Somerset,Male,All ages,78.80323,78.02606,79.58039,2005
10881,North Somerset,Male,All ages,79.00891,78.18799,79.82983,2006
11183,North Somerset,Male,All ages,78.94703,78.0921,79.80196,2007
11485,North Somerset,Male,All ages,78.48803,77.61062,79.36545,2008
11787,North Somerset,Male,All ages,79.28206,78.4274,80.13673,2009
12089,North Somerset,Male,All ages,78.9301,78.06679,79.79341,2010
12391,North Somerset,Male,All ages,79.57034,78.72521,80.41547,2011
12689,North Somerset,Male,All ages,79.95,79.09,80.8,2012
12995,North Somerset,Male,All ages,80.58,79.78,81.38,2013
13301,North Somerset,Male,All ages,80.1,79.3,80.91,2014
13607,North Somerset,Male,All ages,80.35,79.53,81.17,2015
13913,North Somerset,Male,All ages,79.24,78.38,80.11,2016
14219,North Somerset,Male,All ages,80.57,79.8,81.33,2017
14525,North Somerset,Male,All ages,80.09,79.29,80.9,2018
14827,North Somerset,Male,All ages,81.25,80.5,82.0,2019
15129,North Somerset,Male,All ages,80.12,79.38,80.86,2020
15431,North Somerset,Male,All ages,80.72,79.94,81.5,2021
15733,North Somerset,Male,All ages,81.04,80.32,81.76,2022
