,Area Name,Sex,Age,Value,Lower CI 95.0 limit,Upper CI 95.0 limit,Time period Sortable
9596,Brent,Female,All ages,81.36306,80.52187,82.20426,2001
9898,Brent,Female,All ages,81.39873,80.55324,82.24422,2002
10200,Brent,Female,All ages,81.92646,81.12488,82.72803,2003
10502,Brent,Female,All ages,82.97821,82.18331,83.77311,2004
10804,Brent,Female,All ages,82.95647,82.13776,83.77518,2005
11106,Brent,Female,All ages,83.38964,82.52832,84.25095,2006
11408,Brent,Female,All ages,83.93451,83.04987,84.81915,2007
11710,Brent,Female,All ages,83.24595,82.42276,84.06915,2008
12012,Brent,Female,All ages,83.62238,82.78973,84.45502,2009
12314,Brent,Female,All ages,83.87645,83.12055,84.63235,2010
12612,Brent,Female,All ages,84.73607,83.90346,85.56868,2011
12918,Brent,Female,All ages,83.94,83.19,84.69,2012
13224,Brent,Female,All ages,84.56,83.77,85.34,2013
13530,Brent,Female,All ages,85.23,84.4,86.06,2014
13836,Brent,Female,All ages,84.67,83.93,85.4,2015
14142,Brent,Female,All ages,84.94,84.19,85.68,2016
14448,Brent,Female,All ages,84.69,83.97,85.41,2017
14750,Brent,Female,All ages,84.82,84.06,85.58,2018
15052,Brent,Female,All ages,85.8,85.01,86.59,2019
15354,Brent,Female,All ages,83.44,82.77,84.11,2020
15656,Brent,Female,All ages,83.74,83.04,84.44,2021
15958,Brent,Female,All ages,85.71,85.01,86.42,2022
