,Area Name,Sex,Age,Value,Lower CI 95.0 limit,Upper CI 95.0 limit,Time period Sortable
9557,Bolton,Female,All ages,79.67199,78.97317,80.3708,2001
9859,Bolton,Female,All ages,79.39982,78.67834,80.1213,2002
10161,Bolton,Female,All ages,78.52286,77.80809,79.23762,2003
10463,Bolton,Female,All ages,79.27199,78.58656,79.95741,2004
10765,Bolton,Female,All ages,79.25597,78.54273,79.9692,2005
11067,Bolton,Female,All ages,79.91815,79.16333,80.67298,2006
11369,Bolton,Female,All ages,79.60378,78.90089,80.30667,2007
11671,Bolton,Female,All ages,79.81569,79.05047,80.5809,2008
11973,Bolton,Female,All ages,80.39587,79.6876,81.10414,2009
12275,Bolton,Female,All ages,80.97021,80.24165,81.69877,2010
12573,Bolton,Female,All ages,81.43637,80.76861,82.10413,2011
12879,Bolton,Female,All ages,81.52,80.81,82.23,2012
13185,Bolton,Female,All ages,81.91,81.27,82.54,2013
13491,Bolton,Female,All ages,81.48,80.8,82.16,2014
13797,Bolton,Female,All ages,81.47,80.82,82.13,2015
14103,Bolton,Female,All ages,81.42,80.72,82.12,2016
14409,Bolton,Female,All ages,82.17,81.53,82.82,2017
14711,Bolton,Female,All ages,81.38,80.69,82.08,2018
15013,Bolton,Female,All ages,82.26,81.58,82.94,2019
15315,Bolton,Female,All ages,80.34,79.71,80.98,2020
15617,Bolton,Female,All ages,80.8,80.13,81.48,2021
15919,Bolton,Female,All ages,81.1,80.41,81.8,2022
