,Area Name,Sex,Age,Value,Lower CI 95.0 limit,Upper CI 95.0 limit,Time period Sortable
9634,Lancashire,Female,All ages,79.76576,79.42545,80.10607,2001
9936,Lancashire,Female,All ages,79.85493,79.51802,80.19183,2002
10238,Lancashire,Female,All ages,79.91772,79.57564,80.25981,2003
10540,Lancashire,Female,All ages,80.49502,80.15922,80.83081,2004
10842,Lancashire,Female,All ages,80.54563,80.21255,80.87872,2005
11144,Lancashire,Female,All ages,80.94514,80.61055,81.27973,2006
11446,Lancashire,Female,All ages,80.96079,80.63776,81.28383,2007
11748,Lancashire,Female,All ages,81.00226,80.68138,81.32315,2008
12050,Lancashire,Female,All ages,81.21532,80.88145,81.5492,2009
12352,Lancashire,Female,All ages,81.76296,81.42838,82.09753,2010
12650,Lancashire,Female,All ages,81.81411,81.47105,82.15718,2011
12956,Lancashire,Female,All ages,82.02,81.7,82.34,2012
13262,Lancashire,Female,All ages,81.89,81.57,82.21,2013
13568,Lancashire,Female,All ages,82.33,82.0,82.66,2014
13874,Lancashire,Female,All ages,82.06,81.74,82.39,2015
14180,Lancashire,Female,All ages,82.03,81.7,82.36,2016
14486,Lancashire,Female,All ages,82.35,82.03,82.67,2017
14788,Lancashire,Female,All ages,82.14,81.82,82.46,2018
15090,Lancashire,Female,All ages,82.33,82.01,82.66,2019
15392,Lancashire,Female,All ages,81.48,81.17,81.8,2020
15694,Lancashire,Female,All ages,81.74,81.42,82.07,2021
15996,Lancashire,Female,All ages,82.1,81.78,82.42,2022
