,Area Name,Sex,Age,Value,Lower CI 95.0 limit,Upper CI 95.0 limit,Time period Sortable
9524,Swindon,Female,All ages,80.21393,79.31166,81.11619,2001
9826,Swindon,Female,All ages,79.79838,78.9611,80.63566,2002
10128,Swindon,Female,All ages,80.16846,79.30255,81.03438,2003
10430,Swindon,Female,All ages,81.15861,80.30977,82.00744,2004
10732,Swindon,Female,All ages,80.94181,80.11751,81.76611,2005
11034,Swindon,Female,All ages,81.38012,80.55827,82.20197,2006
11336,Swindon,Female,All ages,81.84032,81.06167,82.61896,2007
11638,Swindon,Female,All ages,82.39441,81.55755,83.23127,2008
11940,Swindon,Female,All ages,82.61837,81.77297,83.46377,2009
12242,Swindon,Female,All ages,82.64603,81.83993,83.45213,2010
12542,Swindon,Female,All ages,82.20777,81.4179,82.99764,2011
12844,Swindon,Female,All ages,82.77,81.99,83.54,2012
13150,Swindon,Female,All ages,82.93,82.14,83.72,2013
13456,Swindon,Female,All ages,82.9,82.09,83.7,2014
13762,Swindon,Female,All ages,82.69,81.93,83.44,2015
14068,Swindon,Female,All ages,83.51,82.75,84.26,2016
14374,Swindon,Female,All ages,82.91,82.19,83.64,2017
14678,Swindon,Female,All ages,83.54,82.83,84.25,2018
14980,Swindon,Female,All ages,84.0,83.26,84.74,2019
15282,Swindon,Female,All ages,83.27,82.58,83.96,2020
15584,Swindon,Female,All ages,83.39,82.62,84.16,2021
15886,Swindon,Female,All ages,83.69,83.01,84.37,2022
