,Area Name,Sex,Age,Value,Lower CI 95.0 limit,Upper CI 95.0 limit,Time period Sortable
9445,Barnet,Male,All ages,77.45474,76.75712,78.15236,2001
9747,Barnet,Male,All ages,78.17759,77.49912,78.85606,2002
10049,Barnet,Male,All ages,78.31861,77.64157,78.99564,2003
10351,Barnet,Male,All ages,78.33393,77.62282,79.04503,2004
10653,Barnet,Male,All ages,78.67099,77.93774,79.40424,2005
10955,Barnet,Male,All ages,79.55079,78.83032,80.27126,2006
11257,Barnet,Male,All ages,79.76255,79.07107,80.45403,2007
11559,Barnet,Male,All ages,80.1057,79.43858,80.77281,2008
11861,Barnet,Male,All ages,79.99451,79.31136,80.67765,2009
12163,Barnet,Male,All ages,80.21028,79.52055,80.90001,2010
12463,Barnet,Male,All ages,81.5863,80.90506,82.26755,2011
12765,Barnet,Male,All ages,81.8,81.13,82.47,2012
13071,Barnet,Male,All ages,81.49,80.85,82.13,2013
13377,Barnet,Male,All ages,82.36,81.71,83.0,2014
13683,Barnet,Male,All ages,81.42,80.76,82.08,2015
13989,Barnet,Male,All ages,81.68,81.06,82.29,2016
14295,Barnet,Male,All ages,82.42,81.77,83.07,2017
14599,Barnet,Male,All ages,82.05,81.43,82.67,2018
14901,Barnet,Male,All ages,82.58,81.91,83.25,2019
15203,Barnet,Male,All ages,79.89,79.29,80.49,2020
15505,Barnet,Male,All ages,80.38,79.74,81.01,2021
15807,Barnet,Male,All ages,82.36,81.76,82.96,2022
