,Area Name,Sex,Age,Value,Lower CI 95.0 limit,Upper CI 95.0 limit,Time period Sortable
9542,Cheshire East,Female,All ages,80.96377,80.38048,81.54705,2001
9844,Cheshire East,Female,All ages,81.03032,80.43044,81.63021,2002
10146,Cheshire East,Female,All ages,81.59586,81.03798,82.15374,2003
10448,Cheshire East,Female,All ages,81.03342,80.40194,81.6649,2004
10750,Cheshire East,Female,All ages,81.89771,81.28744,82.50799,2005
11052,Cheshire East,Female,All ages,82.4634,81.90167,83.02513,2006
11354,Cheshire East,Female,All ages,82.60134,82.04961,83.15307,2007
11656,Cheshire East,Female,All ages,82.37569,81.80076,82.95062,2008
11958,Cheshire East,Female,All ages,82.81424,82.26675,83.36172,2009
12260,Cheshire East,Female,All ages,83.1331,82.59111,83.67509,2010
12560,Cheshire East,Female,All ages,83.36925,82.77315,83.96535,2011
12862,Cheshire East,Female,All ages,83.26,82.73,83.8,2012
13168,Cheshire East,Female,All ages,83.84,83.31,84.37,2013
13474,Cheshire East,Female,All ages,83.98,83.38,84.58,2014
13780,Cheshire East,Female,All ages,83.25,82.69,83.82,2015
14086,Cheshire East,Female,All ages,83.91,83.38,84.43,2016
14392,Cheshire East,Female,All ages,83.87,83.33,84.42,2017
14696,Cheshire East,Female,All ages,84.04,83.53,84.55,2018
14998,Cheshire East,Female,All ages,84.19,83.67,84.7,2019
15300,Cheshire East,Female,All ages,82.96,82.44,83.49,2020
15602,Cheshire East,Female,All ages,83.93,83.37,84.49,2021
15904,Cheshire East,Female,All ages,83.77,83.25,84.3,2022
