,Area Name,Sex,Age,Value,Lower CI 95.0 limit,Upper CI 95.0 limit,Time period Sortable
9520,North Somerset,Female,All ages,81.4473,80.63937,82.25523,2001
9822,North Somerset,Female,All ages,81.47219,80.68646,82.25793,2002
10124,North Somerset,Female,All ages,81.62796,80.79149,82.46444,2003
10426,North Somerset,Female,All ages,82.98905,82.22998,83.74813,2004
10728,North Somerset,Female,All ages,82.12056,81.33925,82.90188,2005
11030,North Somerset,Female,All ages,82.88244,82.11772,83.64715,2006
11332,North Somerset,Female,All ages,83.04633,82.30282,83.78984,2007
11634,North Somerset,Female,All ages,83.00162,82.27108,83.73216,2008
11936,North Somerset,Female,All ages,84.09433,83.37918,84.80949,2009
12238,North Somerset,Female,All ages,83.21492,82.43282,83.99702,2010
12538,North Somerset,Female,All ages,83.05958,82.28833,83.83084,2011
12840,North Somerset,Female,All ages,83.9,83.15,84.65,2012
13146,North Somerset,Female,All ages,83.29,82.54,84.03,2013
13452,North Somerset,Female,All ages,84.22,83.45,84.99,2014
13758,North Somerset,Female,All ages,83.0,82.26,83.74,2015
14064,North Somerset,Female,All ages,83.61,82.91,84.31,2016
14370,North Somerset,Female,All ages,84.1,83.41,84.8,2017
14674,North Somerset,Female,All ages,84.3,83.61,84.99,2018
14976,North Somerset,Female,All ages,85.39,84.7,86.07,2019
15278,North Somerset,Female,All ages,84.02,83.37,84.67,2020
15580,North Somerset,Female,All ages,83.94,83.24,84.63,2021
15882,North Somerset,Female,All ages,83.82,83.14,84.5,2022
