,Area Name,Sex,Age,Value,Lower CI 95.0 limit,Upper CI 95.0 limit,Time period Sortable
9499,Redcar and Cleveland,Female,All ages,79.41348,78.45148,80.37548,2001
9801,Redcar and Cleveland,Female,All ages,79.49762,78.60162,80.39361,2002
10103,Redcar and Cleveland,Female,All ages,79.69808,78.71196,80.68421,2003
10405,Redcar and Cleveland,Female,All ages,80.70267,79.67514,81.73019,2004
10707,Redcar and Cleveland,Female,All ages,80.03256,79.0192,81.04592,2005
11009,Redcar and Cleveland,Female,All ages,79.95812,78.9779,80.93834,2006
11311,Redcar and Cleveland,Female,All ages,81.41711,80.47574,82.35847,2007
11613,Redcar and Cleveland,Female,All ages,80.64602,79.7321,81.55994,2008
11915,Redcar and Cleveland,Female,All ages,81.77503,80.84262,82.70743,2009
12217,Redcar and Cleveland,Female,All ages,81.79827,80.74136,82.85518,2010
12517,Redcar and Cleveland,Female,All ages,81.70784,80.83578,82.5799,2011
12819,Redcar and Cleveland,Female,All ages,81.98,81.05,82.91,2012
13125,Redcar and Cleveland,Female,All ages,81.91,81.0,82.83,2013
13431,Redcar and Cleveland,Female,All ages,81.9,80.91,82.89,2014
13737,Redcar and Cleveland,Female,All ages,81.47,80.55,82.39,2015
14043,Redcar and Cleveland,Female,All ages,81.65,80.66,82.64,2016
14349,Redcar and Cleveland,Female,All ages,81.46,80.49,82.42,2017
14653,Redcar and Cleveland,Female,All ages,82.15,81.27,83.02,2018
14955,Redcar and Cleveland,Female,All ages,81.55,80.61,82.49,2019
15257,Redcar and Cleveland,Female,All ages,80.71,79.74,81.68,2020
15559,Redcar and Cleveland,Female,All ages,81.18,80.24,82.12,2021
15861,Redcar and Cleveland,Female,All ages,81.1,80.09,82.1,2022
