,Area Name,Sex,Age,Value,Lower CI 95.0 limit,Upper CI 95.0 limit,Time period Sortable
9569,St. Helens,Female,All ages,78.58304,77.73531,79.43076,2001
9871,St. Helens,Female,All ages,79.70545,78.89493,80.51596,2002
10173,St. Helens,Female,All ages,78.56645,77.67934,79.45356,2003
10475,St. Helens,Female,All ages,80.09205,79.2381,80.946,2004
10777,St. Helens,Female,All ages,79.64171,78.75333,80.5301,2005
11079,St. Helens,Female,All ages,80.6308,79.71553,81.54606,2006
11381,St. Helens,Female,All ages,79.45764,78.59112,80.32415,2007
11683,St. Helens,Female,All ages,80.41288,79.59108,81.23469,2008
11985,St. Helens,Female,All ages,80.72057,79.92757,81.51357,2009
12287,St. Helens,Female,All ages,81.43042,80.68187,82.17896,2010
12585,St. Helens,Female,All ages,81.71986,80.91882,82.52091,2011
12891,St. Helens,Female,All ages,81.48,80.63,82.32,2012
13197,St. Helens,Female,All ages,81.53,80.74,82.33,2013
13503,St. Helens,Female,All ages,81.35,80.51,82.2,2014
13809,St. Helens,Female,All ages,80.92,80.1,81.74,2015
14115,St. Helens,Female,All ages,80.77,79.95,81.58,2016
14421,St. Helens,Female,All ages,81.3,80.44,82.17,2017
14723,St. Helens,Female,All ages,81.07,80.22,81.92,2018
15025,St. Helens,Female,All ages,81.62,80.84,82.4,2019
15327,St. Helens,Female,All ages,80.72,79.9,81.54,2020
15629,St. Helens,Female,All ages,80.48,79.65,81.3,2021
15931,St. Helens,Female,All ages,80.15,79.21,81.09,2022
