,Area Name,Sex,Age,Value,Lower CI 95.0 limit,Upper CI 95.0 limit,Time period Sortable
9444,Barking and Dagenham,Male,All ages,74.60826,73.69646,75.52005,2001
9746,Barking and Dagenham,Male,All ages,74.69285,73.67411,75.71159,2002
10048,Barking and Dagenham,Male,All ages,74.38862,73.50056,75.27667,2003
10350,Barking and Dagenham,Male,All ages,75.56132,74.57419,76.54845,2004
10652,Barking and Dagenham,Male,All ages,75.66166,74.74441,76.5789,2005
10954,Barking and Dagenham,Male,All ages,75.96397,74.97785,76.95008,2006
11256,Barking and Dagenham,Male,All ages,76.45515,75.40016,77.51014,2007
11558,Barking and Dagenham,Male,All ages,75.66688,74.65399,76.67976,2008
11860,Barking and Dagenham,Male,All ages,76.15477,75.16786,77.14169,2009
12162,Barking and Dagenham,Male,All ages,77.55109,76.52722,78.57496,2010
12462,Barking and Dagenham,Male,All ages,77.62168,76.67381,78.56956,2011
12764,Barking and Dagenham,Male,All ages,77.35,76.36,78.34,2012
13070,Barking and Dagenham,Male,All ages,77.7,76.7,78.69,2013
13376,Barking and Dagenham,Male,All ages,77.39,76.4,78.37,2014
13682,Barking and Dagenham,Male,All ages,77.22,76.29,78.16,2015
13988,Barking and Dagenham,Male,All ages,77.67,76.72,78.62,2016
14294,Barking and Dagenham,Male,All ages,78.16,77.25,79.07,2017
14598,Barking and Dagenham,Male,All ages,77.5,76.59,78.41,2018
14900,Barking and Dagenham,Male,All ages,77.84,76.94,78.75,2019
15202,Barking and Dagenham,Male,All ages,75.35,74.51,76.18,2020
15504,Barking and Dagenham,Male,All ages,75.59,74.71,76.47,2021
15806,Barking and Dagenham,Male,All ages,77.98,77.1,78.86,2022
