,Area Name,Sex,Age,Value,Lower CI 95.0 limit,Upper CI 95.0 limit,Time period Sortable
9479,East Sussex,Male,All ages,76.82653,76.24626,77.4068,2001
9781,East Sussex,Male,All ages,77.35094,76.80955,77.89232,2002
10083,East Sussex,Male,All ages,77.77589,77.23301,78.31878,2003
10385,East Sussex,Male,All ages,77.38505,76.80794,77.96216,2004
10687,East Sussex,Male,All ages,78.28442,77.71726,78.85158,2005
10989,East Sussex,Male,All ages,78.51317,77.98245,79.04389,2006
11291,East Sussex,Male,All ages,79.46292,78.93297,79.99286,2007
11593,East Sussex,Male,All ages,79.36512,78.83086,79.89937,2008
11895,East Sussex,Male,All ages,79.19472,78.65432,79.73512,2009
12197,East Sussex,Male,All ages,79.24622,78.7197,79.77275,2010
12497,East Sussex,Male,All ages,79.64086,79.09703,80.18469,2011
12799,East Sussex,Male,All ages,80.22,79.72,80.71,2012
13105,East Sussex,Male,All ages,79.75,79.24,80.26,2013
13411,East Sussex,Male,All ages,80.54,80.01,81.06,2014
13717,East Sussex,Male,All ages,79.91,79.4,80.42,2015
14023,East Sussex,Male,All ages,80.06,79.55,80.58,2016
14329,East Sussex,Male,All ages,80.23,79.72,80.73,2017
14633,East Sussex,Male,All ages,79.68,79.14,80.21,2018
14935,East Sussex,Male,All ages,79.93,79.4,80.47,2019
15237,East Sussex,Male,All ages,79.74,79.24,80.24,2020
15539,East Sussex,Male,All ages,79.11,78.61,79.62,2021
15841,East Sussex,Male,All ages,80.43,79.95,80.91,2022
