,Area Name,Sex,Age,Value,Lower CI 95.0 limit,Upper CI 95.0 limit,Time period Sortable
9600,Ealing,Female,All ages,80.96619,80.26016,81.67223,2001
9902,Ealing,Female,All ages,81.12211,80.39485,81.84938,2002
10204,Ealing,Female,All ages,81.42709,80.70904,82.14515,2003
10506,Ealing,Female,All ages,81.33863,80.6261,82.05117,2004
10808,Ealing,Female,All ages,82.05784,81.32821,82.78747,2005
11110,Ealing,Female,All ages,82.75583,81.99481,83.51685,2006
11412,Ealing,Female,All ages,83.35724,82.64438,84.0701,2007
11714,Ealing,Female,All ages,82.34646,81.65868,83.03423,2008
12016,Ealing,Female,All ages,83.17114,82.46452,83.87777,2009
12318,Ealing,Female,All ages,83.52569,82.77455,84.27684,2010
12616,Ealing,Female,All ages,84.14742,83.44702,84.84782,2011
12922,Ealing,Female,All ages,84.07,83.39,84.75,2012
13228,Ealing,Female,All ages,84.01,83.33,84.7,2013
13534,Ealing,Female,All ages,83.91,83.24,84.58,2014
13840,Ealing,Female,All ages,84.05,83.37,84.72,2015
14146,Ealing,Female,All ages,84.6,83.89,85.31,2016
14452,Ealing,Female,All ages,84.99,84.33,85.64,2017
14754,Ealing,Female,All ages,84.54,83.88,85.2,2018
15056,Ealing,Female,All ages,84.36,83.67,85.05,2019
15358,Ealing,Female,All ages,83.26,82.68,83.85,2020
15660,Ealing,Female,All ages,83.81,83.17,84.46,2021
15962,Ealing,Female,All ages,84.91,84.27,85.55,2022
