,Area Name,Sex,Age,Value,Lower CI 95.0 limit,Upper CI 95.0 limit,Time period Sortable
9566,Wigan,Female,All ages,78.00962,77.3674,78.65183,2001
9868,Wigan,Female,All ages,79.30921,78.70265,79.91577,2002
10170,Wigan,Female,All ages,78.57694,77.92921,79.22467,2003
10472,Wigan,Female,All ages,79.70742,79.10511,80.30973,2004
10774,Wigan,Female,All ages,79.8873,79.25986,80.51474,2005
11076,Wigan,Female,All ages,79.33498,78.65567,80.01429,2006
11378,Wigan,Female,All ages,79.41675,78.77841,80.05508,2007
11680,Wigan,Female,All ages,80.42106,79.83046,81.01165,2008
11982,Wigan,Female,All ages,80.89921,80.26819,81.53023,2009
12284,Wigan,Female,All ages,80.59012,79.96837,81.21187,2010
12582,Wigan,Female,All ages,80.75768,80.13903,81.37634,2011
12888,Wigan,Female,All ages,80.95,80.34,81.56,2012
13194,Wigan,Female,All ages,81.03,80.4,81.66,2013
13500,Wigan,Female,All ages,82.02,81.4,82.64,2014
13806,Wigan,Female,All ages,80.74,80.09,81.4,2015
14112,Wigan,Female,All ages,81.04,80.45,81.64,2016
14418,Wigan,Female,All ages,81.03,80.44,81.63,2017
14720,Wigan,Female,All ages,81.62,81.06,82.17,2018
15022,Wigan,Female,All ages,81.74,81.09,82.4,2019
15324,Wigan,Female,All ages,80.5,79.88,81.12,2020
15626,Wigan,Female,All ages,80.84,80.18,81.5,2021
15928,Wigan,Female,All ages,80.65,80.04,81.25,2022
