,Area Name,Sex,Age,Value,Lower CI 95.0 limit,Upper CI 95.0 limit,Time period Sortable
9490,Oxfordshire,Male,All ages,77.53945,77.05121,78.02768,2001
9792,Oxfordshire,Male,All ages,77.70615,77.228,78.1843,2002
10094,Oxfordshire,Male,All ages,78.40638,77.93609,78.87667,2003
10396,Oxfordshire,Male,All ages,78.5109,78.02963,78.99217,2004
10698,Oxfordshire,Male,All ages,79.14333,78.67301,79.61364,2005
11000,Oxfordshire,Male,All ages,78.58011,78.09071,79.0695,2006
11302,Oxfordshire,Male,All ages,79.59292,79.10992,80.07592,2007
11604,Oxfordshire,Male,All ages,79.2347,78.75792,79.71149,2008
11906,Oxfordshire,Male,All ages,79.85441,79.37216,80.33666,2009
12208,Oxfordshire,Male,All ages,80.19906,79.72401,80.67411,2010
12508,Oxfordshire,Male,All ages,80.25088,79.78205,80.71971,2011
12810,Oxfordshire,Male,All ages,80.74,80.29,81.19,2012
13116,Oxfordshire,Male,All ages,80.92,80.47,81.37,2013
13422,Oxfordshire,Male,All ages,80.94,80.48,81.39,2014
13728,Oxfordshire,Male,All ages,81.66,81.22,82.1,2015
14034,Oxfordshire,Male,All ages,81.33,80.89,81.77,2016
14340,Oxfordshire,Male,All ages,81.53,81.08,81.98,2017
14644,Oxfordshire,Male,All ages,81.8,81.38,82.22,2018
14946,Oxfordshire,Male,All ages,81.44,81.01,81.86,2019
15248,Oxfordshire,Male,All ages,81.14,80.74,81.54,2020
15550,Oxfordshire,Male,All ages,81.03,80.6,81.45,2021
15852,Oxfordshire,Male,All ages,81.26,80.83,81.69,2022
