,Area Name,Sex,Age,Value,Lower CI 95.0 limit,Upper CI 95.0 limit,Time period Sortable
9477,Derbyshire,Male,All ages,76.04757,75.60625,76.4889,2001
9779,Derbyshire,Male,All ages,76.18262,75.75536,76.60988,2002
10081,Derbyshire,Male,All ages,76.15705,75.71689,76.59722,2003
10383,Derbyshire,Male,All ages,77.19454,76.75944,77.62964,2004
10685,Derbyshire,Male,All ages,77.46272,77.04396,77.88148,2005
10987,Derbyshire,Male,All ages,77.72238,77.30019,78.14457,2006
11289,Derbyshire,Male,All ages,77.61797,77.18111,78.05484,2007
11591,Derbyshire,Male,All ages,77.85006,77.4188,78.28131,2008
11893,Derbyshire,Male,All ages,78.72913,78.2993,79.15897,2009
12195,Derbyshire,Male,All ages,79.07576,78.65511,79.49641,2010
12495,Derbyshire,Male,All ages,79.00103,78.57604,79.42601,2011
12797,Derbyshire,Male,All ages,79.61,79.21,80.0,2012
13103,Derbyshire,Male,All ages,79.44,79.05,79.84,2013
13409,Derbyshire,Male,All ages,79.17,78.75,79.59,2014
13715,Derbyshire,Male,All ages,78.83,78.41,79.25,2015
14021,Derbyshire,Male,All ages,79.28,78.86,79.69,2016
14327,Derbyshire,Male,All ages,79.58,79.18,79.98,2017
14631,Derbyshire,Male,All ages,79.33,78.91,79.75,2018
14933,Derbyshire,Male,All ages,79.45,79.03,79.88,2019
15235,Derbyshire,Male,All ages,78.29,77.88,78.7,2020
15537,Derbyshire,Male,All ages,78.47,78.05,78.88,2021
15839,Derbyshire,Male,All ages,79.1,78.68,79.53,2022
