,Area Name,Sex,Age,Value,Lower CI 95.0 limit,Upper CI 95.0 limit,Time period Sortable
9418,Knowsley,Male,All ages,73.28115,72.27217,74.29014,2001
9720,Knowsley,Male,All ages,73.3841,72.39081,74.37739,2002
10022,Knowsley,Male,All ages,73.49352,72.52465,74.46238,2003
10324,Knowsley,Male,All ages,73.92271,72.93133,74.91409,2004
10626,Knowsley,Male,All ages,74.1143,73.10432,75.12427,2005
10928,Knowsley,Male,All ages,74.80049,73.85853,75.74245,2006
11230,Knowsley,Male,All ages,75.21886,74.22857,76.20915,2007
11532,Knowsley,Male,All ages,75.98186,74.96319,77.00053,2008
11834,Knowsley,Male,All ages,76.12984,75.11622,77.14346,2009
12136,Knowsley,Male,All ages,76.42388,75.33276,77.51501,2010
12436,Knowsley,Male,All ages,76.46035,75.40635,77.51436,2011
12738,Knowsley,Male,All ages,76.87,75.82,77.93,2012
13044,Knowsley,Male,All ages,76.49,75.49,77.49,2013
13350,Knowsley,Male,All ages,77.0,76.05,77.96,2014
13656,Knowsley,Male,All ages,76.77,75.78,77.76,2015
13962,Knowsley,Male,All ages,76.23,75.27,77.19,2016
14268,Knowsley,Male,All ages,76.95,75.99,77.9,2017
14572,Knowsley,Male,All ages,76.67,75.69,77.66,2018
14874,Knowsley,Male,All ages,76.9,75.93,77.87,2019
15176,Knowsley,Male,All ages,75.51,74.54,76.48,2020
15478,Knowsley,Male,All ages,75.7,74.73,76.67,2021
15780,Knowsley,Male,All ages,76.55,75.6,77.49,2022
