,Area Name,Sex,Age,Value,Lower CI 95.0 limit,Upper CI 95.0 limit,Time period Sortable
9476,Cambridgeshire,Male,All ages,77.19463,76.66431,77.72495,2001
9778,Cambridgeshire,Male,All ages,77.54649,77.04699,78.04599,2002
10080,Cambridgeshire,Male,All ages,77.70388,77.20644,78.20131,2003
10382,Cambridgeshire,Male,All ages,78.26753,77.7633,78.77176,2004
10684,Cambridgeshire,Male,All ages,78.7447,78.24587,79.24353,2005
10986,Cambridgeshire,Male,All ages,78.77981,78.28593,79.27368,2006
11288,Cambridgeshire,Male,All ages,79.25712,78.76083,79.7534,2007
11590,Cambridgeshire,Male,All ages,79.56718,79.09002,80.04434,2008
11892,Cambridgeshire,Male,All ages,79.87181,79.38448,80.35914,2009
12194,Cambridgeshire,Male,All ages,80.26224,79.78009,80.74439,2010
12494,Cambridgeshire,Male,All ages,81.17927,80.70636,81.65219,2011
12796,Cambridgeshire,Male,All ages,81.11,80.64,81.59,2012
13102,Cambridgeshire,Male,All ages,80.82,80.36,81.28,2013
13408,Cambridgeshire,Male,All ages,81.16,80.7,81.62,2014
13714,Cambridgeshire,Male,All ages,80.62,80.17,81.06,2015
14020,Cambridgeshire,Male,All ages,81.23,80.78,81.69,2016
14326,Cambridgeshire,Male,All ages,81.04,80.59,81.48,2017
14630,Cambridgeshire,Male,All ages,81.08,80.63,81.52,2018
14932,Cambridgeshire,Male,All ages,81.23,80.78,81.67,2019
15234,Cambridgeshire,Male,All ages,80.64,80.21,81.07,2020
15536,Cambridgeshire,Male,All ages,80.88,80.45,81.31,2021
15838,Cambridgeshire,Male,All ages,80.88,80.42,81.34,2022
