,Area Name,Sex,Age,Value,Lower CI 95.0 limit,Upper CI 95.0 limit,Time period Sortable
9375,Swindon,Male,All ages,75.48874,74.55684,76.42064,2001
9677,Swindon,Male,All ages,76.45663,75.56582,77.34744,2002
9979,Swindon,Male,All ages,77.18948,76.32031,78.05866,2003
10281,Swindon,Male,All ages,77.67293,76.78698,78.55887,2004
10583,Swindon,Male,All ages,77.29931,76.45752,78.14111,2005
10885,Swindon,Male,All ages,77.33157,76.49654,78.16659,2006
11187,Swindon,Male,All ages,78.11767,77.25469,78.98066,2007
11489,Swindon,Male,All ages,77.79237,76.94371,78.64102,2008
11791,Swindon,Male,All ages,78.85432,78.00926,79.69937,2009
12093,Swindon,Male,All ages,78.73168,77.85858,79.60477,2010
12395,Swindon,Male,All ages,79.44393,78.64035,80.24752,2011
12693,Swindon,Male,All ages,79.17,78.33,80.01,2012
12999,Swindon,Male,All ages,78.94,78.16,79.73,2013
13305,Swindon,Male,All ages,80.14,79.34,80.95,2014
13611,Swindon,Male,All ages,79.67,78.87,80.48,2015
13917,Swindon,Male,All ages,79.96,79.2,80.73,2016
14223,Swindon,Male,All ages,79.75,78.98,80.52,2017
14529,Swindon,Male,All ages,80.56,79.79,81.32,2018
14831,Swindon,Male,All ages,80.3,79.52,81.08,2019
15133,Swindon,Male,All ages,78.83,78.08,79.58,2020
15435,Swindon,Male,All ages,79.64,78.87,80.4,2021
15737,Swindon,Male,All ages,79.31,78.55,80.08,2022
