,Area Name,Sex,Age,Value,Lower CI 95.0 limit,Upper CI 95.0 limit,Time period Sortable
9611,Kensington and Chelsea,Female,All ages,83.58222,82.50843,84.656,2001
9913,Kensington and Chelsea,Female,All ages,84.41728,83.31118,85.52339,2002
10215,Kensington and Chelsea,Female,All ages,85.04037,83.93043,86.15032,2003
10517,Kensington and Chelsea,Female,All ages,85.56538,84.42262,86.70813,2004
10819,Kensington and Chelsea,Female,All ages,84.50968,83.47187,85.54749,2005
11121,Kensington and Chelsea,Female,All ages,86.30228,85.03747,87.5671,2006
11423,Kensington and Chelsea,Female,All ages,85.76355,84.65836,86.86875,2007
11725,Kensington and Chelsea,Female,All ages,85.57152,84.46838,86.67467,2008
12027,Kensington and Chelsea,Female,All ages,86.07896,84.81259,87.34534,2009
12329,Kensington and Chelsea,Female,All ages,86.10524,84.94488,87.26561,2010
12627,Kensington and Chelsea,Female,All ages,85.2984,84.2281,86.36871,2011
12933,Kensington and Chelsea,Female,All ages,84.97,83.9,86.05,2012
13239,Kensington and Chelsea,Female,All ages,87.07,85.86,88.27,2013
13545,Kensington and Chelsea,Female,All ages,85.6,84.47,86.72,2014
13851,Kensington and Chelsea,Female,All ages,85.69,84.68,86.7,2015
14157,Kensington and Chelsea,Female,All ages,86.54,85.55,87.52,2016
14463,Kensington and Chelsea,Female,All ages,84.37,83.13,85.6,2017
14765,Kensington and Chelsea,Female,All ages,87.22,86.15,88.28,2018
15067,Kensington and Chelsea,Female,All ages,86.28,85.06,87.5,2019
15369,Kensington and Chelsea,Female,All ages,86.18,85.01,87.35,2020
15671,Kensington and Chelsea,Female,All ages,85.89,84.87,86.9,2021
15973,Kensington and Chelsea,Female,All ages,87.02,85.96,88.08,2022
