,Area Name,Sex,Age,Value,Lower CI 95.0 limit,Upper CI 95.0 limit,Time period Sortable
9503,Warrington,Female,All ages,79.79602,78.97524,80.6168,2001
9805,Warrington,Female,All ages,80.6994,79.8974,81.5014,2002
10107,Warrington,Female,All ages,79.49868,78.69608,80.30128,2003
10409,Warrington,Female,All ages,81.2837,80.45564,82.11177,2004
10711,Warrington,Female,All ages,81.34838,80.55614,82.14062,2005
11013,Warrington,Female,All ages,80.32319,79.54731,81.09907,2006
11315,Warrington,Female,All ages,80.53988,79.7669,81.31287,2007
11617,Warrington,Female,All ages,80.69472,79.88947,81.49996,2008
11919,Warrington,Female,All ages,81.95064,81.18938,82.71189,2009
12221,Warrington,Female,All ages,81.75474,80.97666,82.53281,2010
12521,Warrington,Female,All ages,81.87947,81.05031,82.70862,2011
12823,Warrington,Female,All ages,82.08,81.29,82.87,2012
13129,Warrington,Female,All ages,81.32,80.56,82.07,2013
13435,Warrington,Female,All ages,81.87,81.09,82.65,2014
13741,Warrington,Female,All ages,82.12,81.36,82.88,2015
14047,Warrington,Female,All ages,81.74,80.95,82.53,2016
14353,Warrington,Female,All ages,83.39,82.72,84.05,2017
14657,Warrington,Female,All ages,82.98,82.27,83.69,2018
14959,Warrington,Female,All ages,82.0,81.14,82.86,2019
15261,Warrington,Female,All ages,82.09,81.39,82.8,2020
15563,Warrington,Female,All ages,82.47,81.74,83.19,2021
15865,Warrington,Female,All ages,82.28,81.49,83.06,2022
