,Area Name,Sex,Age,Value,Lower CI 95.0 limit,Upper CI 95.0 limit,Time period Sortable
9407,Somerset UA,Male,All ages,77.74609,77.21364,78.27855,2001
9709,Somerset UA,Male,All ages,77.38165,76.84151,77.9218,2002
10011,Somerset UA,Male,All ages,77.79705,77.28642,78.30767,2003
10313,Somerset UA,Male,All ages,78.40503,77.85634,78.95372,2004
10615,Somerset UA,Male,All ages,78.35287,77.81974,78.88599,2005
10917,Somerset UA,Male,All ages,78.53967,77.97948,79.09986,2006
11219,Somerset UA,Male,All ages,79.35401,78.85114,79.85687,2007
11521,Somerset UA,Male,All ages,78.9418,78.41117,79.47242,2008
11823,Somerset UA,Male,All ages,79.38099,78.8641,79.89788,2009
12125,Somerset UA,Male,All ages,79.73248,79.23024,80.23473,2010
12727,Somerset UA,Male,All ages,80.67,80.16,81.17,2012
13033,Somerset UA,Male,All ages,80.34,79.84,80.83,2013
13339,Somerset UA,Male,All ages,80.45,79.93,80.96,2014
13645,Somerset UA,Male,All ages,79.99,79.48,80.49,2015
13951,Somerset UA,Male,All ages,80.42,79.94,80.9,2016
14257,Somerset UA,Male,All ages,80.69,80.2,81.17,2017
14561,Somerset UA,Male,All ages,80.03,79.51,80.55,2018
14863,Somerset UA,Male,All ages,80.66,80.16,81.16,2019
15165,Somerset UA,Male,All ages,80.14,79.65,80.64,2020
15467,Somerset UA,Male,All ages,80.17,79.7,80.64,2021
15769,Somerset UA,Male,All ages,80.06,79.57,80.54,2022
