,Area Name,Sex,Age,Value,Lower CI 95.0 limit,Upper CI 95.0 limit,Time period Sortable
9459,Hillingdon,Male,All ages,76.26166,75.44332,77.08,2001
9761,Hillingdon,Male,All ages,76.01729,75.22552,76.80906,2002
10063,Hillingdon,Male,All ages,77.1683,76.40046,77.93613,2003
10365,Hillingdon,Male,All ages,77.02938,76.27366,77.7851,2004
10667,Hillingdon,Male,All ages,77.86157,77.07705,78.64609,2005
10969,Hillingdon,Male,All ages,77.19595,76.43553,77.95637,2006
11271,Hillingdon,Male,All ages,79.0014,78.22826,79.77455,2007
11573,Hillingdon,Male,All ages,78.36274,77.60646,79.11902,2008
11875,Hillingdon,Male,All ages,78.53749,77.71051,79.36447,2009
12177,Hillingdon,Male,All ages,79.31869,78.53161,80.10576,2010
12477,Hillingdon,Male,All ages,80.55229,79.80992,81.29465,2011
12779,Hillingdon,Male,All ages,79.48,78.74,80.22,2012
13085,Hillingdon,Male,All ages,80.48,79.75,81.22,2013
13391,Hillingdon,Male,All ages,80.6,79.9,81.31,2014
13697,Hillingdon,Male,All ages,79.75,78.97,80.53,2015
14003,Hillingdon,Male,All ages,81.14,80.44,81.84,2016
14309,Hillingdon,Male,All ages,80.45,79.71,81.2,2017
14613,Hillingdon,Male,All ages,78.6,77.88,79.32,2018
14915,Hillingdon,Male,All ages,80.07,79.34,80.8,2019
15217,Hillingdon,Male,All ages,78.81,78.13,79.5,2020
15519,Hillingdon,Male,All ages,78.31,77.61,79.01,2021
15821,Hillingdon,Male,All ages,79.59,78.88,80.31,2022
