,Area Name,Sex,Age,Value,Lower CI 95.0 limit,Upper CI 95.0 limit,Time period Sortable
9415,Tameside,Male,All ages,73.12514,72.26697,73.9833,2001
9717,Tameside,Male,All ages,73.39649,72.55509,74.23789,2002
10019,Tameside,Male,All ages,74.189,73.3586,75.01941,2003
10321,Tameside,Male,All ages,74.619,73.81024,75.42776,2004
10623,Tameside,Male,All ages,74.71641,73.87757,75.55525,2005
10925,Tameside,Male,All ages,75.34748,74.50459,76.19037,2006
11227,Tameside,Male,All ages,75.63343,74.85339,76.41348,2007
11529,Tameside,Male,All ages,75.76363,74.96065,76.56661,2008
11831,Tameside,Male,All ages,75.46641,74.63002,76.30281,2009
12133,Tameside,Male,All ages,75.50207,74.61737,76.38678,2010
12433,Tameside,Male,All ages,76.43595,75.6116,77.2603,2011
12735,Tameside,Male,All ages,76.83,76.03,77.64,2012
13041,Tameside,Male,All ages,77.2,76.47,77.93,2013
13347,Tameside,Male,All ages,77.65,76.88,78.42,2014
13653,Tameside,Male,All ages,76.96,76.2,77.73,2015
13959,Tameside,Male,All ages,78.08,77.35,78.81,2016
14265,Tameside,Male,All ages,77.57,76.83,78.3,2017
14569,Tameside,Male,All ages,77.08,76.34,77.83,2018
14871,Tameside,Male,All ages,77.89,77.15,78.64,2019
15173,Tameside,Male,All ages,75.84,75.1,76.57,2020
15475,Tameside,Male,All ages,76.49,75.71,77.27,2021
15777,Tameside,Male,All ages,76.53,75.74,77.33,2022
