,Area Name,Sex,Age,Value,Lower CI 95.0 limit,Upper CI 95.0 limit,Time period Sortable
9425,Rotherham,Male,All ages,75.56886,74.83275,76.30497,2001
9727,Rotherham,Male,All ages,74.91316,74.16469,75.66164,2002
10029,Rotherham,Male,All ages,75.0832,74.28789,75.87851,2003
10331,Rotherham,Male,All ages,75.18203,74.3691,75.99495,2004
10633,Rotherham,Male,All ages,75.67827,74.85993,76.49661,2005
10935,Rotherham,Male,All ages,76.66973,75.94149,77.39797,2006
11237,Rotherham,Male,All ages,76.40013,75.65152,77.14873,2007
11539,Rotherham,Male,All ages,76.54165,75.82238,77.26093,2008
11841,Rotherham,Male,All ages,77.00282,76.26449,77.74116,2009
12143,Rotherham,Male,All ages,78.04598,77.3271,78.76487,2010
12443,Rotherham,Male,All ages,78.09346,77.39614,78.79078,2011
12745,Rotherham,Male,All ages,77.6,76.86,78.35,2012
13051,Rotherham,Male,All ages,78.42,77.68,79.17,2013
13357,Rotherham,Male,All ages,78.19,77.43,78.94,2014
13663,Rotherham,Male,All ages,77.61,76.84,78.39,2015
13969,Rotherham,Male,All ages,77.78,77.06,78.5,2016
14275,Rotherham,Male,All ages,77.87,77.17,78.58,2017
14579,Rotherham,Male,All ages,77.99,77.26,78.71,2018
14881,Rotherham,Male,All ages,77.88,77.13,78.62,2019
15183,Rotherham,Male,All ages,76.64,75.96,77.32,2020
15485,Rotherham,Male,All ages,77.14,76.41,77.87,2021
15787,Rotherham,Male,All ages,77.58,76.79,78.36,2022
