,Area Name,Sex,Age,Value,Lower CI 95.0 limit,Upper CI 95.0 limit,Time period Sortable
9575,Sheffield,Female,All ages,80.67652,80.18684,81.1662,2001
9877,Sheffield,Female,All ages,80.14264,79.62039,80.66489,2002
10179,Sheffield,Female,All ages,80.27955,79.76676,80.79235,2003
10481,Sheffield,Female,All ages,80.88239,80.3593,81.40548,2004
10783,Sheffield,Female,All ages,80.65452,80.16083,81.14821,2005
11085,Sheffield,Female,All ages,81.85506,81.33675,82.37337,2006
11387,Sheffield,Female,All ages,80.9509,80.44728,81.45453,2007
11689,Sheffield,Female,All ages,81.22029,80.72568,81.7149,2008
11991,Sheffield,Female,All ages,81.8151,81.31078,82.31943,2009
12293,Sheffield,Female,All ages,81.93655,81.44166,82.43143,2010
12591,Sheffield,Female,All ages,82.44889,81.94642,82.95136,2011
12897,Sheffield,Female,All ages,82.55,82.06,83.03,2012
13203,Sheffield,Female,All ages,82.07,81.59,82.55,2013
13509,Sheffield,Female,All ages,82.95,82.46,83.45,2014
13815,Sheffield,Female,All ages,82.58,82.11,83.06,2015
14121,Sheffield,Female,All ages,82.34,81.84,82.84,2016
14427,Sheffield,Female,All ages,82.19,81.71,82.67,2017
14729,Sheffield,Female,All ages,82.09,81.61,82.57,2018
15031,Sheffield,Female,All ages,83.07,82.59,83.54,2019
15333,Sheffield,Female,All ages,81.82,81.35,82.29,2020
15635,Sheffield,Female,All ages,81.98,81.5,82.46,2021
15937,Sheffield,Female,All ages,81.76,81.26,82.26,2022
