,Area Name,Sex,Age,Value,Lower CI 95.0 limit,Upper CI 95.0 limit,Time period Sortable
9574,Rotherham,Female,All ages,79.87305,79.1558,80.5903,2001
9876,Rotherham,Female,All ages,79.31468,78.60452,80.02483,2002
10178,Rotherham,Female,All ages,79.32296,78.5986,80.04733,2003
10480,Rotherham,Female,All ages,79.96495,79.23321,80.69669,2004
10782,Rotherham,Female,All ages,80.35357,79.68281,81.02433,2005
11084,Rotherham,Female,All ages,81.19533,80.46174,81.92893,2006
11386,Rotherham,Female,All ages,80.35111,79.59062,81.11159,2007
11688,Rotherham,Female,All ages,80.4612,79.74485,81.17756,2008
11990,Rotherham,Female,All ages,81.31075,80.6316,81.98991,2009
12292,Rotherham,Female,All ages,81.60202,80.90438,82.29966,2010
12590,Rotherham,Female,All ages,81.6998,80.99806,82.40153,2011
12896,Rotherham,Female,All ages,81.44,80.72,82.17,2012
13202,Rotherham,Female,All ages,81.0,80.28,81.73,2013
13508,Rotherham,Female,All ages,81.46,80.78,82.14,2014
13814,Rotherham,Female,All ages,81.39,80.71,82.06,2015
14120,Rotherham,Female,All ages,81.78,81.14,82.43,2016
14426,Rotherham,Female,All ages,81.69,81.01,82.38,2017
14728,Rotherham,Female,All ages,81.66,80.92,82.4,2018
15030,Rotherham,Female,All ages,81.6,80.95,82.25,2019
15332,Rotherham,Female,All ages,79.78,79.14,80.42,2020
15634,Rotherham,Female,All ages,80.75,80.05,81.45,2021
15936,Rotherham,Female,All ages,80.15,79.42,80.87,2022
