,Area Name,Sex,Age,Value,Lower CI 95.0 limit,Upper CI 95.0 limit,Time period Sortable
9632,Hertfordshire,Female,All ages,81.36336,81.0233,81.70343,2001
9934,Hertfordshire,Female,All ages,81.44508,81.10129,81.78888,2002
10236,Hertfordshire,Female,All ages,81.59766,81.26346,81.93185,2003
10538,Hertfordshire,Female,All ages,82.06995,81.73668,82.40321,2004
10840,Hertfordshire,Female,All ages,82.20417,81.86403,82.5443,2005
11142,Hertfordshire,Female,All ages,82.49696,82.15792,82.83601,2006
11444,Hertfordshire,Female,All ages,82.84329,82.50716,83.17941,2007
11746,Hertfordshire,Female,All ages,82.51689,82.17829,82.85549,2008
12048,Hertfordshire,Female,All ages,83.29988,82.95391,83.64586,2009
12350,Hertfordshire,Female,All ages,83.46147,83.13109,83.79184,2010
12648,Hertfordshire,Female,All ages,84.04195,83.6998,84.38411,2011
12954,Hertfordshire,Female,All ages,83.47,83.14,83.8,2012
13260,Hertfordshire,Female,All ages,84.1,83.78,84.43,2013
13566,Hertfordshire,Female,All ages,84.21,83.88,84.54,2014
13872,Hertfordshire,Female,All ages,83.99,83.69,84.3,2015
14178,Hertfordshire,Female,All ages,84.34,84.03,84.66,2016
14484,Hertfordshire,Female,All ages,84.04,83.73,84.35,2017
14786,Hertfordshire,Female,All ages,84.1,83.79,84.41,2018
15088,Hertfordshire,Female,All ages,84.39,84.07,84.72,2019
15390,Hertfordshire,Female,All ages,83.76,83.46,84.06,2020
15692,Hertfordshire,Female,All ages,84.09,83.79,84.39,2021
15994,Hertfordshire,Female,All ages,84.79,84.48,85.11,2022
