,Area Name,Sex,Age,Value,Lower CI 95.0 limit,Upper CI 95.0 limit,Time period Sortable
9515,Herefordshire,Female,All ages,82.14181,81.30141,82.98222,2001
9817,Herefordshire,Female,All ages,82.21952,81.38886,83.05018,2002
10119,Herefordshire,Female,All ages,82.84706,82.0645,83.62962,2003
10421,Herefordshire,Female,All ages,82.26731,81.45312,83.0815,2004
10723,Herefordshire,Female,All ages,81.64346,80.7497,82.53723,2005
11025,Herefordshire,Female,All ages,83.91309,83.09427,84.73191,2006
11327,Herefordshire,Female,All ages,82.7313,81.95259,83.51002,2007
11629,Herefordshire,Female,All ages,82.42693,81.60574,83.24812,2008
11931,Herefordshire,Female,All ages,83.3536,82.57121,84.13599,2009
12233,Herefordshire,Female,All ages,83.33767,82.44201,84.23334,2010
12533,Herefordshire,Female,All ages,83.20199,82.31297,84.09102,2011
12835,Herefordshire,Female,All ages,84.07,83.27,84.88,2012
13141,Herefordshire,Female,All ages,84.04,83.27,84.82,2013
13447,Herefordshire,Female,All ages,84.04,83.24,84.84,2014
13753,Herefordshire,Female,All ages,83.48,82.67,84.29,2015
14059,Herefordshire,Female,All ages,83.23,82.4,84.06,2016
14365,Herefordshire,Female,All ages,84.08,83.31,84.84,2017
14669,Herefordshire,Female,All ages,83.56,82.78,84.35,2018
14971,Herefordshire,Female,All ages,84.74,83.96,85.51,2019
15273,Herefordshire,Female,All ages,82.68,81.77,83.6,2020
15575,Herefordshire,Female,All ages,83.54,82.7,84.38,2021
15877,Herefordshire,Female,All ages,84.04,83.33,84.76,2022
