,Area Name,Sex,Age,Value,Lower CI 95.0 limit,Upper CI 95.0 limit,Time period Sortable
9586,Wolverhampton,Female,All ages,80.35448,79.53724,81.17172,2001
9888,Wolverhampton,Female,All ages,80.11752,79.35674,80.8783,2002
10190,Wolverhampton,Female,All ages,79.54976,78.77132,80.3282,2003
10492,Wolverhampton,Female,All ages,80.28716,79.52566,81.04867,2004
10794,Wolverhampton,Female,All ages,79.97197,79.22467,80.71927,2005
11096,Wolverhampton,Female,All ages,80.03137,79.26497,80.79778,2006
11398,Wolverhampton,Female,All ages,81.07368,80.33754,81.80983,2007
11700,Wolverhampton,Female,All ages,80.43791,79.67117,81.20464,2008
12002,Wolverhampton,Female,All ages,81.43058,80.6974,82.16376,2009
12304,Wolverhampton,Female,All ages,80.41616,79.61576,81.21656,2010
12602,Wolverhampton,Female,All ages,82.43317,81.74989,83.11645,2011
12908,Wolverhampton,Female,All ages,81.82,81.05,82.58,2012
13214,Wolverhampton,Female,All ages,81.51,80.77,82.24,2013
13520,Wolverhampton,Female,All ages,81.75,81.01,82.5,2014
13826,Wolverhampton,Female,All ages,81.0,80.26,81.74,2015
14132,Wolverhampton,Female,All ages,81.38,80.65,82.1,2016
14438,Wolverhampton,Female,All ages,81.65,80.95,82.34,2017
14740,Wolverhampton,Female,All ages,81.28,80.6,81.96,2018
15042,Wolverhampton,Female,All ages,82.76,82.06,83.45,2019
15344,Wolverhampton,Female,All ages,80.01,79.3,80.72,2020
15646,Wolverhampton,Female,All ages,80.32,79.63,81.01,2021
15948,Wolverhampton,Female,All ages,81.02,80.31,81.73,2022
