,Area Name,Sex,Age,Value,Lower CI 95.0 limit,Upper CI 95.0 limit,Time period Sortable
9464,Lambeth,Male,All ages,72.89545,71.98797,73.80293,2001
9766,Lambeth,Male,All ages,73.50464,72.63901,74.37026,2002
10068,Lambeth,Male,All ages,74.16127,73.27723,75.04531,2003
10370,Lambeth,Male,All ages,74.55229,73.65656,75.44802,2004
10672,Lambeth,Male,All ages,75.83707,74.93222,76.74192,2005
10974,Lambeth,Male,All ages,74.8237,73.94134,75.70606,2006
11276,Lambeth,Male,All ages,76.59273,75.68744,77.49801,2007
11578,Lambeth,Male,All ages,75.6281,74.78637,76.46983,2008
11880,Lambeth,Male,All ages,76.7665,75.82629,77.70671,2009
12182,Lambeth,Male,All ages,78.21663,77.28828,79.14497,2010
12482,Lambeth,Male,All ages,77.52372,76.65784,78.3896,2011
12784,Lambeth,Male,All ages,78.58,77.72,79.43,2012
13090,Lambeth,Male,All ages,78.48,77.65,79.3,2013
13396,Lambeth,Male,All ages,78.92,78.05,79.79,2014
13702,Lambeth,Male,All ages,77.71,76.9,78.52,2015
14008,Lambeth,Male,All ages,78.65,77.79,79.5,2016
14314,Lambeth,Male,All ages,79.03,78.16,79.91,2017
14618,Lambeth,Male,All ages,78.9,78.11,79.69,2018
14920,Lambeth,Male,All ages,79.36,78.58,80.14,2019
15222,Lambeth,Male,All ages,76.63,75.94,77.32,2020
15524,Lambeth,Male,All ages,79.02,78.28,79.77,2021
15826,Lambeth,Male,All ages,78.25,77.48,79.03,2022
