,Area Name,Sex,Age,Value,Lower CI 95.0 limit,Upper CI 95.0 limit,Time period Sortable
9350,Redcar and Cleveland,Male,All ages,75.74728,74.7442,76.75036,2001
9652,Redcar and Cleveland,Male,All ages,74.95851,73.94472,75.9723,2002
9954,Redcar and Cleveland,Male,All ages,74.65755,73.59279,75.72231,2003
10256,Redcar and Cleveland,Male,All ages,75.02278,73.9283,76.11727,2004
10558,Redcar and Cleveland,Male,All ages,75.76937,74.67746,76.86127,2005
10860,Redcar and Cleveland,Male,All ages,76.85147,75.81872,77.88421,2006
11162,Redcar and Cleveland,Male,All ages,76.86028,75.84935,77.87122,2007
11464,Redcar and Cleveland,Male,All ages,77.13453,76.18289,78.08618,2008
11766,Redcar and Cleveland,Male,All ages,78.10289,77.03412,79.17166,2009
12068,Redcar and Cleveland,Male,All ages,78.45664,77.32438,79.58889,2010
12370,Redcar and Cleveland,Male,All ages,78.19038,77.13482,79.24595,2011
12668,Redcar and Cleveland,Male,All ages,78.79,77.8,79.78,2012
12974,Redcar and Cleveland,Male,All ages,78.29,77.28,79.3,2013
13280,Redcar and Cleveland,Male,All ages,78.13,77.04,79.22,2014
13586,Redcar and Cleveland,Male,All ages,77.7,76.66,78.74,2015
13892,Redcar and Cleveland,Male,All ages,77.51,76.42,78.59,2016
14198,Redcar and Cleveland,Male,All ages,77.91,76.87,78.95,2017
14504,Redcar and Cleveland,Male,All ages,78.57,77.61,79.53,2018
14806,Redcar and Cleveland,Male,All ages,78.05,76.88,79.21,2019
15108,Redcar and Cleveland,Male,All ages,75.88,74.8,76.96,2020
15410,Redcar and Cleveland,Male,All ages,77.1,75.93,78.27,2021
15712,Redcar and Cleveland,Male,All ages,77.36,76.23,78.5,2022
