,Area Name,Sex,Age,Value,Lower CI 95.0 limit,Upper CI 95.0 limit,Time period Sortable
9536,Milton Keynes,Female,All ages,79.81226,78.94978,80.67474,2001
9838,Milton Keynes,Female,All ages,80.61829,79.76704,81.46953,2002
10140,Milton Keynes,Female,All ages,79.79059,78.96653,80.61466,2003
10442,Milton Keynes,Female,All ages,80.46794,79.65585,81.28002,2004
10744,Milton Keynes,Female,All ages,80.6244,79.81955,81.42924,2005
11046,Milton Keynes,Female,All ages,81.49173,80.66229,82.32117,2006
11348,Milton Keynes,Female,All ages,81.84913,81.06459,82.63366,2007
11650,Milton Keynes,Female,All ages,81.41264,80.60899,82.21628,2008
11952,Milton Keynes,Female,All ages,82.39259,81.61107,83.17411,2009
12254,Milton Keynes,Female,All ages,82.11402,81.35554,82.8725,2010
12554,Milton Keynes,Female,All ages,82.75568,81.98042,83.53094,2011
12856,Milton Keynes,Female,All ages,82.43,81.71,83.15,2012
13162,Milton Keynes,Female,All ages,82.51,81.72,83.29,2013
13468,Milton Keynes,Female,All ages,82.95,82.21,83.69,2014
13774,Milton Keynes,Female,All ages,83.2,82.52,83.87,2015
14080,Milton Keynes,Female,All ages,82.79,82.07,83.51,2016
14386,Milton Keynes,Female,All ages,83.44,82.69,84.19,2017
14690,Milton Keynes,Female,All ages,82.83,82.12,83.55,2018
14992,Milton Keynes,Female,All ages,83.79,83.1,84.49,2019
15294,Milton Keynes,Female,All ages,82.94,82.25,83.62,2020
15596,Milton Keynes,Female,All ages,82.08,81.38,82.78,2021
15898,Milton Keynes,Female,All ages,82.54,81.79,83.28,2022
