,Area Name,Sex,Age,Value,Lower CI 95.0 limit,Upper CI 95.0 limit,Time period Sortable
9447,Brent,Male,All ages,75.79275,74.95552,76.62998,2001
9749,Brent,Male,All ages,75.551,74.67944,76.42257,2002
10051,Brent,Male,All ages,76.68327,75.87373,77.49281,2003
10353,Brent,Male,All ages,77.20805,76.38627,78.02982,2004
10655,Brent,Male,All ages,77.71357,76.91164,78.51549,2005
10957,Brent,Male,All ages,78.79918,77.84956,79.7488,2006
11259,Brent,Male,All ages,77.93725,77.10146,78.77304,2007
11561,Brent,Male,All ages,78.46975,77.65684,79.28266,2008
11863,Brent,Male,All ages,79.4247,78.61536,80.23404,2009
12165,Brent,Male,All ages,79.28506,78.44292,80.12719,2010
12465,Brent,Male,All ages,79.96996,79.1479,80.79202,2011
12767,Brent,Male,All ages,79.65,78.88,80.42,2012
13073,Brent,Male,All ages,79.67,78.92,80.42,2013
13379,Brent,Male,All ages,80.18,79.42,80.94,2014
13685,Brent,Male,All ages,79.5,78.77,80.24,2015
13991,Brent,Male,All ages,80.23,79.49,80.97,2016
14297,Brent,Male,All ages,80.31,79.57,81.06,2017
14601,Brent,Male,All ages,80.63,79.86,81.39,2018
14903,Brent,Male,All ages,81.53,80.81,82.25,2019
15205,Brent,Male,All ages,77.53,76.84,78.21,2020
15507,Brent,Male,All ages,78.3,77.59,79.01,2021
15809,Brent,Male,All ages,79.9,79.17,80.63,2022
