,Area Name,Sex,Age,Value,Lower CI 95.0 limit,Upper CI 95.0 limit,Time period Sortable
9402,Dorset,Male,All ages,77.8561,77.16359,78.5486,2001
9704,Dorset,Male,All ages,78.29481,77.63267,78.95696,2002
10006,Dorset,Male,All ages,78.9369,78.2961,79.5777,2003
10308,Dorset,Male,All ages,79.22643,78.54606,79.9068,2004
10610,Dorset,Male,All ages,78.9759,78.30756,79.64424,2005
10912,Dorset,Male,All ages,80.30124,79.69907,80.90342,2006
11214,Dorset,Male,All ages,79.79636,79.16665,80.42608,2007
11516,Dorset,Male,All ages,79.93149,79.29344,80.56954,2008
11818,Dorset,Male,All ages,80.59611,79.96268,81.22954,2009
12120,Dorset,Male,All ages,80.50404,79.88157,81.12652,2010
12422,Dorset,Male,All ages,81.26801,80.6574,81.87862,2011
12720,Dorset,Male,All ages,80.72,80.09,81.34,2012
13026,Dorset,Male,All ages,80.88,80.27,81.5,2013
13332,Dorset,Male,All ages,82.03,81.45,82.6,2014
13638,Dorset,Male,All ages,80.92,80.28,81.55,2015
13944,Dorset,Male,All ages,80.52,79.86,81.17,2016
14250,Dorset,Male,All ages,81.19,80.56,81.83,2017
14556,Dorset,Male,All ages,80.9,80.26,81.54,2018
14858,Dorset,Male,All ages,81.62,81.02,82.22,2019
15160,Dorset,Male,All ages,80.87,80.27,81.47,2020
15462,Dorset,Male,All ages,80.46,79.81,81.11,2021
15764,Dorset,Male,All ages,81.16,80.55,81.78,2022
