,Area Name,Sex,Age,Value,Lower CI 95.0 limit,Upper CI 95.0 limit,Time period Sortable
9421,Sefton,Male,All ages,74.70117,73.99784,75.4045,2001
9723,Sefton,Male,All ages,74.6301,73.8645,75.39569,2002
10025,Sefton,Male,All ages,75.97085,75.27726,76.66443,2003
10327,Sefton,Male,All ages,76.03642,75.29367,76.77917,2004
10629,Sefton,Male,All ages,75.5191,74.7039,76.33431,2005
10931,Sefton,Male,All ages,76.92595,76.21273,77.63916,2006
11233,Sefton,Male,All ages,77.01695,76.28497,77.74892,2007
11535,Sefton,Male,All ages,76.9869,76.2675,77.7063,2008
11837,Sefton,Male,All ages,77.56165,76.81058,78.31273,2009
12139,Sefton,Male,All ages,76.63238,75.87018,77.39457,2010
12439,Sefton,Male,All ages,77.81003,77.08481,78.53525,2011
12741,Sefton,Male,All ages,77.87,77.12,78.63,2012
13047,Sefton,Male,All ages,78.19,77.48,78.9,2013
13353,Sefton,Male,All ages,77.97,77.21,78.73,2014
13659,Sefton,Male,All ages,78.81,78.12,79.5,2015
13965,Sefton,Male,All ages,78.38,77.66,79.1,2016
14271,Sefton,Male,All ages,79.2,78.49,79.9,2017
14575,Sefton,Male,All ages,79.04,78.3,79.78,2018
14877,Sefton,Male,All ages,78.77,78.05,79.5,2019
15179,Sefton,Male,All ages,76.9,76.19,77.61,2020
15481,Sefton,Male,All ages,77.29,76.58,78.0,2021
15783,Sefton,Male,All ages,78.27,77.55,78.99,2022
