,Area Name,Sex,Age,Value,Lower CI 95.0 limit,Upper CI 95.0 limit,Time period Sortable
9497,Hartlepool,Female,All ages,78.81393,77.63245,79.9954,2001
9799,Hartlepool,Female,All ages,78.20216,77.10997,79.29435,2002
10101,Hartlepool,Female,All ages,78.17666,76.90469,79.44863,2003
10403,Hartlepool,Female,All ages,78.56845,77.33885,79.79805,2004
10705,Hartlepool,Female,All ages,78.36524,77.2052,79.52528,2005
11007,Hartlepool,Female,All ages,78.25938,76.97075,79.54801,2006
11309,Hartlepool,Female,All ages,77.82259,76.42784,79.21733,2007
11611,Hartlepool,Female,All ages,80.80688,79.76573,81.84803,2008
11913,Hartlepool,Female,All ages,80.53316,79.37234,81.69398,2009
12215,Hartlepool,Female,All ages,81.33553,80.17928,82.49178,2010
12515,Hartlepool,Female,All ages,81.06755,79.94531,82.18979,2011
12817,Hartlepool,Female,All ages,81.63,80.48,82.78,2012
13123,Hartlepool,Female,All ages,81.8,80.71,82.9,2013
13429,Hartlepool,Female,All ages,81.33,80.12,82.54,2014
13735,Hartlepool,Female,All ages,80.69,79.55,81.83,2015
14041,Hartlepool,Female,All ages,81.5,80.35,82.65,2016
14347,Hartlepool,Female,All ages,81.64,80.6,82.68,2017
14651,Hartlepool,Female,All ages,80.41,79.22,81.59,2018
14953,Hartlepool,Female,All ages,81.36,80.22,82.5,2019
15255,Hartlepool,Female,All ages,80.94,79.89,82.0,2020
15557,Hartlepool,Female,All ages,80.15,78.9,81.4,2021
15859,Hartlepool,Female,All ages,79.2,77.84,80.56,2022
