,Area Name,Sex,Age,Value,Lower CI 95.0 limit,Upper CI 95.0 limit,Time period Sortable
9511,Derby,Female,All ages,80.20288,79.37737,81.02839,2001
9813,Derby,Female,All ages,80.06744,79.32609,80.80878,2002
10115,Derby,Female,All ages,80.52298,79.78128,81.26468,2003
10417,Derby,Female,All ages,81.27045,80.5126,82.02829,2004
10719,Derby,Female,All ages,82.09655,81.38448,82.80861,2005
11021,Derby,Female,All ages,81.33797,80.60011,82.07583,2006
11323,Derby,Female,All ages,81.42312,80.66377,82.18248,2007
11625,Derby,Female,All ages,80.86727,80.11308,81.62146,2008
11927,Derby,Female,All ages,81.21366,80.40088,82.02645,2009
12229,Derby,Female,All ages,82.31629,81.55746,83.07511,2010
12529,Derby,Female,All ages,82.97103,82.17865,83.7634,2011
12831,Derby,Female,All ages,82.32,81.56,83.09,2012
13137,Derby,Female,All ages,82.1,81.38,82.81,2013
13443,Derby,Female,All ages,83.15,82.39,83.92,2014
13749,Derby,Female,All ages,82.71,81.98,83.44,2015
14055,Derby,Female,All ages,82.2,81.44,82.95,2016
14361,Derby,Female,All ages,82.96,82.25,83.68,2017
14665,Derby,Female,All ages,81.6,80.88,82.32,2018
14967,Derby,Female,All ages,81.66,80.94,82.38,2019
15269,Derby,Female,All ages,81.21,80.48,81.95,2020
15571,Derby,Female,All ages,81.46,80.71,82.2,2021
15873,Derby,Female,All ages,81.59,80.87,82.3,2022
