,Area Name,Sex,Age,Value,Lower CI 95.0 limit,Upper CI 95.0 limit,Time period Sortable
9434,Sandwell,Male,All ages,73.55013,72.8301,74.27017,2001
9736,Sandwell,Male,All ages,73.90798,73.1862,74.62975,2002
10038,Sandwell,Male,All ages,73.68746,72.95251,74.42241,2003
10340,Sandwell,Male,All ages,74.57061,73.84232,75.29891,2004
10642,Sandwell,Male,All ages,74.77313,74.05394,75.49233,2005
10944,Sandwell,Male,All ages,73.72544,72.98052,74.47036,2006
11246,Sandwell,Male,All ages,74.17113,73.42729,74.91498,2007
11548,Sandwell,Male,All ages,75.09242,74.32329,75.86156,2008
11850,Sandwell,Male,All ages,75.44059,74.73011,76.15106,2009
12152,Sandwell,Male,All ages,76.17447,75.4709,76.87805,2010
12452,Sandwell,Male,All ages,77.15287,76.47723,77.8285,2011
12754,Sandwell,Male,All ages,76.83,76.13,77.53,2012
13060,Sandwell,Male,All ages,76.96,76.31,77.61,2013
13366,Sandwell,Male,All ages,77.28,76.57,77.98,2014
13672,Sandwell,Male,All ages,77.38,76.71,78.05,2015
13978,Sandwell,Male,All ages,76.73,76.03,77.44,2016
14284,Sandwell,Male,All ages,77.5,76.85,78.15,2017
14588,Sandwell,Male,All ages,76.99,76.31,77.67,2018
14890,Sandwell,Male,All ages,77.12,76.46,77.77,2019
15192,Sandwell,Male,All ages,74.94,74.31,75.57,2020
15494,Sandwell,Male,All ages,75.46,74.78,76.14,2021
15796,Sandwell,Male,All ages,76.74,76.08,77.41,2022
