,Area Name,Sex,Age,Value,Lower CI 95.0 limit,Upper CI 95.0 limit,Time period Sortable
9461,Islington,Male,All ages,72.61562,71.61255,73.61869,2001
9763,Islington,Male,All ages,73.50045,72.44607,74.55484,2002
10065,Islington,Male,All ages,74.01495,72.89804,75.13185,2003
10367,Islington,Male,All ages,74.39623,73.28797,75.5045,2004
10669,Islington,Male,All ages,75.59671,74.55191,76.64152,2005
10971,Islington,Male,All ages,74.71765,73.66728,75.76801,2006
11273,Islington,Male,All ages,75.17431,74.14997,76.19865,2007
11575,Islington,Male,All ages,75.87781,74.84649,76.90913,2008
11877,Islington,Male,All ages,76.489,75.50679,77.47122,2009
12179,Islington,Male,All ages,77.42268,76.37925,78.46611,2010
12479,Islington,Male,All ages,77.35648,76.33376,78.3792,2011
12781,Islington,Male,All ages,78.04,77.11,78.98,2012
13087,Islington,Male,All ages,78.08,77.11,79.04,2013
13393,Islington,Male,All ages,79.39,78.34,80.45,2014
13699,Islington,Male,All ages,77.76,76.77,78.76,2015
14005,Islington,Male,All ages,79.79,78.73,80.84,2016
14311,Islington,Male,All ages,78.86,77.91,79.81,2017
14615,Islington,Male,All ages,78.09,77.15,79.04,2018
14917,Islington,Male,All ages,79.37,78.44,80.29,2019
15219,Islington,Male,All ages,77.91,77.0,78.83,2020
15521,Islington,Male,All ages,77.06,76.24,77.88,2021
15823,Islington,Male,All ages,79.07,78.14,80.0,2022
