,Area Name,Sex,Age,Value,Lower CI 95.0 limit,Upper CI 95.0 limit,Time period Sortable
9368,Stoke-on-Trent,Male,All ages,73.86113,73.04729,74.67497,2001
9670,Stoke-on-Trent,Male,All ages,73.07549,72.24012,73.91086,2002
9972,Stoke-on-Trent,Male,All ages,73.09046,72.29343,73.88749,2003
10274,Stoke-on-Trent,Male,All ages,73.35702,72.53316,74.18087,2004
10576,Stoke-on-Trent,Male,All ages,74.67583,73.87025,75.48141,2005
10878,Stoke-on-Trent,Male,All ages,75.50381,74.73391,76.27372,2006
11180,Stoke-on-Trent,Male,All ages,74.62099,73.86558,75.3764,2007
11482,Stoke-on-Trent,Male,All ages,75.94178,75.21387,76.66968,2008
11784,Stoke-on-Trent,Male,All ages,75.73051,74.95571,76.50531,2009
12086,Stoke-on-Trent,Male,All ages,76.6457,75.87411,77.41729,2010
12388,Stoke-on-Trent,Male,All ages,76.91684,76.09717,77.73652,2011
12686,Stoke-on-Trent,Male,All ages,76.34,75.58,77.09,2012
12992,Stoke-on-Trent,Male,All ages,76.29,75.53,77.04,2013
13298,Stoke-on-Trent,Male,All ages,76.91,76.17,77.66,2014
13604,Stoke-on-Trent,Male,All ages,76.2,75.43,76.96,2015
13910,Stoke-on-Trent,Male,All ages,76.23,75.47,76.99,2016
14216,Stoke-on-Trent,Male,All ages,77.09,76.31,77.87,2017
14522,Stoke-on-Trent,Male,All ages,75.93,75.17,76.69,2018
14824,Stoke-on-Trent,Male,All ages,76.54,75.76,77.32,2019
15126,Stoke-on-Trent,Male,All ages,75.27,74.55,76.0,2020
15428,Stoke-on-Trent,Male,All ages,74.63,73.81,75.45,2021
15730,Stoke-on-Trent,Male,All ages,76.85,76.05,77.64,2022
