,Area Name,Sex,Age,Value,Lower CI 95.0 limit,Upper CI 95.0 limit,Time period Sortable
9506,Kingston upon Hull,Female,All ages,79.944,79.19229,80.6957,2001
9808,Kingston upon Hull,Female,All ages,79.46702,78.77121,80.16283,2002
10110,Kingston upon Hull,Female,All ages,78.92805,78.19647,79.65963,2003
10412,Kingston upon Hull,Female,All ages,78.93255,78.16348,79.70162,2004
10714,Kingston upon Hull,Female,All ages,79.08123,78.32218,79.84028,2005
11016,Kingston upon Hull,Female,All ages,78.88878,78.1198,79.65776,2006
11318,Kingston upon Hull,Female,All ages,79.16431,78.44543,79.88319,2007
11620,Kingston upon Hull,Female,All ages,80.23576,79.49397,80.97755,2008
11922,Kingston upon Hull,Female,All ages,80.24104,79.50643,80.97566,2009
12224,Kingston upon Hull,Female,All ages,79.85458,79.07368,80.63547,2010
12524,Kingston upon Hull,Female,All ages,80.65446,79.93527,81.37365,2011
12826,Kingston upon Hull,Female,All ages,80.68,79.99,81.37,2012
13132,Kingston upon Hull,Female,All ages,80.63,79.92,81.34,2013
13438,Kingston upon Hull,Female,All ages,80.3,79.59,81.0,2014
13744,Kingston upon Hull,Female,All ages,80.01,79.33,80.7,2015
14050,Kingston upon Hull,Female,All ages,80.46,79.74,81.17,2016
14356,Kingston upon Hull,Female,All ages,79.88,79.17,80.58,2017
14660,Kingston upon Hull,Female,All ages,80.8,80.13,81.46,2018
14962,Kingston upon Hull,Female,All ages,80.54,79.81,81.27,2019
15264,Kingston upon Hull,Female,All ages,79.88,79.19,80.56,2020
15566,Kingston upon Hull,Female,All ages,79.88,79.14,80.61,2021
15868,Kingston upon Hull,Female,All ages,79.92,79.21,80.62,2022
