,Area Name,Sex,Age,Value,Lower CI 95.0 limit,Upper CI 95.0 limit,Time period Sortable
9582,Dudley,Female,All ages,80.54721,79.8977,81.19672,2001
9884,Dudley,Female,All ages,80.2289,79.6136,80.84421,2002
10186,Dudley,Female,All ages,80.24587,79.64353,80.84821,2003
10488,Dudley,Female,All ages,81.09317,80.48749,81.69886,2004
10790,Dudley,Female,All ages,81.07004,80.42709,81.71298,2005
11092,Dudley,Female,All ages,81.54734,80.91044,82.18423,2006
11394,Dudley,Female,All ages,81.75028,81.15347,82.34709,2007
11696,Dudley,Female,All ages,81.78884,81.14447,82.43321,2008
11998,Dudley,Female,All ages,82.444,81.79774,83.09025,2009
12300,Dudley,Female,All ages,82.46138,81.85207,83.07069,2010
12598,Dudley,Female,All ages,82.91474,82.27511,83.55437,2011
12904,Dudley,Female,All ages,83.12,82.48,83.75,2012
13210,Dudley,Female,All ages,83.01,82.41,83.61,2013
13516,Dudley,Female,All ages,83.13,82.51,83.74,2014
13822,Dudley,Female,All ages,82.55,81.92,83.18,2015
14128,Dudley,Female,All ages,83.03,82.38,83.68,2016
14434,Dudley,Female,All ages,83.19,82.59,83.79,2017
14736,Dudley,Female,All ages,82.15,81.51,82.78,2018
15038,Dudley,Female,All ages,82.79,82.13,83.45,2019
15340,Dudley,Female,All ages,81.88,81.27,82.49,2020
15642,Dudley,Female,All ages,82.26,81.67,82.85,2021
15944,Dudley,Female,All ages,82.93,82.32,83.55,2022
