,Area Name,Sex,Age,Value,Lower CI 95.0 limit,Upper CI 95.0 limit,Time period Sortable
9608,Hillingdon,Female,All ages,81.47865,80.77747,82.17982,2001
9910,Hillingdon,Female,All ages,81.32763,80.59653,82.05873,2002
10212,Hillingdon,Female,All ages,81.21224,80.48698,81.93749,2003
10514,Hillingdon,Female,All ages,81.31416,80.59161,82.03671,2004
10816,Hillingdon,Female,All ages,82.07837,81.33239,82.82434,2005
11118,Hillingdon,Female,All ages,82.93045,82.13003,83.73087,2006
11420,Hillingdon,Female,All ages,82.54407,81.78056,83.30758,2007
11722,Hillingdon,Female,All ages,83.33583,82.62688,84.04478,2008
12024,Hillingdon,Female,All ages,83.4309,82.69265,84.16915,2009
12326,Hillingdon,Female,All ages,83.07783,82.28867,83.867,2010
12624,Hillingdon,Female,All ages,83.60034,82.87407,84.32662,2011
12930,Hillingdon,Female,All ages,83.21,82.47,83.94,2012
13236,Hillingdon,Female,All ages,83.94,83.16,84.72,2013
13542,Hillingdon,Female,All ages,84.21,83.53,84.89,2014
13848,Hillingdon,Female,All ages,82.97,82.29,83.64,2015
14154,Hillingdon,Female,All ages,84.27,83.57,84.97,2016
14460,Hillingdon,Female,All ages,84.23,83.55,84.91,2017
14762,Hillingdon,Female,All ages,83.61,82.94,84.27,2018
15064,Hillingdon,Female,All ages,84.31,83.64,84.97,2019
15366,Hillingdon,Female,All ages,83.21,82.59,83.84,2020
15668,Hillingdon,Female,All ages,82.9,82.24,83.56,2021
15970,Hillingdon,Female,All ages,84.28,83.6,84.96,2022
