,Area Name,Sex,Age,Value,Lower CI 95.0 limit,Upper CI 95.0 limit,Time period Sortable
9429,South Tyneside,Male,All ages,73.48547,72.46205,74.50889,2001
9731,South Tyneside,Male,All ages,74.38085,73.42514,75.33656,2002
10033,South Tyneside,Male,All ages,74.17529,73.23487,75.11571,2003
10335,South Tyneside,Male,All ages,75.13617,74.22264,76.04969,2004
10637,South Tyneside,Male,All ages,74.53437,73.59175,75.47698,2005
10939,South Tyneside,Male,All ages,75.4104,74.41831,76.4025,2006
11241,South Tyneside,Male,All ages,76.04319,75.10356,76.98281,2007
11543,South Tyneside,Male,All ages,76.2312,75.27028,77.19212,2008
11845,South Tyneside,Male,All ages,76.19367,75.14401,77.24334,2009
12147,South Tyneside,Male,All ages,76.80333,75.88608,77.72058,2010
12447,South Tyneside,Male,All ages,76.67618,75.75615,77.59621,2011
12749,South Tyneside,Male,All ages,76.64,75.66,77.62,2012
13055,South Tyneside,Male,All ages,76.94,75.98,77.9,2013
13361,South Tyneside,Male,All ages,77.39,76.39,78.39,2014
13667,South Tyneside,Male,All ages,78.09,77.23,78.96,2015
13973,South Tyneside,Male,All ages,77.37,76.38,78.36,2016
14279,South Tyneside,Male,All ages,77.64,76.73,78.54,2017
14583,South Tyneside,Male,All ages,75.87,74.86,76.87,2018
14885,South Tyneside,Male,All ages,77.48,76.5,78.46,2019
15187,South Tyneside,Male,All ages,75.98,75.01,76.95,2020
15489,South Tyneside,Male,All ages,76.95,75.89,78.02,2021
15791,South Tyneside,Male,All ages,76.93,75.98,77.89,2022
