,Area Name,Sex,Age,Value,Lower CI 95.0 limit,Upper CI 95.0 limit,Time period Sortable
9579,Sunderland,Female,All ages,78.9114,78.25788,79.56492,2001
9881,Sunderland,Female,All ages,78.97871,78.29838,79.65905,2002
10183,Sunderland,Female,All ages,78.8725,78.20808,79.53691,2003
10485,Sunderland,Female,All ages,79.30143,78.6078,79.99506,2004
10787,Sunderland,Female,All ages,79.99947,79.37668,80.62226,2005
11089,Sunderland,Female,All ages,79.85696,79.2012,80.51272,2006
11391,Sunderland,Female,All ages,80.49328,79.86888,81.11767,2007
11693,Sunderland,Female,All ages,80.47876,79.8937,81.06382,2008
11995,Sunderland,Female,All ages,80.65809,80.01004,81.30613,2009
12297,Sunderland,Female,All ages,80.19998,79.56101,80.83894,2010
12595,Sunderland,Female,All ages,81.35095,80.70055,82.00134,2011
12901,Sunderland,Female,All ages,80.48,79.86,81.1,2012
13207,Sunderland,Female,All ages,80.66,80.01,81.31,2013
13513,Sunderland,Female,All ages,81.03,80.4,81.66,2014
13819,Sunderland,Female,All ages,81.08,80.43,81.72,2015
14125,Sunderland,Female,All ages,81.23,80.59,81.87,2016
14431,Sunderland,Female,All ages,81.65,81.02,82.29,2017
14733,Sunderland,Female,All ages,81.44,80.78,82.1,2018
15035,Sunderland,Female,All ages,81.2,80.54,81.85,2019
15337,Sunderland,Female,All ages,80.23,79.61,80.85,2020
15639,Sunderland,Female,All ages,80.43,79.78,81.08,2021
15941,Sunderland,Female,All ages,81.14,80.47,81.81,2022
