,Area Name,Sex,Age,Value,Lower CI 95.0 limit,Upper CI 95.0 limit,Time period Sortable
9622,Waltham Forest,Female,All ages,79.04017,78.15222,79.92812,2001
9924,Waltham Forest,Female,All ages,80.00307,79.22744,80.77871,2002
10226,Waltham Forest,Female,All ages,79.69925,78.88375,80.51474,2003
10528,Waltham Forest,Female,All ages,80.54789,79.6955,81.40028,2004
10830,Waltham Forest,Female,All ages,81.338,80.53595,82.14005,2005
11132,Waltham Forest,Female,All ages,80.96389,80.1082,81.81957,2006
11434,Waltham Forest,Female,All ages,81.38188,80.54672,82.21704,2007
11736,Waltham Forest,Female,All ages,81.92161,81.11127,82.73195,2008
12038,Waltham Forest,Female,All ages,82.4019,81.58546,83.21834,2009
12340,Waltham Forest,Female,All ages,82.63327,81.74898,83.51755,2010
12638,Waltham Forest,Female,All ages,83.32723,82.47313,84.18134,2011
12944,Waltham Forest,Female,All ages,83.36,82.53,84.2,2012
13250,Waltham Forest,Female,All ages,83.55,82.71,84.4,2013
13556,Waltham Forest,Female,All ages,83.66,82.83,84.49,2014
13862,Waltham Forest,Female,All ages,83.29,82.54,84.03,2015
14168,Waltham Forest,Female,All ages,83.91,83.08,84.74,2016
14474,Waltham Forest,Female,All ages,83.99,83.18,84.79,2017
14776,Waltham Forest,Female,All ages,83.91,83.09,84.73,2018
15078,Waltham Forest,Female,All ages,84.91,84.08,85.73,2019
15380,Waltham Forest,Female,All ages,82.38,81.62,83.14,2020
15682,Waltham Forest,Female,All ages,83.11,82.35,83.88,2021
15984,Waltham Forest,Female,All ages,83.49,82.71,84.27,2022
