,Area Name,Sex,Age,Value,Lower CI 95.0 limit,Upper CI 95.0 limit,Time period Sortable
9514,Nottingham,Female,All ages,77.93479,77.11314,78.75643,2001
9816,Nottingham,Female,All ages,78.91967,78.10967,79.72966,2002
10118,Nottingham,Female,All ages,78.7116,77.88454,79.53866,2003
10420,Nottingham,Female,All ages,79.35424,78.58839,80.12008,2004
10722,Nottingham,Female,All ages,79.95676,79.189,80.72451,2005
11024,Nottingham,Female,All ages,80.33045,79.52903,81.13186,2006
11326,Nottingham,Female,All ages,80.32286,79.55695,81.08877,2007
11628,Nottingham,Female,All ages,79.89329,79.16538,80.62121,2008
11930,Nottingham,Female,All ages,81.12001,80.36673,81.87329,2009
12232,Nottingham,Female,All ages,81.48327,80.74568,82.22086,2010
12532,Nottingham,Female,All ages,81.59237,80.83868,82.34605,2011
12834,Nottingham,Female,All ages,80.8,80.02,81.58,2012
13140,Nottingham,Female,All ages,82.09,81.35,82.83,2013
13446,Nottingham,Female,All ages,81.2,80.44,81.97,2014
13752,Nottingham,Female,All ages,80.72,79.99,81.46,2015
14058,Nottingham,Female,All ages,81.18,80.48,81.88,2016
14364,Nottingham,Female,All ages,81.03,80.3,81.75,2017
14668,Nottingham,Female,All ages,81.45,80.7,82.2,2018
14970,Nottingham,Female,All ages,80.86,80.11,81.6,2019
15272,Nottingham,Female,All ages,80.63,79.93,81.33,2020
15574,Nottingham,Female,All ages,79.65,78.91,80.38,2021
15876,Nottingham,Female,All ages,81.36,80.67,82.06,2022
