,Area Name,Sex,Age,Value,Lower CI 95.0 limit,Upper CI 95.0 limit,Time period Sortable
9516,Telford and Wrekin,Female,All ages,78.94844,77.92433,79.97255,2001
9818,Telford and Wrekin,Female,All ages,79.79709,78.88737,80.70681,2002
10120,Telford and Wrekin,Female,All ages,80.43435,79.53026,81.33843,2003
10422,Telford and Wrekin,Female,All ages,80.12787,79.18839,81.06735,2004
10724,Telford and Wrekin,Female,All ages,81.37164,80.46976,82.27352,2005
11026,Telford and Wrekin,Female,All ages,80.24765,79.25798,81.23732,2006
11328,Telford and Wrekin,Female,All ages,81.66807,80.69327,82.64287,2007
11630,Telford and Wrekin,Female,All ages,81.17577,80.18431,82.16724,2008
11932,Telford and Wrekin,Female,All ages,82.11699,81.24045,82.99354,2009
12234,Telford and Wrekin,Female,All ages,81.74096,80.84835,82.63357,2010
12534,Telford and Wrekin,Female,All ages,81.94823,81.02878,82.86767,2011
12836,Telford and Wrekin,Female,All ages,81.07,80.15,81.99,2012
13142,Telford and Wrekin,Female,All ages,81.55,80.63,82.48,2013
13448,Telford and Wrekin,Female,All ages,83.04,82.11,83.97,2014
13754,Telford and Wrekin,Female,All ages,81.72,80.9,82.53,2015
14060,Telford and Wrekin,Female,All ages,82.73,81.94,83.52,2016
14366,Telford and Wrekin,Female,All ages,81.55,80.71,82.4,2017
14670,Telford and Wrekin,Female,All ages,81.94,81.08,82.8,2018
14972,Telford and Wrekin,Female,All ages,82.73,81.89,83.57,2019
15274,Telford and Wrekin,Female,All ages,81.82,81.05,82.58,2020
15576,Telford and Wrekin,Female,All ages,82.16,81.34,82.98,2021
15878,Telford and Wrekin,Female,All ages,82.19,81.33,83.06,2022
