,Area Name,Sex,Age,Value,Lower CI 95.0 limit,Upper CI 95.0 limit,Time period Sortable
9433,Dudley,Male,All ages,75.30254,74.62946,75.97562,2001
9735,Dudley,Male,All ages,75.93437,75.26597,76.60276,2002
10037,Dudley,Male,All ages,75.71878,75.06179,76.37577,2003
10339,Dudley,Male,All ages,76.19627,75.50433,76.88822,2004
10641,Dudley,Male,All ages,76.46766,75.78184,77.15348,2005
10943,Dudley,Male,All ages,77.10252,76.413,77.79204,2006
11245,Dudley,Male,All ages,77.53277,76.8917,78.17383,2007
11547,Dudley,Male,All ages,76.87387,76.16036,77.58739,2008
11849,Dudley,Male,All ages,78.56682,77.92021,79.21343,2009
12151,Dudley,Male,All ages,78.57346,77.87686,79.27005,2010
12451,Dudley,Male,All ages,78.69775,78.04243,79.35307,2011
12753,Dudley,Male,All ages,79.06,78.4,79.72,2012
13059,Dudley,Male,All ages,79.56,78.91,80.22,2013
13365,Dudley,Male,All ages,78.81,78.15,79.46,2014
13671,Dudley,Male,All ages,78.5,77.81,79.18,2015
13977,Dudley,Male,All ages,78.72,78.03,79.42,2016
14283,Dudley,Male,All ages,79.56,78.91,80.21,2017
14587,Dudley,Male,All ages,78.79,78.15,79.44,2018
14889,Dudley,Male,All ages,80.09,79.46,80.71,2019
15191,Dudley,Male,All ages,77.93,77.3,78.56,2020
15493,Dudley,Male,All ages,78.46,77.8,79.12,2021
15795,Dudley,Male,All ages,78.64,77.99,79.29,2022
