,Area Name,Sex,Age,Value,Lower CI 95.0 limit,Upper CI 95.0 limit,Time period Sortable
9410,Manchester,Male,All ages,71.1819,70.54887,71.81493,2001
9712,Manchester,Male,All ages,72.11141,71.47636,72.74645,2002
10014,Manchester,Male,All ages,71.89777,71.27811,72.51743,2003
10316,Manchester,Male,All ages,72.68946,72.05739,73.32153,2004
10618,Manchester,Male,All ages,72.6452,72.00468,73.28571,2005
10920,Manchester,Male,All ages,72.97238,72.36205,73.58271,2006
11222,Manchester,Male,All ages,73.9511,73.34379,74.55841,2007
11524,Manchester,Male,All ages,73.56951,72.93717,74.20184,2008
11826,Manchester,Male,All ages,73.55311,72.95141,74.1548,2009
12128,Manchester,Male,All ages,73.91852,73.30684,74.53019,2010
12428,Manchester,Male,All ages,74.51809,73.91269,75.12349,2011
12730,Manchester,Male,All ages,75.89,75.31,76.47,2012
13036,Manchester,Male,All ages,75.97,75.41,76.54,2013
13342,Manchester,Male,All ages,75.5,74.95,76.06,2014
13648,Manchester,Male,All ages,75.61,75.04,76.17,2015
13954,Manchester,Male,All ages,75.82,75.25,76.39,2016
14260,Manchester,Male,All ages,76.19,75.63,76.76,2017
14564,Manchester,Male,All ages,76.79,76.23,77.36,2018
14866,Manchester,Male,All ages,76.83,76.24,77.42,2019
15168,Manchester,Male,All ages,73.95,73.43,74.47,2020
15470,Manchester,Male,All ages,74.85,74.29,75.42,2021
15772,Manchester,Male,All ages,75.7,75.13,76.27,2022
