,Area Name,Sex,Age,Value,Lower CI 95.0 limit,Upper CI 95.0 limit,Time period Sortable
9396,Cornwall,Male,All ages,77.30732,76.77126,77.84338,2001
9698,Cornwall,Male,All ages,77.10872,76.55067,77.66677,2002
10000,Cornwall,Male,All ages,77.48958,76.96819,78.01097,2003
10302,Cornwall,Male,All ages,77.71671,77.16245,78.27098,2004
10604,Cornwall,Male,All ages,77.69659,77.14553,78.24765,2005
10906,Cornwall,Male,All ages,78.60589,78.07303,79.13875,2006
11208,Cornwall,Male,All ages,77.99765,77.48301,78.5123,2007
11510,Cornwall,Male,All ages,78.47294,77.94779,78.9981,2008
11812,Cornwall,Male,All ages,78.58028,78.0607,79.09986,2009
12114,Cornwall,Male,All ages,79.58962,79.06682,80.11243,2010
12416,Cornwall,Male,All ages,79.26075,78.73086,79.79064,2011
12714,Cornwall,Male,All ages,79.17,78.64,79.71,2012
13020,Cornwall,Male,All ages,79.48,78.97,80.0,2013
13326,Cornwall,Male,All ages,79.49,78.96,80.02,2014
13632,Cornwall,Male,All ages,79.63,79.13,80.12,2015
13938,Cornwall,Male,All ages,79.65,79.16,80.14,2016
14244,Cornwall,Male,All ages,79.8,79.31,80.29,2017
14550,Cornwall,Male,All ages,79.29,78.8,79.78,2018
14852,Cornwall,Male,All ages,79.76,79.26,80.27,2019
15154,Cornwall,Male,All ages,79.99,79.51,80.47,2020
15456,Cornwall,Male,All ages,79.44,78.94,79.94,2021
15758,Cornwall,Male,All ages,79.21,78.69,79.74,2022
