,Area Name,Sex,Age,Value,Lower CI 95.0 limit,Upper CI 95.0 limit,Time period Sortable
9491,Staffordshire,Male,All ages,76.14996,75.73814,76.56178,2001
9793,Staffordshire,Male,All ages,76.17666,75.76536,76.58797,2002
10095,Staffordshire,Male,All ages,75.91043,75.47925,76.34162,2003
10397,Staffordshire,Male,All ages,77.15725,76.75488,77.55963,2004
10699,Staffordshire,Male,All ages,77.02564,76.61672,77.43456,2005
11001,Staffordshire,Male,All ages,77.36785,76.95612,77.77957,2006
11303,Staffordshire,Male,All ages,78.08747,77.66066,78.51427,2007
11605,Staffordshire,Male,All ages,77.76913,77.3529,78.18536,2008
11907,Staffordshire,Male,All ages,78.31713,77.90395,78.7303,2009
12209,Staffordshire,Male,All ages,78.71815,78.30406,79.13225,2010
12509,Staffordshire,Male,All ages,79.71225,79.30336,80.12115,2011
12811,Staffordshire,Male,All ages,79.48,79.08,79.88,2012
13117,Staffordshire,Male,All ages,79.5,79.12,79.88,2013
13423,Staffordshire,Male,All ages,79.74,79.33,80.15,2014
13729,Staffordshire,Male,All ages,79.55,79.15,79.95,2015
14035,Staffordshire,Male,All ages,79.73,79.33,80.13,2016
14341,Staffordshire,Male,All ages,79.69,79.28,80.1,2017
14645,Staffordshire,Male,All ages,79.54,79.14,79.94,2018
14947,Staffordshire,Male,All ages,79.64,79.22,80.05,2019
15249,Staffordshire,Male,All ages,78.63,78.26,79.01,2020
15551,Staffordshire,Male,All ages,78.85,78.44,79.26,2021
15853,Staffordshire,Male,All ages,79.9,79.51,80.29,2022
