,Area Name,Sex,Age,Value,Lower CI 95.0 limit,Upper CI 95.0 limit,Time period Sortable
9348,Hartlepool,Male,All ages,73.53947,72.31141,74.76753,2001
9650,Hartlepool,Male,All ages,72.81304,71.42576,74.20031,2002
9952,Hartlepool,Male,All ages,73.99658,72.75798,75.23519,2003
10254,Hartlepool,Male,All ages,73.42602,72.13124,74.7208,2004
10556,Hartlepool,Male,All ages,75.08698,74.0026,76.17137,2005
10858,Hartlepool,Male,All ages,75.02198,73.7056,76.33836,2006
11160,Hartlepool,Male,All ages,75.04834,73.72482,76.37186,2007
11462,Hartlepool,Male,All ages,75.5223,74.30604,76.73855,2008
11764,Hartlepool,Male,All ages,75.59759,74.29135,76.90384,2009
12066,Hartlepool,Male,All ages,76.76498,75.56653,77.96343,2010
12368,Hartlepool,Male,All ages,77.15369,75.86943,78.43795,2011
12666,Hartlepool,Male,All ages,77.83,76.59,79.06,2012
12972,Hartlepool,Male,All ages,77.87,76.66,79.07,2013
13278,Hartlepool,Male,All ages,77.0,75.73,78.26,2014
13584,Hartlepool,Male,All ages,75.52,74.21,76.84,2015
13890,Hartlepool,Male,All ages,76.61,75.34,77.88,2016
14196,Hartlepool,Male,All ages,75.81,74.45,77.17,2017
14502,Hartlepool,Male,All ages,77.6,76.29,78.9,2018
14804,Hartlepool,Male,All ages,76.79,75.55,78.03,2019
15106,Hartlepool,Male,All ages,74.77,73.49,76.06,2020
15408,Hartlepool,Male,All ages,75.73,74.32,77.14,2021
15710,Hartlepool,Male,All ages,77.61,76.32,78.91,2022
