,Area Name,Sex,Age,Value,Lower CI 95.0 limit,Upper CI 95.0 limit,Time period Sortable
9612,Kingston upon Thames,Female,All ages,81.45663,80.53525,82.378,2001
9914,Kingston upon Thames,Female,All ages,81.18897,80.29083,82.0871,2002
10216,Kingston upon Thames,Female,All ages,81.24531,80.34783,82.1428,2003
10518,Kingston upon Thames,Female,All ages,82.45803,81.50548,83.41057,2004
10820,Kingston upon Thames,Female,All ages,83.20666,82.31981,84.09352,2005
11122,Kingston upon Thames,Female,All ages,82.77464,81.82209,83.72719,2006
11424,Kingston upon Thames,Female,All ages,82.97031,82.06162,83.87901,2007
11726,Kingston upon Thames,Female,All ages,83.66539,82.79038,84.5404,2008
12028,Kingston upon Thames,Female,All ages,83.77436,82.80269,84.74603,2009
12330,Kingston upon Thames,Female,All ages,84.15205,83.24196,85.06215,2010
12628,Kingston upon Thames,Female,All ages,84.76509,83.83362,85.69656,2011
12934,Kingston upon Thames,Female,All ages,84.65,83.7,85.59,2012
13240,Kingston upon Thames,Female,All ages,83.64,82.78,84.51,2013
13546,Kingston upon Thames,Female,All ages,85.01,84.01,86.01,2014
13852,Kingston upon Thames,Female,All ages,84.26,83.37,85.15,2015
14158,Kingston upon Thames,Female,All ages,84.69,83.77,85.61,2016
14464,Kingston upon Thames,Female,All ages,84.65,83.75,85.55,2017
14766,Kingston upon Thames,Female,All ages,84.35,83.41,85.28,2018
15068,Kingston upon Thames,Female,All ages,85.13,84.2,86.07,2019
15370,Kingston upon Thames,Female,All ages,84.55,83.72,85.39,2020
15672,Kingston upon Thames,Female,All ages,84.62,83.74,85.49,2021
15974,Kingston upon Thames,Female,All ages,84.9,84.03,85.77,2022
