,Area Name,Sex,Age,Value,Lower CI 95.0 limit,Upper CI 95.0 limit,Time period Sortable
9592,Gateshead,Female,All ages,78.85982,78.04532,79.67432,2001
9894,Gateshead,Female,All ages,79.63894,78.86352,80.41435,2002
10196,Gateshead,Female,All ages,79.13204,78.31843,79.94564,2003
10498,Gateshead,Female,All ages,79.62183,78.83289,80.41077,2004
10800,Gateshead,Female,All ages,80.02905,79.30637,80.75173,2005
11102,Gateshead,Female,All ages,80.36904,79.52608,81.21201,2006
11404,Gateshead,Female,All ages,80.8028,79.96245,81.64315,2007
11706,Gateshead,Female,All ages,80.4757,79.64297,81.30844,2008
12008,Gateshead,Female,All ages,80.90917,80.12987,81.68847,2009
12310,Gateshead,Female,All ages,81.83972,81.13316,82.54628,2010
12608,Gateshead,Female,All ages,81.22627,80.44629,82.00624,2011
12914,Gateshead,Female,All ages,80.81,80.07,81.55,2012
13220,Gateshead,Female,All ages,81.37,80.62,82.13,2013
13526,Gateshead,Female,All ages,81.35,80.57,82.13,2014
13832,Gateshead,Female,All ages,81.39,80.66,82.12,2015
14138,Gateshead,Female,All ages,81.05,80.27,81.82,2016
14444,Gateshead,Female,All ages,81.66,80.95,82.38,2017
14746,Gateshead,Female,All ages,81.42,80.6,82.25,2018
15048,Gateshead,Female,All ages,82.08,81.25,82.91,2019
15350,Gateshead,Female,All ages,81.02,80.23,81.81,2020
15652,Gateshead,Female,All ages,81.23,80.44,82.02,2021
15954,Gateshead,Female,All ages,82.0,81.23,82.76,2022
