,Area Name,Sex,Age,Value,Lower CI 95.0 limit,Upper CI 95.0 limit,Time period Sortable
9554,West Northamptonshire,Female,All ages,81.24407,80.61568,81.87247,2001
9856,West Northamptonshire,Female,All ages,80.87672,80.24559,81.50785,2002
10158,West Northamptonshire,Female,All ages,80.89799,80.25615,81.53983,2003
10460,West Northamptonshire,Female,All ages,81.27281,80.6299,81.91572,2004
10762,West Northamptonshire,Female,All ages,81.96217,81.36805,82.55629,2005
11064,West Northamptonshire,Female,All ages,81.69799,81.10067,82.29531,2006
11366,West Northamptonshire,Female,All ages,81.89714,81.27637,82.51792,2007
11668,West Northamptonshire,Female,All ages,82.50029,81.91406,83.08653,2008
11970,West Northamptonshire,Female,All ages,82.2793,81.65878,82.89983,2009
12272,West Northamptonshire,Female,All ages,83.20091,82.63196,83.76986,2010
12572,West Northamptonshire,Female,All ages,82.57894,81.9763,83.18158,2011
12874,West Northamptonshire,Female,All ages,82.2,81.61,82.79,2012
13180,West Northamptonshire,Female,All ages,83.07,82.5,83.65,2013
13486,West Northamptonshire,Female,All ages,83.48,82.9,84.07,2014
13792,West Northamptonshire,Female,All ages,83.45,82.9,83.99,2015
14098,West Northamptonshire,Female,All ages,83.03,82.44,83.62,2016
14404,West Northamptonshire,Female,All ages,83.48,82.9,84.06,2017
14708,West Northamptonshire,Female,All ages,83.04,82.47,83.62,2018
15010,West Northamptonshire,Female,All ages,83.53,82.99,84.08,2019
15312,West Northamptonshire,Female,All ages,82.16,81.59,82.73,2020
15614,West Northamptonshire,Female,All ages,83.4,82.85,83.96,2021
15916,West Northamptonshire,Female,All ages,83.51,82.99,84.04,2022
