,Area Name,Sex,Age,Value,Lower CI 95.0 limit,Upper CI 95.0 limit,Time period Sortable
9638,Nottinghamshire,Female,All ages,80.32748,79.92265,80.7323,2001
9940,Nottinghamshire,Female,All ages,80.45576,80.04958,80.86194,2002
10242,Nottinghamshire,Female,All ages,80.59869,80.18976,81.00761,2003
10544,Nottinghamshire,Female,All ages,81.00907,80.58726,81.43089,2004
10846,Nottinghamshire,Female,All ages,81.24154,80.84013,81.64295,2005
11148,Nottinghamshire,Female,All ages,81.79354,81.39217,82.19492,2006
11450,Nottinghamshire,Female,All ages,81.38989,80.98238,81.79741,2007
11752,Nottinghamshire,Female,All ages,81.71479,81.31831,82.11127,2008
12054,Nottinghamshire,Female,All ages,82.05568,81.66304,82.44832,2009
12356,Nottinghamshire,Female,All ages,82.48625,82.09931,82.87319,2010
12654,Nottinghamshire,Female,All ages,82.83637,82.44947,83.22326,2011
12960,Nottinghamshire,Female,All ages,82.7,82.32,83.08,2012
13266,Nottinghamshire,Female,All ages,83.14,82.78,83.5,2013
13572,Nottinghamshire,Female,All ages,82.86,82.46,83.26,2014
13878,Nottinghamshire,Female,All ages,82.5,82.13,82.88,2015
14184,Nottinghamshire,Female,All ages,82.78,82.39,83.16,2016
14490,Nottinghamshire,Female,All ages,82.57,82.2,82.94,2017
14792,Nottinghamshire,Female,All ages,82.79,82.41,83.17,2018
15094,Nottinghamshire,Female,All ages,82.84,82.45,83.22,2019
15396,Nottinghamshire,Female,All ages,82.29,81.91,82.66,2020
15698,Nottinghamshire,Female,All ages,82.55,82.17,82.93,2021
16000,Nottinghamshire,Female,All ages,82.97,82.58,83.37,2022
