,Area Name,Sex,Age,Value,Lower CI 95.0 limit,Upper CI 95.0 limit,Time period Sortable
9478,Devon,Male,All ages,77.61611,77.18422,78.04799,2001
9780,Devon,Male,All ages,77.42851,76.9794,77.87762,2002
10082,Devon,Male,All ages,78.46317,78.04698,78.87937,2003
10384,Devon,Male,All ages,78.34079,77.88924,78.79234,2004
10686,Devon,Male,All ages,78.54778,78.10383,78.99174,2005
10988,Devon,Male,All ages,79.16172,78.72677,79.59668,2006
11290,Devon,Male,All ages,79.065,78.61145,79.51855,2007
11592,Devon,Male,All ages,79.64053,79.21152,80.06955,2008
11894,Devon,Male,All ages,79.65081,79.20822,80.09341,2009
12196,Devon,Male,All ages,80.39305,79.97352,80.81258,2010
12496,Devon,Male,All ages,80.41536,79.97696,80.85376,2011
12798,Devon,Male,All ages,80.07,79.65,80.49,2012
13104,Devon,Male,All ages,80.44,80.01,80.86,2013
13410,Devon,Male,All ages,80.59,80.16,81.01,2014
13716,Devon,Male,All ages,79.91,79.47,80.35,2015
14022,Devon,Male,All ages,80.6,80.19,81.01,2016
14328,Devon,Male,All ages,80.71,80.3,81.12,2017
14632,Devon,Male,All ages,80.58,80.16,80.99,2018
14934,Devon,Male,All ages,80.73,80.31,81.15,2019
15236,Devon,Male,All ages,80.79,80.38,81.19,2020
15538,Devon,Male,All ages,80.76,80.34,81.19,2021
15840,Devon,Male,All ages,80.64,80.23,81.05,2022
