,Area Name,Sex,Age,Value,Lower CI 95.0 limit,Upper CI 95.0 limit,Time period Sortable
9481,Gloucestershire,Male,All ages,77.06411,76.56318,77.56504,2001
9783,Gloucestershire,Male,All ages,77.68745,77.18993,78.18497,2002
10085,Gloucestershire,Male,All ages,77.32085,76.82512,77.81658,2003
10387,Gloucestershire,Male,All ages,77.79636,77.31018,78.28255,2004
10689,Gloucestershire,Male,All ages,78.60201,78.09947,79.10456,2005
10991,Gloucestershire,Male,All ages,78.47969,77.97243,78.98696,2006
11293,Gloucestershire,Male,All ages,78.64632,78.14635,79.14629,2007
11595,Gloucestershire,Male,All ages,79.12654,78.64206,79.61102,2008
11897,Gloucestershire,Male,All ages,79.17176,78.67744,79.66608,2009
12199,Gloucestershire,Male,All ages,79.85014,79.35128,80.349,2010
12499,Gloucestershire,Male,All ages,79.8296,79.34827,80.31093,2011
12801,Gloucestershire,Male,All ages,79.98,79.52,80.44,2012
13107,Gloucestershire,Male,All ages,79.65,79.17,80.13,2013
13413,Gloucestershire,Male,All ages,80.4,79.94,80.85,2014
13719,Gloucestershire,Male,All ages,80.34,79.89,80.79,2015
14025,Gloucestershire,Male,All ages,79.4,78.93,79.88,2016
14331,Gloucestershire,Male,All ages,80.93,80.49,81.38,2017
14635,Gloucestershire,Male,All ages,80.46,80.0,80.92,2018
14937,Gloucestershire,Male,All ages,80.61,80.16,81.06,2019
15239,Gloucestershire,Male,All ages,79.58,79.13,80.02,2020
15541,Gloucestershire,Male,All ages,80.07,79.61,80.52,2021
15843,Gloucestershire,Male,All ages,79.82,79.35,80.3,2022
