,Area Name,Sex,Age,Value,Lower CI 95.0 limit,Upper CI 95.0 limit,Time period Sortable
9513,Rutland,Female,All ages,82.97275,80.72332,85.22217,2001
9815,Rutland,Female,All ages,83.65888,81.825,85.49277,2002
10117,Rutland,Female,All ages,84.17556,82.68862,85.6625,2003
10419,Rutland,Female,All ages,84.13732,82.61041,85.66423,2004
10721,Rutland,Female,All ages,82.93322,80.42136,85.44508,2005
11023,Rutland,Female,All ages,84.81959,82.6277,87.01148,2006
11325,Rutland,Female,All ages,85.83439,84.18512,87.48366,2007
11627,Rutland,Female,All ages,82.86443,80.79946,84.92941,2008
11929,Rutland,Female,All ages,82.64814,80.1942,85.10207,2009
12231,Rutland,Female,All ages,83.76558,81.99709,85.53407,2010
12531,Rutland,Female,All ages,84.79223,83.04171,86.54275,2011
12833,Rutland,Female,All ages,85.42,83.96,86.88,2012
13139,Rutland,Female,All ages,86.66,84.58,88.73,2013
13445,Rutland,Female,All ages,85.02,82.84,87.19,2014
13751,Rutland,Female,All ages,84.12,82.49,85.75,2015
14057,Rutland,Female,All ages,87.36,85.68,89.04,2016
14363,Rutland,Female,All ages,85.95,84.64,87.26,2017
14667,Rutland,Female,All ages,84.23,82.35,86.12,2018
14969,Rutland,Female,All ages,85.6,83.64,87.56,2019
15271,Rutland,Female,All ages,84.65,83.07,86.22,2020
15573,Rutland,Female,All ages,85.48,84.17,86.79,2021
15875,Rutland,Female,All ages,83.36,81.04,85.68,2022
