,Area Name,Sex,Age,Value,Lower CI 95.0 limit,Upper CI 95.0 limit,Time period Sortable
9500,Stockton-on-Tees,Female,All ages,78.91828,78.04238,79.79418,2001
9802,Stockton-on-Tees,Female,All ages,80.31868,79.53111,81.10626,2002
10104,Stockton-on-Tees,Female,All ages,79.92424,79.11786,80.73062,2003
10406,Stockton-on-Tees,Female,All ages,79.43876,78.53655,80.34096,2004
10708,Stockton-on-Tees,Female,All ages,80.42443,79.62615,81.22271,2005
11010,Stockton-on-Tees,Female,All ages,80.58821,79.80997,81.36644,2006
11312,Stockton-on-Tees,Female,All ages,80.87396,80.06482,81.6831,2007
11614,Stockton-on-Tees,Female,All ages,80.56751,79.74618,81.38883,2008
11916,Stockton-on-Tees,Female,All ages,81.19658,80.36553,82.02763,2009
12218,Stockton-on-Tees,Female,All ages,82.31899,81.45646,83.18153,2010
12518,Stockton-on-Tees,Female,All ages,81.32913,80.45902,82.19924,2011
12820,Stockton-on-Tees,Female,All ages,82.76,81.99,83.53,2012
13126,Stockton-on-Tees,Female,All ages,82.23,81.43,83.04,2013
13432,Stockton-on-Tees,Female,All ages,81.38,80.49,82.26,2014
13738,Stockton-on-Tees,Female,All ages,81.52,80.77,82.28,2015
14044,Stockton-on-Tees,Female,All ages,81.01,80.19,81.84,2016
14350,Stockton-on-Tees,Female,All ages,81.46,80.66,82.25,2017
14654,Stockton-on-Tees,Female,All ages,81.54,80.75,82.33,2018
14956,Stockton-on-Tees,Female,All ages,81.7,80.88,82.52,2019
15258,Stockton-on-Tees,Female,All ages,80.29,79.46,81.13,2020
15560,Stockton-on-Tees,Female,All ages,82.11,81.26,82.96,2021
15862,Stockton-on-Tees,Female,All ages,81.13,80.25,82.01,2022
