,Area Name,Sex,Age,Value,Lower CI 95.0 limit,Upper CI 95.0 limit,Time period Sortable
9560,Oldham,Female,All ages,78.97061,78.16766,79.77356,2001
9862,Oldham,Female,All ages,78.2037,77.39929,79.00811,2002
10164,Oldham,Female,All ages,78.65457,77.87384,79.43531,2003
10466,Oldham,Female,All ages,79.63897,78.86112,80.41682,2004
10768,Oldham,Female,All ages,79.37155,78.60808,80.13502,2005
11070,Oldham,Female,All ages,78.78723,77.98889,79.58557,2006
11372,Oldham,Female,All ages,79.06664,78.3103,79.82299,2007
11674,Oldham,Female,All ages,79.89683,79.14041,80.65326,2008
11976,Oldham,Female,All ages,80.26226,79.50417,81.02035,2009
12278,Oldham,Female,All ages,80.79513,79.97222,81.61804,2010
12576,Oldham,Female,All ages,81.3576,80.61304,82.10216,2011
12882,Oldham,Female,All ages,81.06,80.29,81.82,2012
13188,Oldham,Female,All ages,81.32,80.55,82.09,2013
13494,Oldham,Female,All ages,79.91,79.14,80.69,2014
13800,Oldham,Female,All ages,80.78,80.07,81.5,2015
14106,Oldham,Female,All ages,80.92,80.16,81.68,2016
14412,Oldham,Female,All ages,80.92,80.15,81.69,2017
14714,Oldham,Female,All ages,81.64,80.93,82.35,2018
15016,Oldham,Female,All ages,80.42,79.64,81.21,2019
15318,Oldham,Female,All ages,79.59,78.84,80.33,2020
15620,Oldham,Female,All ages,79.45,78.63,80.26,2021
15922,Oldham,Female,All ages,81.21,80.51,81.92,2022
