,Area Name,Sex,Age,Value,Lower CI 95.0 limit,Upper CI 95.0 limit,Time period Sortable
9390,Southampton,Male,All ages,76.42225,75.55793,77.28657,2001
9692,Southampton,Male,All ages,75.46799,74.64312,76.29285,2002
9994,Southampton,Male,All ages,75.64313,74.81271,76.47355,2003
10296,Southampton,Male,All ages,77.13489,76.34466,77.92511,2004
10598,Southampton,Male,All ages,76.01958,75.12263,76.91653,2005
10900,Southampton,Male,All ages,76.29839,75.44785,77.14892,2006
11202,Southampton,Male,All ages,77.91049,77.05429,78.76668,2007
11504,Southampton,Male,All ages,77.3116,76.51323,78.10998,2008
11806,Southampton,Male,All ages,78.78141,77.93734,79.62549,2009
12108,Southampton,Male,All ages,78.41044,77.51075,79.31012,2010
12410,Southampton,Male,All ages,78.49917,77.63801,79.36033,2011
12708,Southampton,Male,All ages,78.47,77.69,79.26,2012
13014,Southampton,Male,All ages,77.43,76.63,78.22,2013
13320,Southampton,Male,All ages,78.39,77.63,79.15,2014
13626,Southampton,Male,All ages,79.03,78.21,79.84,2015
13932,Southampton,Male,All ages,78.16,77.37,78.94,2016
14238,Southampton,Male,All ages,78.11,77.32,78.89,2017
14544,Southampton,Male,All ages,78.38,77.61,79.14,2018
14846,Southampton,Male,All ages,79.42,78.57,80.27,2019
15148,Southampton,Male,All ages,77.73,76.98,78.48,2020
15450,Southampton,Male,All ages,77.53,76.78,78.28,2021
15752,Southampton,Male,All ages,78.18,77.4,78.97,2022
