,Area Name,Sex,Age,Value,Lower CI 95.0 limit,Upper CI 95.0 limit,Time period Sortable
9636,Lincolnshire,Female,All ages,80.74656,80.29624,81.19689,2001
9938,Lincolnshire,Female,All ages,80.58581,80.11692,81.05471,2002
10240,Lincolnshire,Female,All ages,80.66266,80.21212,81.1132,2003
10542,Lincolnshire,Female,All ages,81.20289,80.76113,81.64465,2004
10844,Lincolnshire,Female,All ages,81.70648,81.28185,82.13111,2005
11146,Lincolnshire,Female,All ages,81.56109,81.11945,82.00272,2006
11448,Lincolnshire,Female,All ages,81.5291,81.09378,81.96442,2007
11750,Lincolnshire,Female,All ages,81.51039,81.0677,81.95307,2008
12052,Lincolnshire,Female,All ages,82.41996,82.0053,82.83462,2009
12354,Lincolnshire,Female,All ages,82.53332,82.10276,82.96388,2010
12652,Lincolnshire,Female,All ages,82.92004,82.51116,83.32892,2011
12958,Lincolnshire,Female,All ages,82.81,82.4,83.21,2012
13264,Lincolnshire,Female,All ages,83.02,82.63,83.41,2013
13570,Lincolnshire,Female,All ages,83.41,83.01,83.82,2014
13876,Lincolnshire,Female,All ages,82.91,82.54,83.27,2015
14182,Lincolnshire,Female,All ages,83.18,82.79,83.57,2016
14488,Lincolnshire,Female,All ages,82.55,82.16,82.94,2017
14790,Lincolnshire,Female,All ages,82.76,82.39,83.13,2018
15092,Lincolnshire,Female,All ages,83.12,82.73,83.51,2019
15394,Lincolnshire,Female,All ages,82.31,81.94,82.68,2020
15696,Lincolnshire,Female,All ages,82.75,82.37,83.14,2021
15998,Lincolnshire,Female,All ages,82.73,82.34,83.11,2022
