,Area Name,Sex,Age,Value,Lower CI 95.0 limit,Upper CI 95.0 limit,Time period Sortable
9426,Sheffield,Male,All ages,75.57018,75.0392,76.10116,2001
9728,Sheffield,Male,All ages,75.44919,74.88596,76.01243,2002
10030,Sheffield,Male,All ages,76.0735,75.54504,76.60195,2003
10332,Sheffield,Male,All ages,76.68501,76.16302,77.207,2004
10634,Sheffield,Male,All ages,76.79877,76.29322,77.30432,2005
10936,Sheffield,Male,All ages,77.32022,76.77949,77.86094,2006
11238,Sheffield,Male,All ages,77.19392,76.64294,77.7449,2007
11540,Sheffield,Male,All ages,77.61355,77.10182,78.12529,2008
11842,Sheffield,Male,All ages,77.96742,77.44525,78.48959,2009
12144,Sheffield,Male,All ages,78.40252,77.89479,78.91025,2010
12444,Sheffield,Male,All ages,78.55928,78.03995,79.0786,2011
12746,Sheffield,Male,All ages,78.83,78.31,79.35,2012
13052,Sheffield,Male,All ages,78.67,78.15,79.18,2013
13358,Sheffield,Male,All ages,78.96,78.44,79.48,2014
13664,Sheffield,Male,All ages,78.42,77.87,78.98,2015
13970,Sheffield,Male,All ages,79.47,78.97,79.96,2016
14276,Sheffield,Male,All ages,79.49,78.99,79.98,2017
14580,Sheffield,Male,All ages,78.86,78.35,79.37,2018
14882,Sheffield,Male,All ages,79.03,78.52,79.54,2019
15184,Sheffield,Male,All ages,77.43,76.94,77.92,2020
15486,Sheffield,Male,All ages,78.89,78.37,79.41,2021
15788,Sheffield,Male,All ages,77.98,77.46,78.5,2022
