,Area Name,Sex,Age,Value,Lower CI 95.0 limit,Upper CI 95.0 limit,Time period Sortable
9598,Camden,Female,All ages,80.22381,79.30043,81.14719,2001
9900,Camden,Female,All ages,81.0091,80.07747,81.94074,2002
10202,Camden,Female,All ages,81.7025,80.83922,82.56578,2003
10504,Camden,Female,All ages,81.06492,80.15849,81.97135,2004
10806,Camden,Female,All ages,82.4786,81.547,83.4102,2005
11108,Camden,Female,All ages,82.01414,81.08468,82.94361,2006
11410,Camden,Female,All ages,82.59877,81.70142,83.49612,2007
11712,Camden,Female,All ages,83.64773,82.69858,84.59688,2008
12014,Camden,Female,All ages,84.38023,83.41791,85.34255,2009
12316,Camden,Female,All ages,84.24362,83.21914,85.2681,2010
12614,Camden,Female,All ages,84.5538,83.50726,85.60035,2011
12920,Camden,Female,All ages,85.48,84.41,86.55,2012
13226,Camden,Female,All ages,85.59,84.62,86.57,2013
13532,Camden,Female,All ages,85.79,84.72,86.87,2014
13838,Camden,Female,All ages,85.16,84.29,86.03,2015
14144,Camden,Female,All ages,86.53,85.44,87.63,2016
14450,Camden,Female,All ages,84.07,83.12,85.01,2017
14752,Camden,Female,All ages,85.14,84.18,86.09,2018
15054,Camden,Female,All ages,85.19,84.23,86.15,2019
15356,Camden,Female,All ages,84.28,83.36,85.2,2020
15658,Camden,Female,All ages,83.85,83.0,84.71,2021
15960,Camden,Female,All ages,85.58,84.57,86.6,2022
