,Area Name,Sex,Age,Value,Lower CI 95.0 limit,Upper CI 95.0 limit,Time period Sortable
9539,Southampton,Female,All ages,80.88556,79.99585,81.77528,2001
9841,Southampton,Female,All ages,80.31944,79.449,81.18989,2002
10143,Southampton,Female,All ages,80.55365,79.76816,81.33914,2003
10445,Southampton,Female,All ages,81.39967,80.57462,82.22471,2004
10747,Southampton,Female,All ages,80.98511,80.15066,81.81957,2005
11049,Southampton,Female,All ages,81.90973,81.0752,82.74425,2006
11351,Southampton,Female,All ages,81.90959,81.07146,82.74773,2007
11653,Southampton,Female,All ages,81.20213,80.40498,81.99927,2008
11955,Southampton,Female,All ages,82.57933,81.68897,83.4697,2009
12257,Southampton,Female,All ages,82.62726,81.76488,83.48965,2010
12557,Southampton,Female,All ages,82.87238,82.08322,83.66154,2011
12859,Southampton,Female,All ages,82.36,81.6,83.13,2012
13165,Southampton,Female,All ages,82.65,81.85,83.46,2013
13471,Southampton,Female,All ages,83.77,82.97,84.57,2014
13777,Southampton,Female,All ages,82.15,81.38,82.93,2015
14083,Southampton,Female,All ages,82.4,81.64,83.16,2016
14389,Southampton,Female,All ages,82.66,81.9,83.42,2017
14693,Southampton,Female,All ages,82.68,81.96,83.41,2018
14995,Southampton,Female,All ages,82.08,81.26,82.89,2019
15297,Southampton,Female,All ages,82.53,81.78,83.29,2020
15599,Southampton,Female,All ages,82.19,81.44,82.94,2021
15901,Southampton,Female,All ages,82.44,81.7,83.18,2022
