,Area Name,Sex,Age,Value,Lower CI 95.0 limit,Upper CI 95.0 limit,Time period Sortable
9603,Hackney,Female,All ages,79.74654,78.65009,80.84299,2001
9905,Hackney,Female,All ages,80.06227,79.00563,81.11892,2002
10207,Hackney,Female,All ages,80.77869,79.75378,81.8036,2003
10509,Hackney,Female,All ages,80.89689,79.87675,81.91703,2004
10811,Hackney,Female,All ages,81.63346,80.59885,82.66807,2005
11113,Hackney,Female,All ages,81.0029,79.93659,82.06921,2006
11415,Hackney,Female,All ages,81.43612,80.27162,82.60063,2007
11717,Hackney,Female,All ages,81.00594,79.91955,82.09233,2008
12019,Hackney,Female,All ages,81.63454,80.60065,82.66844,2009
12321,Hackney,Female,All ages,81.94392,80.90098,82.98687,2010
12619,Hackney,Female,All ages,82.76111,81.83202,83.6902,2011
12925,Hackney,Female,All ages,82.57,81.53,83.62,2012
13231,Hackney,Female,All ages,83.0,82.0,84.0,2013
13537,Hackney,Female,All ages,82.67,81.7,83.64,2014
13843,Hackney,Female,All ages,81.9,80.94,82.86,2015
14149,Hackney,Female,All ages,82.9,81.94,83.85,2016
14455,Hackney,Female,All ages,82.74,81.75,83.72,2017
14757,Hackney,Female,All ages,83.79,82.87,84.72,2018
15059,Hackney,Female,All ages,84.11,83.07,85.14,2019
15361,Hackney,Female,All ages,81.34,80.51,82.17,2020
15663,Hackney,Female,All ages,81.78,80.99,82.56,2021
15965,Hackney,Female,All ages,82.37,81.39,83.35,2022
