,Area Name,Sex,Age,Value,Lower CI 95.0 limit,Upper CI 95.0 limit,Time period Sortable
9492,Suffolk,Male,All ages,77.25702,76.79372,77.72032,2001
9794,Suffolk,Male,All ages,77.72847,77.29625,78.16069,2002
10096,Suffolk,Male,All ages,77.96093,77.51401,78.40785,2003
10398,Suffolk,Male,All ages,78.06518,77.61795,78.51242,2004
10700,Suffolk,Male,All ages,79.04092,78.60198,79.47987,2005
11002,Suffolk,Male,All ages,79.44031,79.01251,79.86812,2006
11304,Suffolk,Male,All ages,78.91732,78.46417,79.37046,2007
11606,Suffolk,Male,All ages,79.37611,78.93515,79.81708,2008
11908,Suffolk,Male,All ages,79.8976,79.45288,80.34232,2009
12210,Suffolk,Male,All ages,79.91618,79.48644,80.34592,2010
12510,Suffolk,Male,All ages,80.50394,80.06567,80.9422,2011
12812,Suffolk,Male,All ages,80.89,80.46,81.33,2012
13118,Suffolk,Male,All ages,80.29,79.88,80.7,2013
13424,Suffolk,Male,All ages,80.74,80.3,81.17,2014
13730,Suffolk,Male,All ages,80.9,80.5,81.3,2015
14036,Suffolk,Male,All ages,80.7,80.27,81.12,2016
14342,Suffolk,Male,All ages,80.72,80.31,81.12,2017
14646,Suffolk,Male,All ages,80.36,79.94,80.79,2018
14948,Suffolk,Male,All ages,81.23,80.81,81.64,2019
15250,Suffolk,Male,All ages,79.98,79.58,80.39,2020
15552,Suffolk,Male,All ages,80.34,79.93,80.75,2021
15854,Suffolk,Male,All ages,80.49,80.07,80.92,2022
