,Area Name,Sex,Age,Value,Lower CI 95.0 limit,Upper CI 95.0 limit,Time period Sortable
9552,Buckinghamshire UA,Female,All ages,81.91307,81.39866,82.42749,2001
9854,Buckinghamshire UA,Female,All ages,81.85108,81.35176,82.35041,2002
10156,Buckinghamshire UA,Female,All ages,82.00364,81.47174,82.53555,2003
10458,Buckinghamshire UA,Female,All ages,82.27848,81.75927,82.79769,2004
10760,Buckinghamshire UA,Female,All ages,82.4364,81.89488,82.97793,2005
11062,Buckinghamshire UA,Female,All ages,83.25559,82.74018,83.77101,2006
11364,Buckinghamshire UA,Female,All ages,83.3073,82.77976,83.83484,2007
11666,Buckinghamshire UA,Female,All ages,83.61934,83.10676,84.13191,2008
11968,Buckinghamshire UA,Female,All ages,84.04138,83.52798,84.55478,2009
12270,Buckinghamshire UA,Female,All ages,83.79617,83.2596,84.33274,2010
12570,Buckinghamshire UA,Female,All ages,84.76846,84.25942,85.2775,2011
12872,Buckinghamshire UA,Female,All ages,84.4,83.9,84.91,2012
13178,Buckinghamshire UA,Female,All ages,85.03,84.54,85.51,2013
13484,Buckinghamshire UA,Female,All ages,85.09,84.6,85.59,2014
13790,Buckinghamshire UA,Female,All ages,84.37,83.89,84.85,2015
14096,Buckinghamshire UA,Female,All ages,84.97,84.47,85.46,2016
14402,Buckinghamshire UA,Female,All ages,84.9,84.41,85.39,2017
14706,Buckinghamshire UA,Female,All ages,84.95,84.47,85.43,2018
15008,Buckinghamshire UA,Female,All ages,85.57,85.1,86.04,2019
15310,Buckinghamshire UA,Female,All ages,84.17,83.7,84.64,2020
15612,Buckinghamshire UA,Female,All ages,84.28,83.79,84.76,2021
15914,Buckinghamshire UA,Female,All ages,85.03,84.56,85.49,2022
