,Area Name,Sex,Age,Value,Lower CI 95.0 limit,Upper CI 95.0 limit,Time period Sortable
9420,St. Helens,Male,All ages,73.84787,72.91963,74.77611,2001
9722,St. Helens,Male,All ages,74.39927,73.52957,75.26898,2002
10024,St. Helens,Male,All ages,74.73387,73.79138,75.67635,2003
10326,St. Helens,Male,All ages,76.21739,75.36285,77.07192,2004
10628,St. Helens,Male,All ages,74.85103,73.92999,75.77207,2005
10930,St. Helens,Male,All ages,75.03129,74.03503,76.02754,2006
11232,St. Helens,Male,All ages,76.1807,75.3295,77.03189,2007
11534,St. Helens,Male,All ages,75.97371,75.07442,76.87301,2008
11836,St. Helens,Male,All ages,75.42666,74.465,76.38832,2009
12138,St. Helens,Male,All ages,77.65639,76.78775,78.52504,2010
12438,St. Helens,Male,All ages,78.51921,77.65283,79.3856,2011
12740,St. Helens,Male,All ages,77.55,76.66,78.44,2012
13046,St. Helens,Male,All ages,77.51,76.62,78.39,2013
13352,St. Helens,Male,All ages,77.65,76.79,78.5,2014
13658,St. Helens,Male,All ages,77.4,76.53,78.28,2015
13964,St. Helens,Male,All ages,77.46,76.57,78.35,2016
14270,St. Helens,Male,All ages,77.81,76.94,78.68,2017
14574,St. Helens,Male,All ages,78.19,77.32,79.06,2018
14876,St. Helens,Male,All ages,77.62,76.78,78.45,2019
15178,St. Helens,Male,All ages,76.94,76.07,77.8,2020
15480,St. Helens,Male,All ages,75.79,74.89,76.68,2021
15782,St. Helens,Male,All ages,77.5,76.69,78.3,2022
