,Area Name,Sex,Age,Value,Lower CI 95.0 limit,Upper CI 95.0 limit,Time period Sortable
9358,East Riding of Yorkshire,Male,All ages,77.20592,76.53776,77.87408,2001
9660,East Riding of Yorkshire,Male,All ages,77.27923,76.6314,77.92706,2002
9962,East Riding of Yorkshire,Male,All ages,77.04037,76.37863,77.70211,2003
10264,East Riding of Yorkshire,Male,All ages,77.78474,77.12678,78.44269,2004
10566,East Riding of Yorkshire,Male,All ages,77.87866,77.21119,78.54613,2005
10868,East Riding of Yorkshire,Male,All ages,78.1172,77.44052,78.79388,2006
11170,East Riding of Yorkshire,Male,All ages,79.24241,78.57588,79.90895,2007
11472,East Riding of Yorkshire,Male,All ages,78.41244,77.75896,79.06593,2008
11774,East Riding of Yorkshire,Male,All ages,79.29081,78.65823,79.9234,2009
12076,East Riding of Yorkshire,Male,All ages,78.99865,78.32729,79.67,2010
12378,East Riding of Yorkshire,Male,All ages,79.5691,78.94043,80.19778,2011
12676,East Riding of Yorkshire,Male,All ages,79.82,79.2,80.43,2012
12982,East Riding of Yorkshire,Male,All ages,80.34,79.74,80.95,2013
13288,East Riding of Yorkshire,Male,All ages,80.35,79.74,80.95,2014
13594,East Riding of Yorkshire,Male,All ages,80.0,79.42,80.58,2015
13900,East Riding of Yorkshire,Male,All ages,79.99,79.36,80.61,2016
14206,East Riding of Yorkshire,Male,All ages,80.04,79.42,80.66,2017
14512,East Riding of Yorkshire,Male,All ages,80.37,79.76,80.97,2018
14814,East Riding of Yorkshire,Male,All ages,80.74,80.13,81.36,2019
15116,East Riding of Yorkshire,Male,All ages,79.24,78.6,79.88,2020
15418,East Riding of Yorkshire,Male,All ages,79.68,79.02,80.33,2021
15720,East Riding of Yorkshire,Male,All ages,80.37,79.78,80.95,2022
