,Area Name,Sex,Age,Value,Lower CI 95.0 limit,Upper CI 95.0 limit,Time period Sortable
9587,Bradford,Female,All ages,78.8063,78.22067,79.39192,2001
9889,Bradford,Female,All ages,79.22793,78.6861,79.76975,2002
10191,Bradford,Female,All ages,79.43449,78.8641,80.00488,2003
10493,Bradford,Female,All ages,79.92334,79.39374,80.45295,2004
10795,Bradford,Female,All ages,79.51061,78.95389,80.06733,2005
11097,Bradford,Female,All ages,80.21793,79.68424,80.75162,2006
11399,Bradford,Female,All ages,79.83504,79.2897,80.38037,2007
11701,Bradford,Female,All ages,80.48081,79.97333,80.98829,2008
12003,Bradford,Female,All ages,80.80571,80.25346,81.35795,2009
12305,Bradford,Female,All ages,81.04238,80.49959,81.58517,2010
12603,Bradford,Female,All ages,81.21764,80.67279,81.76249,2011
12909,Bradford,Female,All ages,81.81,81.3,82.33,2012
13215,Bradford,Female,All ages,80.82,80.3,81.33,2013
13521,Bradford,Female,All ages,81.48,80.95,82.0,2014
13827,Bradford,Female,All ages,81.61,81.1,82.13,2015
14133,Bradford,Female,All ages,81.57,81.08,82.07,2016
14439,Bradford,Female,All ages,81.64,81.13,82.15,2017
14741,Bradford,Female,All ages,81.74,81.22,82.26,2018
15043,Bradford,Female,All ages,82.48,81.98,82.97,2019
15345,Bradford,Female,All ages,80.61,80.12,81.1,2020
15647,Bradford,Female,All ages,81.2,80.65,81.74,2021
15949,Bradford,Female,All ages,81.54,81.02,82.06,2022
