,Area Name,Sex,Age,Value,Lower CI 95.0 limit,Upper CI 95.0 limit,Time period Sortable
9619,Southwark,Female,All ages,79.7635,78.87238,80.65462,2001
9921,Southwark,Female,All ages,79.73715,78.86541,80.60889,2002
10223,Southwark,Female,All ages,80.316,79.47965,81.15236,2003
10525,Southwark,Female,All ages,80.48071,79.60356,81.35786,2004
10827,Southwark,Female,All ages,80.94714,80.0714,81.82289,2005
11129,Southwark,Female,All ages,81.73452,80.79175,82.67729,2006
11431,Southwark,Female,All ages,80.93946,79.98995,81.88898,2007
11733,Southwark,Female,All ages,81.54916,80.66473,82.4336,2008
12035,Southwark,Female,All ages,82.40987,81.51742,83.30231,2009
12337,Southwark,Female,All ages,82.00743,81.1614,82.85347,2010
12635,Southwark,Female,All ages,82.65726,81.73321,83.5813,2011
12941,Southwark,Female,All ages,83.7,82.78,84.62,2012
13247,Southwark,Female,All ages,83.8,82.89,84.7,2013
13553,Southwark,Female,All ages,83.01,82.17,83.85,2014
13859,Southwark,Female,All ages,83.48,82.63,84.33,2015
14165,Southwark,Female,All ages,83.76,82.9,84.62,2016
14471,Southwark,Female,All ages,84.64,83.71,85.57,2017
14773,Southwark,Female,All ages,83.95,83.13,84.77,2018
15075,Southwark,Female,All ages,84.4,83.51,85.28,2019
15377,Southwark,Female,All ages,82.18,81.41,82.94,2020
15679,Southwark,Female,All ages,83.3,82.5,84.09,2021
15981,Southwark,Female,All ages,84.29,83.5,85.09,2022
