,Area Name,Sex,Age,Value,Lower CI 95.0 limit,Upper CI 95.0 limit,Time period Sortable
9469,Richmond upon Thames,Male,All ages,77.90335,76.95957,78.84713,2001
9771,Richmond upon Thames,Male,All ages,78.44393,77.4787,79.40915,2002
10073,Richmond upon Thames,Male,All ages,78.80017,77.93587,79.66447,2003
10375,Richmond upon Thames,Male,All ages,78.78688,77.93029,79.64347,2004
10677,Richmond upon Thames,Male,All ages,80.10665,79.17641,81.03689,2005
10979,Richmond upon Thames,Male,All ages,79.60748,78.70737,80.50758,2006
11281,Richmond upon Thames,Male,All ages,80.21559,79.27792,81.15326,2007
11583,Richmond upon Thames,Male,All ages,80.84473,79.94095,81.74851,2008
11885,Richmond upon Thames,Male,All ages,81.33044,80.31262,82.34826,2009
12187,Richmond upon Thames,Male,All ages,81.15161,80.24286,82.06037,2010
12487,Richmond upon Thames,Male,All ages,81.60631,80.68579,82.52682,2011
12789,Richmond upon Thames,Male,All ages,81.74,80.83,82.64,2012
13095,Richmond upon Thames,Male,All ages,81.79,80.87,82.71,2013
13401,Richmond upon Thames,Male,All ages,82.95,81.9,84.0,2014
13707,Richmond upon Thames,Male,All ages,81.43,80.6,82.25,2015
14013,Richmond upon Thames,Male,All ages,82.28,81.42,83.14,2016
14319,Richmond upon Thames,Male,All ages,82.89,82.03,83.75,2017
14623,Richmond upon Thames,Male,All ages,81.91,80.99,82.83,2018
14925,Richmond upon Thames,Male,All ages,82.38,81.45,83.31,2019
15227,Richmond upon Thames,Male,All ages,81.81,80.94,82.67,2020
15529,Richmond upon Thames,Male,All ages,82.71,81.89,83.54,2021
15831,Richmond upon Thames,Male,All ages,82.54,81.71,83.37,2022
