,Area Name,Sex,Age,Value,Lower CI 95.0 limit,Upper CI 95.0 limit,Time period Sortable
9641,Suffolk,Female,All ages,81.75604,81.33335,82.17874,2001
9943,Suffolk,Female,All ages,81.99411,81.58779,82.40043,2002
10245,Suffolk,Female,All ages,81.62704,81.20812,82.04595,2003
10547,Suffolk,Female,All ages,82.37841,81.95716,82.79967,2004
10849,Suffolk,Female,All ages,82.38347,81.98064,82.7863,2005
11151,Suffolk,Female,All ages,83.43863,83.03958,83.83768,2006
11453,Suffolk,Female,All ages,83.30101,82.88282,83.7192,2007
11755,Suffolk,Female,All ages,83.1416,82.74963,83.53357,2008
12057,Suffolk,Female,All ages,83.51098,83.10888,83.91307,2009
12359,Suffolk,Female,All ages,83.68466,83.28897,84.08036,2010
12657,Suffolk,Female,All ages,84.14974,83.74233,84.55714,2011
12963,Suffolk,Female,All ages,83.88,83.48,84.28,2012
13269,Suffolk,Female,All ages,83.78,83.37,84.19,2013
13575,Suffolk,Female,All ages,84.49,84.08,84.89,2014
13881,Suffolk,Female,All ages,83.91,83.54,84.28,2015
14187,Suffolk,Female,All ages,84.06,83.66,84.46,2016
14493,Suffolk,Female,All ages,84.1,83.72,84.47,2017
14795,Suffolk,Female,All ages,84.03,83.65,84.41,2018
15097,Suffolk,Female,All ages,84.19,83.79,84.58,2019
15399,Suffolk,Female,All ages,83.72,83.33,84.1,2020
15701,Suffolk,Female,All ages,84.14,83.74,84.53,2021
16003,Suffolk,Female,All ages,83.74,83.33,84.15,2022
