,Area Name,Sex,Age,Value,Lower CI 95.0 limit,Upper CI 95.0 limit,Time period Sortable
9496,Worcestershire,Male,All ages,76.77417,76.26794,77.28041,2001
9798,Worcestershire,Male,All ages,77.61079,77.12129,78.10029,2002
10100,Worcestershire,Male,All ages,76.81043,76.28312,77.33774,2003
10402,Worcestershire,Male,All ages,77.83093,77.31266,78.3492,2004
10704,Worcestershire,Male,All ages,77.72469,77.21652,78.23286,2005
11006,Worcestershire,Male,All ages,78.56807,78.06069,79.07546,2006
11308,Worcestershire,Male,All ages,78.38518,77.86163,78.90872,2007
11610,Worcestershire,Male,All ages,78.64984,78.16447,79.13521,2008
11912,Worcestershire,Male,All ages,78.98909,78.48435,79.49384,2009
12214,Worcestershire,Male,All ages,79.40197,78.90962,79.89433,2010
12514,Worcestershire,Male,All ages,80.20123,79.72686,80.6756,2011
12816,Worcestershire,Male,All ages,79.46,78.96,79.96,2012
13122,Worcestershire,Male,All ages,79.34,78.84,79.84,2013
13428,Worcestershire,Male,All ages,79.97,79.49,80.46,2014
13734,Worcestershire,Male,All ages,79.88,79.4,80.37,2015
14040,Worcestershire,Male,All ages,80.06,79.58,80.54,2016
14346,Worcestershire,Male,All ages,79.82,79.36,80.29,2017
14650,Worcestershire,Male,All ages,80.13,79.64,80.61,2018
14952,Worcestershire,Male,All ages,80.33,79.83,80.83,2019
15254,Worcestershire,Male,All ages,79.55,79.09,80.02,2020
15556,Worcestershire,Male,All ages,79.12,78.64,79.61,2021
15858,Worcestershire,Male,All ages,79.86,79.38,80.34,2022
