,Area Name,Sex,Age,Value,Lower CI 95.0 limit,Upper CI 95.0 limit,Time period Sortable
9451,Ealing,Male,All ages,75.98681,75.24423,76.72939,2001
9753,Ealing,Male,All ages,76.03197,75.23641,76.82754,2002
10055,Ealing,Male,All ages,75.84959,75.13283,76.56635,2003
10357,Ealing,Male,All ages,77.18941,76.43659,77.94223,2004
10659,Ealing,Male,All ages,77.40728,76.66817,78.14638,2005
10961,Ealing,Male,All ages,77.73434,76.94098,78.5277,2006
11263,Ealing,Male,All ages,78.47614,77.6568,79.29549,2007
11565,Ealing,Male,All ages,78.83292,78.05647,79.60938,2008
11867,Ealing,Male,All ages,78.29323,77.55744,79.02902,2009
12169,Ealing,Male,All ages,78.1939,77.42401,78.96379,2010
12469,Ealing,Male,All ages,79.11633,78.32969,79.90297,2011
12771,Ealing,Male,All ages,79.75,79.03,80.46,2012
13077,Ealing,Male,All ages,80.38,79.66,81.11,2013
13383,Ealing,Male,All ages,80.96,80.19,81.72,2014
13689,Ealing,Male,All ages,80.7,79.98,81.43,2015
13995,Ealing,Male,All ages,80.23,79.53,80.93,2016
14301,Ealing,Male,All ages,81.32,80.63,82.0,2017
14605,Ealing,Male,All ages,80.03,79.32,80.74,2018
14907,Ealing,Male,All ages,81.09,80.38,81.8,2019
15209,Ealing,Male,All ages,78.14,77.5,78.78,2020
15511,Ealing,Male,All ages,78.31,77.65,78.97,2021
15813,Ealing,Male,All ages,80.3,79.61,80.98,2022
