,Area Name,Sex,Age,Value,Lower CI 95.0 limit,Upper CI 95.0 limit,Time period Sortable
9364,Rutland,Male,All ages,79.13874,77.24643,81.03106,2001
9666,Rutland,Male,All ages,80.04214,78.24473,81.83955,2002
9968,Rutland,Male,All ages,78.41118,76.41069,80.41166,2003
10270,Rutland,Male,All ages,80.75928,77.98258,83.53599,2004
10572,Rutland,Male,All ages,79.69682,77.63133,81.76232,2005
10874,Rutland,Male,All ages,81.2346,78.99338,83.47582,2006
11176,Rutland,Male,All ages,79.36105,77.41684,81.30525,2007
11478,Rutland,Male,All ages,78.73814,76.17394,81.30234,2008
11780,Rutland,Male,All ages,82.0569,80.40786,83.70593,2009
12082,Rutland,Male,All ages,81.6024,79.63834,83.56645,2010
12384,Rutland,Male,All ages,81.30458,79.53765,83.07152,2011
12682,Rutland,Male,All ages,79.61,77.4,81.81,2012
12988,Rutland,Male,All ages,82.28,80.52,84.03,2013
13294,Rutland,Male,All ages,82.26,80.27,84.25,2014
13600,Rutland,Male,All ages,80.92,78.71,83.14,2015
13906,Rutland,Male,All ages,83.29,81.78,84.8,2016
14212,Rutland,Male,All ages,82.9,81.36,84.43,2017
14518,Rutland,Male,All ages,82.15,80.72,83.59,2018
14820,Rutland,Male,All ages,83.93,82.31,85.55,2019
15122,Rutland,Male,All ages,83.32,81.59,85.05,2020
15424,Rutland,Male,All ages,82.88,81.41,84.36,2021
15726,Rutland,Male,All ages,80.3,78.04,82.56,2022
