,Area Name,Sex,Age,Value,Lower CI 95.0 limit,Upper CI 95.0 limit,Time period Sortable
9523,Torbay,Female,All ages,80.54449,79.5329,81.55608,2001
9825,Torbay,Female,All ages,81.938,81.02299,82.85302,2002
10127,Torbay,Female,All ages,80.59006,79.59826,81.58186,2003
10429,Torbay,Female,All ages,82.49952,81.52823,83.47082,2004
10731,Torbay,Female,All ages,82.18734,81.20033,83.17435,2005
11033,Torbay,Female,All ages,83.4129,82.51111,84.31469,2006
11335,Torbay,Female,All ages,80.97482,79.96033,81.9893,2007
11637,Torbay,Female,All ages,82.32325,81.34433,83.30216,2008
11939,Torbay,Female,All ages,81.97548,80.91631,83.03466,2009
12241,Torbay,Female,All ages,82.24491,81.31216,83.17766,2010
12541,Torbay,Female,All ages,82.10109,81.11192,83.09027,2011
12843,Torbay,Female,All ages,82.84,81.91,83.77,2012
13149,Torbay,Female,All ages,83.42,82.52,84.31,2013
13455,Torbay,Female,All ages,82.96,81.96,83.95,2014
13761,Torbay,Female,All ages,83.52,82.78,84.26,2015
14067,Torbay,Female,All ages,81.6,80.59,82.61,2016
14373,Torbay,Female,All ages,83.22,82.37,84.08,2017
14677,Torbay,Female,All ages,82.3,81.28,83.32,2018
14979,Torbay,Female,All ages,82.67,81.72,83.61,2019
15281,Torbay,Female,All ages,82.7,81.79,83.61,2020
15583,Torbay,Female,All ages,83.08,82.18,83.98,2021
15885,Torbay,Female,All ages,83.04,82.13,83.94,2022
