,Area Name,Sex,Age,Value,Lower CI 95.0 limit,Upper CI 95.0 limit,Time period Sortable
9446,Bexley,Male,All ages,76.83075,76.0261,77.63541,2001
9748,Bexley,Male,All ages,76.68622,75.85487,77.51757,2002
10050,Bexley,Male,All ages,77.72294,76.8833,78.56259,2003
10352,Bexley,Male,All ages,78.32513,77.48756,79.16269,2004
10654,Bexley,Male,All ages,78.51378,77.70698,79.32058,2005
10956,Bexley,Male,All ages,78.4412,77.63593,79.24647,2006
11258,Bexley,Male,All ages,78.90674,78.10646,79.70701,2007
11560,Bexley,Male,All ages,79.44179,78.68812,80.19546,2008
11862,Bexley,Male,All ages,79.25225,78.45741,80.04709,2009
12164,Bexley,Male,All ages,80.39456,79.60478,81.18435,2010
12464,Bexley,Male,All ages,79.87936,79.10466,80.65405,2011
12766,Bexley,Male,All ages,80.14,79.38,80.9,2012
13072,Bexley,Male,All ages,80.34,79.55,81.12,2013
13378,Bexley,Male,All ages,80.37,79.63,81.12,2014
13684,Bexley,Male,All ages,79.51,78.77,80.25,2015
13990,Bexley,Male,All ages,80.3,79.55,81.05,2016
14296,Bexley,Male,All ages,80.16,79.42,80.89,2017
14600,Bexley,Male,All ages,79.61,78.86,80.37,2018
14902,Bexley,Male,All ages,80.45,79.69,81.21,2019
15204,Bexley,Male,All ages,79.48,78.74,80.22,2020
15506,Bexley,Male,All ages,79.01,78.24,79.78,2021
15808,Bexley,Male,All ages,80.56,79.81,81.31,2022
