,Area Name,Sex,Age,Value,Lower CI 95.0 limit,Upper CI 95.0 limit,Time period Sortable
9486,Leicestershire,Male,All ages,78.0569,77.59314,78.52065,2001
9788,Leicestershire,Male,All ages,77.9975,77.52991,78.46509,2002
10090,Leicestershire,Male,All ages,77.47962,77.00073,77.9585,2003
10392,Leicestershire,Male,All ages,78.0861,77.63346,78.53873,2004
10694,Leicestershire,Male,All ages,78.52012,78.05502,78.98522,2005
10996,Leicestershire,Male,All ages,78.6612,78.20161,79.12079,2006
11298,Leicestershire,Male,All ages,79.38074,78.90542,79.85607,2007
11600,Leicestershire,Male,All ages,79.13874,78.67966,79.59781,2008
11902,Leicestershire,Male,All ages,79.49454,79.02126,79.96783,2009
12204,Leicestershire,Male,All ages,79.43272,78.97069,79.89475,2010
12504,Leicestershire,Male,All ages,80.03564,79.57733,80.49395,2011
12806,Leicestershire,Male,All ages,80.3,79.84,80.76,2012
13112,Leicestershire,Male,All ages,79.93,79.46,80.4,2013
13418,Leicestershire,Male,All ages,80.77,80.33,81.21,2014
13724,Leicestershire,Male,All ages,80.84,80.39,81.28,2015
14030,Leicestershire,Male,All ages,80.54,80.09,80.99,2016
14336,Leicestershire,Male,All ages,81.05,80.62,81.47,2017
14640,Leicestershire,Male,All ages,80.62,80.19,81.05,2018
14942,Leicestershire,Male,All ages,81.02,80.59,81.46,2019
15244,Leicestershire,Male,All ages,79.89,79.49,80.28,2020
15546,Leicestershire,Male,All ages,79.72,79.26,80.18,2021
15848,Leicestershire,Male,All ages,80.37,79.95,80.8,2022
