,Area Name,Sex,Age,Value,Lower CI 95.0 limit,Upper CI 95.0 limit,Time period Sortable
9504,Blackburn with Darwen,Female,All ages,77.29772,76.1685,78.42694,2001
9806,Blackburn with Darwen,Female,All ages,78.23086,77.21569,79.24603,2002
10108,Blackburn with Darwen,Female,All ages,77.59346,76.56718,78.61974,2003
10410,Blackburn with Darwen,Female,All ages,79.12338,78.14197,80.1048,2004
10712,Blackburn with Darwen,Female,All ages,78.99542,77.97888,80.01196,2005
11014,Blackburn with Darwen,Female,All ages,79.85646,78.86734,80.84558,2006
11316,Blackburn with Darwen,Female,All ages,79.32572,78.39242,80.25902,2007
11618,Blackburn with Darwen,Female,All ages,79.81499,78.84065,80.78933,2008
11920,Blackburn with Darwen,Female,All ages,79.67092,78.68258,80.65926,2009
12222,Blackburn with Darwen,Female,All ages,80.19204,79.20153,81.18255,2010
12522,Blackburn with Darwen,Female,All ages,81.40418,80.44529,82.36308,2011
12824,Blackburn with Darwen,Female,All ages,80.88,79.94,81.82,2012
13130,Blackburn with Darwen,Female,All ages,81.35,80.38,82.32,2013
13436,Blackburn with Darwen,Female,All ages,81.33,80.37,82.29,2014
13742,Blackburn with Darwen,Female,All ages,80.1,79.13,81.06,2015
14048,Blackburn with Darwen,Female,All ages,80.72,79.82,81.62,2016
14354,Blackburn with Darwen,Female,All ages,80.07,79.05,81.09,2017
14658,Blackburn with Darwen,Female,All ages,80.93,79.98,81.88,2018
14960,Blackburn with Darwen,Female,All ages,80.99,80.05,81.92,2019
15262,Blackburn with Darwen,Female,All ages,80.03,79.1,80.96,2020
15564,Blackburn with Darwen,Female,All ages,79.83,78.83,80.82,2021
15866,Blackburn with Darwen,Female,All ages,80.28,79.37,81.19,2022
