,Area Name,Sex,Age,Value,Lower CI 95.0 limit,Upper CI 95.0 limit,Time period Sortable
9356,Blackpool,Male,All ages,71.4424,70.31737,72.56743,2001
9658,Blackpool,Male,All ages,71.99074,70.88715,73.09433,2002
9960,Blackpool,Male,All ages,72.67701,71.55109,73.80293,2003
10262,Blackpool,Male,All ages,73.95776,72.91198,75.00354,2004
10564,Blackpool,Male,All ages,72.93152,71.8529,74.01014,2005
10866,Blackpool,Male,All ages,73.19911,72.07443,74.32379,2006
11168,Blackpool,Male,All ages,73.44253,72.31627,74.56878,2007
11470,Blackpool,Male,All ages,74.10101,73.08926,75.11276,2008
11772,Blackpool,Male,All ages,73.62127,72.54605,74.6965,2009
12074,Blackpool,Male,All ages,73.46086,72.40407,74.51765,2010
12376,Blackpool,Male,All ages,74.07388,73.01497,75.1328,2011
12674,Blackpool,Male,All ages,74.31,73.23,75.39,2012
12980,Blackpool,Male,All ages,74.63,73.6,75.66,2013
13286,Blackpool,Male,All ages,75.25,74.2,76.31,2014
13592,Blackpool,Male,All ages,73.42,72.37,74.48,2015
13898,Blackpool,Male,All ages,74.69,73.64,75.73,2016
14204,Blackpool,Male,All ages,75.04,73.96,76.12,2017
14510,Blackpool,Male,All ages,74.46,73.39,75.53,2018
14812,Blackpool,Male,All ages,74.64,73.55,75.73,2019
15114,Blackpool,Male,All ages,74.2,73.23,75.17,2020
15416,Blackpool,Male,All ages,72.27,71.11,73.43,2021
15718,Blackpool,Male,All ages,73.79,72.68,74.9,2022
