,Area Name,Sex,Age,Value,Lower CI 95.0 limit,Upper CI 95.0 limit,Time period Sortable
9538,Portsmouth,Female,All ages,79.45048,78.51904,80.38192,2001
9840,Portsmouth,Female,All ages,80.3969,79.5152,81.27861,2002
10142,Portsmouth,Female,All ages,79.64932,78.80264,80.49599,2003
10444,Portsmouth,Female,All ages,81.11837,80.30404,81.9327,2004
10746,Portsmouth,Female,All ages,81.71843,80.88654,82.55032,2005
11048,Portsmouth,Female,All ages,81.34616,80.46934,82.22299,2006
11350,Portsmouth,Female,All ages,81.78113,80.91487,82.64739,2007
11652,Portsmouth,Female,All ages,81.80058,80.94881,82.65236,2008
11954,Portsmouth,Female,All ages,82.50754,81.64723,83.36785,2009
12256,Portsmouth,Female,All ages,83.28143,82.46023,84.10263,2010
12556,Portsmouth,Female,All ages,82.07761,81.25822,82.897,2011
12858,Portsmouth,Female,All ages,82.19,81.34,83.03,2012
13164,Portsmouth,Female,All ages,82.21,81.43,82.99,2013
13470,Portsmouth,Female,All ages,82.19,81.34,83.04,2014
13776,Portsmouth,Female,All ages,82.39,81.57,83.2,2015
14082,Portsmouth,Female,All ages,82.38,81.54,83.22,2016
14388,Portsmouth,Female,All ages,82.06,81.24,82.87,2017
14692,Portsmouth,Female,All ages,81.84,81.05,82.63,2018
14994,Portsmouth,Female,All ages,82.19,81.4,82.98,2019
15296,Portsmouth,Female,All ages,83.51,82.75,84.27,2020
15598,Portsmouth,Female,All ages,81.64,80.82,82.46,2021
15900,Portsmouth,Female,All ages,81.93,81.1,82.76,2022
