,Area Name,Sex,Age,Value,Lower CI 95.0 limit,Upper CI 95.0 limit,Time period Sortable
9472,Tower Hamlets,Male,All ages,72.3929,71.43699,73.34881,2001
9774,Tower Hamlets,Male,All ages,72.60179,71.62757,73.57601,2002
10076,Tower Hamlets,Male,All ages,73.62493,72.64366,74.60621,2003
10378,Tower Hamlets,Male,All ages,75.09773,73.93886,76.2566,2004
10680,Tower Hamlets,Male,All ages,75.36345,74.3908,76.3361,2005
10982,Tower Hamlets,Male,All ages,74.30569,73.31903,75.29235,2006
11284,Tower Hamlets,Male,All ages,75.1427,74.08793,76.19747,2007
11586,Tower Hamlets,Male,All ages,75.09237,74.06282,76.12192,2008
11888,Tower Hamlets,Male,All ages,76.18034,75.1155,77.24517,2009
12190,Tower Hamlets,Male,All ages,76.88905,75.87884,77.89926,2010
12490,Tower Hamlets,Male,All ages,76.75178,75.70984,77.79372,2011
12792,Tower Hamlets,Male,All ages,77.07,76.12,78.02,2012
13098,Tower Hamlets,Male,All ages,77.96,77.01,78.92,2013
13404,Tower Hamlets,Male,All ages,77.61,76.63,78.6,2014
13710,Tower Hamlets,Male,All ages,77.35,76.44,78.25,2015
14016,Tower Hamlets,Male,All ages,77.94,77.02,78.86,2016
14322,Tower Hamlets,Male,All ages,77.84,76.92,78.76,2017
14626,Tower Hamlets,Male,All ages,77.62,76.75,78.49,2018
14928,Tower Hamlets,Male,All ages,80.19,79.26,81.11,2019
15230,Tower Hamlets,Male,All ages,76.05,75.26,76.84,2020
15532,Tower Hamlets,Male,All ages,77.1,76.3,77.91,2021
15834,Tower Hamlets,Male,All ages,78.0,77.16,78.84,2022
