,Area Name,Sex,Age,Value,Lower CI 95.0 limit,Upper CI 95.0 limit,Time period Sortable
9400,Northumberland,Male,All ages,76.03595,75.38277,76.68912,2001
9702,Northumberland,Male,All ages,75.85187,75.17668,76.52705,2002
10004,Northumberland,Male,All ages,75.81958,75.1368,76.50235,2003
10306,Northumberland,Male,All ages,76.35723,75.70331,77.01114,2004
10608,Northumberland,Male,All ages,77.60682,76.95015,78.26348,2005
10910,Northumberland,Male,All ages,77.64907,76.94909,78.34904,2006
11212,Northumberland,Male,All ages,77.44296,76.73972,78.14621,2007
11514,Northumberland,Male,All ages,78.45027,77.82411,79.07644,2008
11816,Northumberland,Male,All ages,79.16674,78.48157,79.85191,2009
12118,Northumberland,Male,All ages,78.02174,77.30739,78.73608,2010
12420,Northumberland,Male,All ages,78.6613,77.94299,79.37962,2011
12718,Northumberland,Male,All ages,79.41,78.77,80.04,2012
13024,Northumberland,Male,All ages,79.21,78.55,79.86,2013
13330,Northumberland,Male,All ages,79.14,78.47,79.82,2014
13636,Northumberland,Male,All ages,79.14,78.46,79.81,2015
13942,Northumberland,Male,All ages,79.01,78.34,79.67,2016
14248,Northumberland,Male,All ages,79.73,79.08,80.39,2017
14554,Northumberland,Male,All ages,78.97,78.28,79.65,2018
14856,Northumberland,Male,All ages,79.17,78.45,79.88,2019
15158,Northumberland,Male,All ages,79.09,78.44,79.74,2020
15460,Northumberland,Male,All ages,78.44,77.75,79.13,2021
15762,Northumberland,Male,All ages,78.84,78.15,79.54,2022
