,Area Name,Sex,Age,Value,Lower CI 95.0 limit,Upper CI 95.0 limit,Time period Sortable
9354,Warrington,Male,All ages,75.71295,74.88163,76.54428,2001
9656,Warrington,Male,All ages,75.59805,74.77417,76.42192,2002
9958,Warrington,Male,All ages,75.65316,74.75393,76.55239,2003
10260,Warrington,Male,All ages,76.01486,75.16056,76.86916,2004
10562,Warrington,Male,All ages,76.06145,75.17392,76.94897,2005
10864,Warrington,Male,All ages,76.25774,75.4102,77.10528,2006
11166,Warrington,Male,All ages,76.47717,75.66977,77.28457,2007
11468,Warrington,Male,All ages,77.33817,76.532,78.14434,2008
11770,Warrington,Male,All ages,78.51498,77.62773,79.40223,2009
12072,Warrington,Male,All ages,77.56497,76.7542,78.37575,2010
12374,Warrington,Male,All ages,77.95145,77.07277,78.83012,2011
12672,Warrington,Male,All ages,78.68,77.89,79.47,2012
12978,Warrington,Male,All ages,78.15,77.33,78.97,2013
13284,Warrington,Male,All ages,78.87,78.09,79.66,2014
13590,Warrington,Male,All ages,78.59,77.82,79.35,2015
13896,Warrington,Male,All ages,79.43,78.63,80.22,2016
14202,Warrington,Male,All ages,78.93,78.13,79.73,2017
14508,Warrington,Male,All ages,79.47,78.74,80.2,2018
14810,Warrington,Male,All ages,78.83,78.02,79.63,2019
15112,Warrington,Male,All ages,78.56,77.79,79.32,2020
15414,Warrington,Male,All ages,78.29,77.5,79.08,2021
15716,Warrington,Male,All ages,78.94,78.1,79.79,2022
