,Area Name,Sex,Age,Value,Lower CI 95.0 limit,Upper CI 95.0 limit,Time period Sortable
9498,Middlesbrough,Female,All ages,78.47508,77.46638,79.48378,2001
9800,Middlesbrough,Female,All ages,77.2239,76.11496,78.33284,2002
10102,Middlesbrough,Female,All ages,78.5619,77.517,79.6068,2003
10404,Middlesbrough,Female,All ages,78.02032,77.02046,79.02018,2004
10706,Middlesbrough,Female,All ages,79.32281,78.31102,80.3346,2005
11008,Middlesbrough,Female,All ages,79.80487,78.79867,80.81106,2006
11310,Middlesbrough,Female,All ages,79.17421,78.2275,80.12093,2007
11612,Middlesbrough,Female,All ages,79.75774,78.85548,80.66001,2008
11914,Middlesbrough,Female,All ages,79.6245,78.64868,80.60033,2009
12216,Middlesbrough,Female,All ages,80.36205,79.4057,81.3184,2010
12516,Middlesbrough,Female,All ages,80.18378,79.18024,81.18732,2011
12818,Middlesbrough,Female,All ages,79.99,79.1,80.89,2012
13124,Middlesbrough,Female,All ages,80.12,79.13,81.12,2013
13430,Middlesbrough,Female,All ages,79.49,78.48,80.49,2014
13736,Middlesbrough,Female,All ages,79.96,79.03,80.9,2015
14042,Middlesbrough,Female,All ages,79.55,78.57,80.54,2016
14348,Middlesbrough,Female,All ages,80.42,79.5,81.35,2017
14652,Middlesbrough,Female,All ages,80.5,79.53,81.48,2018
14954,Middlesbrough,Female,All ages,80.54,79.54,81.55,2019
15256,Middlesbrough,Female,All ages,79.27,78.35,80.19,2020
15558,Middlesbrough,Female,All ages,79.09,78.13,80.06,2021
15860,Middlesbrough,Female,All ages,80.15,79.14,81.17,2022
