,Area Name,Sex,Age,Value,Lower CI 95.0 limit,Upper CI 95.0 limit,Time period Sortable
9571,Wirral,Female,All ages,80.15075,79.56171,80.73978,2001
9873,Wirral,Female,All ages,80.10756,79.50961,80.70552,2002
10175,Wirral,Female,All ages,79.73337,79.09257,80.37417,2003
10477,Wirral,Female,All ages,80.71159,80.09559,81.3276,2004
10779,Wirral,Female,All ages,80.35894,79.71468,81.00321,2005
11081,Wirral,Female,All ages,81.15689,80.53426,81.77951,2006
11383,Wirral,Female,All ages,81.12049,80.47757,81.7634,2007
11685,Wirral,Female,All ages,80.53271,79.89075,81.17467,2008
11987,Wirral,Female,All ages,81.08605,80.44645,81.72566,2009
12289,Wirral,Female,All ages,80.95999,80.32165,81.59833,2010
12587,Wirral,Female,All ages,82.61691,82.04111,83.19271,2011
12893,Wirral,Female,All ages,81.84,81.23,82.44,2012
13199,Wirral,Female,All ages,82.26,81.66,82.86,2013
13505,Wirral,Female,All ages,82.14,81.54,82.74,2014
13811,Wirral,Female,All ages,81.21,80.59,81.82,2015
14117,Wirral,Female,All ages,81.43,80.78,82.08,2016
14423,Wirral,Female,All ages,82.51,81.9,83.12,2017
14725,Wirral,Female,All ages,81.93,81.32,82.54,2018
15027,Wirral,Female,All ages,82.05,81.44,82.66,2019
15329,Wirral,Female,All ages,80.5,79.88,81.12,2020
15631,Wirral,Female,All ages,81.96,81.36,82.55,2021
15933,Wirral,Female,All ages,82.11,81.48,82.73,2022
