,Area Name,Sex,Age,Value,Lower CI 95.0 limit,Upper CI 95.0 limit,Time period Sortable
9585,Walsall,Female,All ages,80.42655,79.75332,81.09979,2001
9887,Walsall,Female,All ages,80.32449,79.5875,81.06147,2002
10189,Walsall,Female,All ages,80.28626,79.57925,80.99327,2003
10491,Walsall,Female,All ages,80.38904,79.61336,81.16472,2004
10793,Walsall,Female,All ages,81.24831,80.51546,81.98115,2005
11095,Walsall,Female,All ages,80.45194,79.74525,81.15863,2006
11397,Walsall,Female,All ages,81.75687,81.00754,82.5062,2007
11699,Walsall,Female,All ages,81.10514,80.3996,81.81068,2008
12001,Walsall,Female,All ages,82.0461,81.32205,82.77014,2009
12303,Walsall,Female,All ages,81.88268,81.14801,82.61735,2010
12601,Walsall,Female,All ages,82.43008,81.72847,83.13169,2011
12907,Walsall,Female,All ages,82.1,81.38,82.82,2012
13213,Walsall,Female,All ages,83.18,82.49,83.86,2013
13519,Walsall,Female,All ages,81.79,81.07,82.52,2014
13825,Walsall,Female,All ages,81.92,81.25,82.58,2015
14131,Walsall,Female,All ages,82.1,81.41,82.8,2016
14437,Walsall,Female,All ages,81.69,81.0,82.38,2017
14739,Walsall,Female,All ages,82.09,81.36,82.82,2018
15041,Walsall,Female,All ages,81.93,81.27,82.59,2019
15343,Walsall,Female,All ages,80.91,80.25,81.57,2020
15645,Walsall,Female,All ages,81.19,80.51,81.87,2021
15947,Walsall,Female,All ages,81.65,80.97,82.32,2022
