,Area Name,Sex,Age,Value,Lower CI 95.0 limit,Upper CI 95.0 limit,Time period Sortable
9385,Windsor and Maidenhead,Male,All ages,76.37543,75.32633,77.42452,2001
9687,Windsor and Maidenhead,Male,All ages,77.71854,76.70361,78.73346,2002
9989,Windsor and Maidenhead,Male,All ages,78.23986,77.27897,79.20074,2003
10291,Windsor and Maidenhead,Male,All ages,78.03435,77.09967,78.96903,2004
10593,Windsor and Maidenhead,Male,All ages,78.82841,77.82492,79.83189,2005
10895,Windsor and Maidenhead,Male,All ages,79.11892,78.1672,80.07065,2006
11197,Windsor and Maidenhead,Male,All ages,79.75089,78.72533,80.77646,2007
11499,Windsor and Maidenhead,Male,All ages,79.40039,78.45805,80.34272,2008
11801,Windsor and Maidenhead,Male,All ages,79.58752,78.64865,80.52638,2009
12103,Windsor and Maidenhead,Male,All ages,81.04518,80.0869,82.00346,2010
12405,Windsor and Maidenhead,Male,All ages,80.9162,79.9038,81.9286,2011
12703,Windsor and Maidenhead,Male,All ages,80.61,79.63,81.59,2012
13009,Windsor and Maidenhead,Male,All ages,80.33,79.35,81.31,2013
13315,Windsor and Maidenhead,Male,All ages,81.26,80.35,82.17,2014
13621,Windsor and Maidenhead,Male,All ages,81.76,80.83,82.69,2015
13927,Windsor and Maidenhead,Male,All ages,81.62,80.59,82.65,2016
14233,Windsor and Maidenhead,Male,All ages,80.88,79.91,81.86,2017
14539,Windsor and Maidenhead,Male,All ages,82.3,81.42,83.17,2018
14841,Windsor and Maidenhead,Male,All ages,81.43,80.47,82.39,2019
15143,Windsor and Maidenhead,Male,All ages,81.15,80.25,82.05,2020
15445,Windsor and Maidenhead,Male,All ages,80.7,79.68,81.71,2021
15747,Windsor and Maidenhead,Male,All ages,81.71,80.84,82.58,2022
