,Area Name,Sex,Age,Value,Lower CI 95.0 limit,Upper CI 95.0 limit,Time period Sortable
9474,Wandsworth,Male,All ages,75.01094,74.19183,75.83004,2001
9776,Wandsworth,Male,All ages,75.83886,75.04495,76.63277,2002
10078,Wandsworth,Male,All ages,76.02006,75.20185,76.83826,2003
10380,Wandsworth,Male,All ages,76.73466,75.90242,77.5669,2004
10682,Wandsworth,Male,All ages,76.00732,75.20026,76.81437,2005
10984,Wandsworth,Male,All ages,77.40828,76.60071,78.21585,2006
11286,Wandsworth,Male,All ages,77.49225,76.68361,78.30088,2007
11588,Wandsworth,Male,All ages,77.74758,76.95325,78.54192,2008
11890,Wandsworth,Male,All ages,78.30671,77.528,79.08542,2009
12192,Wandsworth,Male,All ages,78.71229,77.91809,79.5065,2010
12492,Wandsworth,Male,All ages,79.31567,78.49259,80.13875,2011
12794,Wandsworth,Male,All ages,79.18,78.41,79.95,2012
13100,Wandsworth,Male,All ages,79.15,78.37,79.93,2013
13406,Wandsworth,Male,All ages,79.95,79.17,80.74,2014
13712,Wandsworth,Male,All ages,79.99,79.25,80.73,2015
14018,Wandsworth,Male,All ages,79.96,79.17,80.75,2016
14324,Wandsworth,Male,All ages,80.31,79.56,81.07,2017
14628,Wandsworth,Male,All ages,80.69,79.89,81.5,2018
14930,Wandsworth,Male,All ages,80.22,79.43,81.02,2019
15232,Wandsworth,Male,All ages,78.49,77.8,79.19,2020
15534,Wandsworth,Male,All ages,79.71,78.97,80.44,2021
15836,Wandsworth,Male,All ages,81.31,80.54,82.08,2022
